"Species","coef","significant","significant2","ci.lower","ci.upper","chg_rad_inc_1SD_clim","variable","month"
"FRAM_dead",-0.15228563543004,FALSE,FALSE,-0.470356960510925,0.225718963693245,-0.0152681239278184,"Tmin","prev.apr"
"FRAM_dead",0.102611438622458,FALSE,FALSE,-0.119071392464395,0.309502309369864,0.0102878000073695,"Tmin","prev.may"
"FRAM_dead",-0.0756489828840326,FALSE,FALSE,-0.412113553816095,0.270565686839218,-0.00758455019362242,"Tmin","prev.jun"
"FRAM_dead",-0.168352107442746,FALSE,FALSE,-0.427232141143638,0.141485986564947,-0.0168789448373553,"Tmin","prev.jul"
"FRAM_dead",0.158821025649596,FALSE,FALSE,-0.270947469872473,0.57474167176077,0.0159233606972422,"Tmin","prev.aug"
"FRAM_dead",-0.387527696330043,TRUE,FALSE,-0.644024455803569,-0.0742756006409157,-0.0388534406171701,"Tmin","prev.sep"
"FRAM_dead",-0.0238891609597336,FALSE,FALSE,-0.359754375882343,0.336532787044999,-0.00239512196297973,"Tmin","prev.oct"
"FRAM_dead",0.116136008727409,FALSE,FALSE,-0.223083709016685,0.450082769901828,0.0116437703971552,"Tmin","prev.nov"
"FRAM_dead",0.12560376238129,FALSE,FALSE,-0.285372809363541,0.45066720535058,0.0125930052721144,"Tmin","prev.dec"
"FRAM_dead",0.0317766992924066,FALSE,FALSE,-0.235109680355751,0.308681478240665,0.00318592480139974,"Tmin","curr.jan"
"FRAM_dead",-0.135068325103899,FALSE,FALSE,-0.406268875378635,0.181390366564583,-0.0135419202250142,"Tmin","curr.feb"
"FRAM_dead",-0.100117261568861,FALSE,FALSE,-0.455465242221411,0.262738849884948,-0.0100377343708785,"Tmin","curr.mar"
"FRAM_dead",0.00716367581350009,FALSE,FALSE,-0.303792286471869,0.350516727268921,0.000718228543292134,"Tmin","curr.apr"
"FRAM_dead",-0.305966963920879,FALSE,FALSE,-0.575557771682793,0.11718852941855,-0.0306761797313998,"Tmin","curr.may"
"FRAM_dead",-0.210879550037208,FALSE,FALSE,-0.455381747911138,0.100701541044945,-0.0211427367704015,"Tmin","curr.jun"
"FRAM_dead",-0.210226751941949,FALSE,FALSE,-0.512139722694219,0.176451077829343,-0.021077287378605,"Tmin","curr.jul"
"FRAM_dead",0.158621860360359,FALSE,FALSE,-0.116870623213457,0.423060263664094,0.0159033924296535,"Tmin","curr.aug"
"FRAM_dead",-0.14864274667589,FALSE,FALSE,-0.433588765680885,0.181885997594415,-0.0149028887117946,"Tmean","prev.apr"
"FRAM_dead",0.240002383235881,FALSE,FALSE,-0.00806769153221824,0.465433765587188,0.0240625855476737,"Tmean","prev.may"
"FRAM_dead",-0.0629304174358309,FALSE,FALSE,-0.411402794260757,0.297357098351721,-0.00630938965140291,"Tmean","prev.jun"
"FRAM_dead",-0.124751367736359,FALSE,FALSE,-0.445412311203574,0.22652015092389,-0.0125075443746538,"Tmean","prev.jul"
"FRAM_dead",0.227025010521127,FALSE,FALSE,-0.174059582701626,0.578091774818469,0.022761477046489,"Tmean","prev.aug"
"FRAM_dead",-0.223129758447345,FALSE,FALSE,-0.501283135641652,0.0955253489691946,-0.0223709399401845,"Tmean","prev.sep"
"FRAM_dead",-0.119755007380755,FALSE,FALSE,-0.489174352342451,0.331271246719139,-0.0120066103969876,"Tmean","prev.oct"
"FRAM_dead",0.159462675104951,FALSE,FALSE,-0.230419895672151,0.498142154554757,0.0159876923288825,"Tmean","prev.nov"
"FRAM_dead",0.182333347842945,FALSE,FALSE,-0.234684886881706,0.509781437983739,0.0182807008893431,"Tmean","prev.dec"
"FRAM_dead",-0.00359726851518758,FALSE,FALSE,-0.283841959116072,0.300870857343556,-0.000360661341015024,"Tmean","curr.jan"
"FRAM_dead",-0.182911801127702,FALSE,FALSE,-0.449625920604244,0.191079305176599,-0.0183386964869789,"Tmean","curr.feb"
"FRAM_dead",-0.0939817613757946,FALSE,FALSE,-0.436869447893311,0.224049122419802,-0.00942259048654325,"Tmean","curr.mar"
"FRAM_dead",0.0373749610887826,FALSE,FALSE,-0.308707810006071,0.424351819320509,0.00374720528360718,"Tmean","curr.apr"
"FRAM_dead",-0.293007930498115,FALSE,FALSE,-0.577622005993553,0.151582133845091,-0.0293769099235498,"Tmean","curr.may"
"FRAM_dead",-0.166453612035809,FALSE,FALSE,-0.441936677621294,0.155562652960669,-0.0166886021102317,"Tmean","curr.jun"
"FRAM_dead",-0.135370677270052,FALSE,FALSE,-0.468459582597091,0.213016584442985,-0.0135722339859256,"Tmean","curr.jul"
"FRAM_dead",0.100817898296236,FALSE,FALSE,-0.207680325088662,0.390294420516683,0.0101079800532879,"Tmean","curr.aug"
"FRAM_dead",-0.111064128640907,FALSE,FALSE,-0.359716246857206,0.199293885028427,-0.0111352648280708,"Tmax","prev.apr"
"FRAM_dead",0.319657739613498,TRUE,FALSE,0.0251813091913255,0.580278185068226,0.0320488138564279,"Tmax","prev.may"
"FRAM_dead",-0.0346512146612332,FALSE,FALSE,-0.420423721682261,0.398828338206866,-0.00347412307275821,"Tmax","prev.jun"
"FRAM_dead",-0.0920108191397569,FALSE,FALSE,-0.384130811819849,0.26082331866134,-0.00922498425645191,"Tmax","prev.jul"
"FRAM_dead",0.268432911318391,FALSE,FALSE,-0.0737326920062491,0.56821641794657,0.026913023968023,"Tmax","prev.aug"
"FRAM_dead",-0.0530008024245312,FALSE,FALSE,-0.310310361810081,0.259643517512995,-0.00531384865950353,"Tmax","prev.sep"
"FRAM_dead",-0.192828360919228,FALSE,FALSE,-0.553082338767181,0.182950826207308,-0.0193329285654483,"Tmax","prev.oct"
"FRAM_dead",0.154199781553868,FALSE,FALSE,-0.228239067699654,0.539362283272316,0.0154600357923356,"Tmax","prev.nov"
"FRAM_dead",0.224501530741466,FALSE,FALSE,-0.200633717090527,0.560178394282085,0.0225084735252021,"Tmax","prev.dec"
"FRAM_dead",-0.029328194841446,FALSE,FALSE,-0.381279078016801,0.297873956256269,-0.00294043828988792,"Tmax","curr.jan"
"FRAM_dead",-0.202168586836866,FALSE,FALSE,-0.505787542730395,0.186349330024364,-0.0202693775379441,"Tmax","curr.feb"
"FRAM_dead",-0.0817606364588139,FALSE,FALSE,-0.384674528753461,0.253289128218987,-0.00819730322131375,"Tmax","curr.mar"
"FRAM_dead",0.0736090636218621,FALSE,FALSE,-0.308405049537327,0.468622306698947,0.00738002834223696,"Tmax","curr.apr"
"FRAM_dead",-0.243176542862101,FALSE,FALSE,-0.536527446000605,0.183645493817034,-0.0243808260856139,"Tmax","curr.may"
"FRAM_dead",-0.0955306886021849,FALSE,FALSE,-0.37460588315605,0.235972993444707,-0.00957788558565694,"Tmax","curr.jun"
"FRAM_dead",-0.0682687321369896,FALSE,FALSE,-0.419456870891825,0.300294369565024,-0.00684460789567671,"Tmax","curr.jul"
"FRAM_dead",0.0225627409242699,FALSE,FALSE,-0.299293651190348,0.366024493652264,0.00226213538532511,"Tmax","curr.aug"
"FRAM_dead",0.0945973462730894,FALSE,FALSE,-0.247847601506274,0.377741778380249,0.00948430889139115,"PPT","prev.apr"
"FRAM_dead",-0.211659220010382,FALSE,FALSE,-0.575497173030017,0.150792854131891,-0.0212209063084516,"PPT","prev.may"
"FRAM_dead",0.0043113115233605,FALSE,FALSE,-0.467019419864341,0.413668111773066,0.000432251134154671,"PPT","prev.jun"
"FRAM_dead",-0.304264671161092,FALSE,FALSE,-0.602157017401529,0.0384744669887082,-0.0305055082380283,"PPT","prev.jul"
"FRAM_dead",0.0167780369902734,FALSE,FALSE,-0.454633298805345,0.398169616741734,0.00168216225587934,"PPT","prev.aug"
"FRAM_dead",-0.0664061043682454,FALSE,FALSE,-0.407701784418162,0.230047969507473,-0.00665786124997849,"PPT","prev.sep"
"FRAM_dead",-0.138924289706047,FALSE,FALSE,-0.494333583448848,0.269055163892969,-0.0139285183781533,"PPT","prev.oct"
"FRAM_dead",0.102542809798718,FALSE,FALSE,-0.182755374662305,0.365424036525671,0.0102809192967697,"PPT","prev.nov"
"FRAM_dead",-0.455938653147893,TRUE,FALSE,-0.711936665493157,-0.131107688994308,-0.0457123079277079,"PPT","prev.dec"
"FRAM_dead",-0.30318579467035,FALSE,FALSE,-0.553303132062478,0.00100371167075317,-0.0303973403210942,"PPT","curr.jan"
"FRAM_dead",0.285690602204818,TRUE,FALSE,0.00610191769732861,0.520707952586002,0.0286432762168177,"PPT","curr.feb"
"FRAM_dead",0.0927345752019054,FALSE,FALSE,-0.210657053512283,0.416455090291195,0.0092975478782222,"PPT","curr.mar"
"FRAM_dead",-0.0998409071744926,FALSE,FALSE,-0.63821795862756,0.356219006046405,-0.0100100271407822,"PPT","curr.apr"
"FRAM_dead",0.102935336482497,FALSE,FALSE,-0.284094831059975,0.415515712209419,0.0103202739347563,"PPT","curr.may"
"FRAM_dead",-0.0922904011162752,FALSE,FALSE,-0.362578998326347,0.203815240481083,-0.00925301508321643,"PPT","curr.jun"
"FRAM_dead",0.0584454774773467,FALSE,FALSE,-0.320039032111337,0.398284843287178,0.00585973056897146,"PPT","curr.jul"
"FRAM_dead",0.227204075809893,FALSE,FALSE,-0.169437552040247,0.516290005754749,0.0227794300925023,"PPT","curr.aug"
"FRAM_live",-0.0264162669897822,FALSE,FALSE,-0.397646060940147,0.324516918749272,-0.00232259901070146,"Tmin","prev.apr"
"FRAM_live",-0.105831884522026,FALSE,FALSE,-0.394498798092626,0.17560189645055,-0.00930506306536824,"Tmin","prev.may"
"FRAM_live",-0.0847787840253545,FALSE,FALSE,-0.357093461389323,0.210162688654311,-0.00745401006061624,"Tmin","prev.jun"
"FRAM_live",-0.0768236578385711,FALSE,FALSE,-0.431528179203072,0.286454518752093,-0.00675457102865253,"Tmin","prev.jul"
"FRAM_live",-0.253557664883228,FALSE,FALSE,-0.618987639758694,0.185374967627981,-0.0222935656215675,"Tmin","prev.aug"
"FRAM_live",-0.356717857954767,TRUE,FALSE,-0.640373094113096,-0.0514296750072492,-0.031363725400934,"Tmin","prev.sep"
"FRAM_live",-0.377840831125834,TRUE,TRUE,-0.597927979134689,-0.109356052151521,-0.0332209218249848,"Tmin","prev.oct"
"FRAM_live",0.240472500639618,FALSE,FALSE,-0.0709398605669354,0.520093418032174,0.0211430779489971,"Tmin","prev.nov"
"FRAM_live",0.117143120327846,FALSE,FALSE,-0.179604733415389,0.359565621181479,0.0102995815225965,"Tmin","prev.dec"
"FRAM_live",-0.00525385794859743,FALSE,FALSE,-0.28906508501674,0.286000033781644,-0.000461935264301287,"Tmin","curr.jan"
"FRAM_live",-0.149784694665035,FALSE,FALSE,-0.433360131048207,0.188808712724606,-0.0131695286007594,"Tmin","curr.feb"
"FRAM_live",-0.0129475342944852,FALSE,FALSE,-0.445206312724449,0.358650614105244,-0.00113838682638339,"Tmin","curr.mar"
"FRAM_live",-0.421699210480858,TRUE,FALSE,-0.630458705406167,-0.133712662093428,-0.0370770847165982,"Tmin","curr.apr"
"FRAM_live",-0.222097280306841,FALSE,FALSE,-0.531432915100568,0.273348559315064,-0.0195274723608632,"Tmin","curr.may"
"FRAM_live",-0.282797151517135,FALSE,FALSE,-0.540019434211112,0.00581919557385348,-0.0248643907406352,"Tmin","curr.jun"
"FRAM_live",-0.153173952323732,FALSE,FALSE,-0.462764212827415,0.193620354596933,-0.0134675225030827,"Tmin","curr.jul"
"FRAM_live",0.104895570055149,FALSE,FALSE,-0.207278327889151,0.377149114307723,0.00922273943291426,"Tmin","curr.aug"
"FRAM_live",0.0973882616571773,FALSE,FALSE,-0.249651114188412,0.413817188707275,0.00856267391098019,"Tmean","prev.apr"
"FRAM_live",0.023411040039477,FALSE,FALSE,-0.285655958715296,0.354947584879286,0.00205837026314935,"Tmean","prev.may"
"FRAM_live",-0.0857914925823054,FALSE,FALSE,-0.404949105627029,0.232564863347351,-0.00754305049518685,"Tmean","prev.jun"
"FRAM_live",-0.0173488872330046,FALSE,FALSE,-0.366099072623759,0.291763737193256,-0.00152536724207602,"Tmean","prev.jul"
"FRAM_live",-0.100721934038711,FALSE,FALSE,-0.478444652656211,0.305814101743662,-0.00885578058567982,"Tmean","prev.aug"
"FRAM_live",-0.260862631696624,FALSE,FALSE,-0.564267878541672,0.0254295592062833,-0.0229358406523493,"Tmean","prev.sep"
"FRAM_live",-0.387938155945049,TRUE,FALSE,-0.654436404305274,-0.0628074062029982,-0.0341087095144759,"Tmean","prev.oct"
"FRAM_live",0.280496124378501,FALSE,FALSE,-0.0743941084461679,0.61487694142407,0.0246620773949284,"Tmean","prev.nov"
"FRAM_live",0.135692059570047,FALSE,FALSE,-0.175918990885176,0.422492638582022,0.0119304610087163,"Tmean","prev.dec"
"FRAM_live",-0.0339888450444673,FALSE,FALSE,-0.322692443327986,0.269940629268584,-0.00298840324053735,"Tmean","curr.jan"
"FRAM_live",-0.149044100973199,FALSE,FALSE,-0.448566075169928,0.150536608898596,-0.0131044133376279,"Tmean","curr.feb"
"FRAM_live",0.0140213921861408,FALSE,FALSE,-0.323650489260083,0.375590340542534,0.00123280369753926,"Tmean","curr.mar"
"FRAM_live",-0.342186805934021,TRUE,FALSE,-0.592628697304698,-0.0606980620347952,-0.0300861108515016,"Tmean","curr.apr"
"FRAM_live",-0.19035390897107,FALSE,FALSE,-0.535044945714234,0.300280972441111,-0.0167364980385144,"Tmean","curr.may"
"FRAM_live",-0.260107182562379,FALSE,FALSE,-0.537434199156502,0.0384195685230282,-0.022869419253273,"Tmean","curr.jun"
"FRAM_live",-0.0306589523868885,FALSE,FALSE,-0.409183129437915,0.362001815004204,-0.00269562889073138,"Tmean","curr.jul"
"FRAM_live",0.0533415909769896,FALSE,FALSE,-0.258928936261981,0.375816652521947,0.00468995587000689,"Tmean","curr.aug"
"FRAM_live",0.163317885773242,FALSE,FALSE,-0.176716979220626,0.462070307614138,0.0143594081659421,"Tmax","prev.apr"
"FRAM_live",0.166595614330995,FALSE,FALSE,-0.225841385972805,0.478941274631495,0.0146475960885025,"Tmax","prev.may"
"FRAM_live",-0.0566544790287772,FALSE,FALSE,-0.420425131697863,0.310514709748951,-0.00498123512284843,"Tmax","prev.jun"
"FRAM_live",0.0276810574042044,FALSE,FALSE,-0.282722338346055,0.302751706189506,0.00243380325339094,"Tmax","prev.jul"
"FRAM_live",0.0447282303871053,FALSE,FALSE,-0.311737208236665,0.381765593672146,0.0039326428555443,"Tmax","prev.aug"
"FRAM_live",-0.103184830712768,FALSE,FALSE,-0.424708596276902,0.178557090163872,-0.00907232599615885,"Tmax","prev.sep"
"FRAM_live",-0.31541797257789,FALSE,FALSE,-0.59997822464216,0.106081703931017,-0.0277325131272422,"Tmax","prev.oct"
"FRAM_live",0.283996157742968,FALSE,FALSE,-0.168561738320398,0.657531986698192,0.0249698110362063,"Tmax","prev.nov"
"FRAM_live",0.150761448993679,FALSE,FALSE,-0.193831723417414,0.474909102383007,0.0132554078295801,"Tmax","prev.dec"
"FRAM_live",-0.0524066186041072,FALSE,FALSE,-0.344683821769139,0.23104003339004,-0.00460775023856283,"Tmax","curr.jan"
"FRAM_live",-0.153359732375031,FALSE,FALSE,-0.481863453717465,0.195536270385561,-0.0134838568535616,"Tmax","curr.feb"
"FRAM_live",0.0377760175906146,FALSE,FALSE,-0.271868848455451,0.333913377403551,0.00332138303713162,"Tmax","curr.mar"
"FRAM_live",-0.248058168676659,FALSE,FALSE,-0.548438353933602,0.0804680408754107,-0.0218100330901288,"Tmax","curr.apr"
"FRAM_live",-0.155945769000013,FALSE,FALSE,-0.51039002121016,0.293801391938779,-0.0137112291052558,"Tmax","curr.may"
"FRAM_live",-0.166803912602947,FALSE,FALSE,-0.47921289046131,0.213420235714277,-0.0146659103098326,"Tmax","curr.jun"
"FRAM_live",0.0517265689801226,FALSE,FALSE,-0.315570142128972,0.445607738266873,0.00454795819510319,"Tmax","curr.jul"
"FRAM_live",0.0368484423060158,FALSE,FALSE,-0.350419706419509,0.422386178126975,0.00323982778031984,"Tmax","curr.aug"
"FRAM_live",-0.00677244801997752,FALSE,FALSE,-0.384363613627233,0.330002276284823,-0.000595454349295875,"PPT","prev.apr"
"FRAM_live",-0.18349764012332,FALSE,FALSE,-0.492275854028125,0.177006400713589,-0.0161336739056025,"PPT","prev.may"
"FRAM_live",0.00543169669885902,FALSE,FALSE,-0.396161952803299,0.394376812526151,0.000477571391297646,"PPT","prev.jun"
"FRAM_live",-0.170715093407496,FALSE,FALSE,-0.520258316633227,0.223314189896272,-0.0150097932918919,"PPT","prev.jul"
"FRAM_live",-0.0788229674513082,FALSE,FALSE,-0.475332530721192,0.23104903451883,-0.00693035644641898,"PPT","prev.aug"
"FRAM_live",0.0581426151693326,FALSE,FALSE,-0.287353550048373,0.384198431874605,0.00511207660507527,"PPT","prev.sep"
"FRAM_live",-0.236184418073964,FALSE,FALSE,-0.570617451851934,0.168224373768237,-0.0207660566110221,"PPT","prev.oct"
"FRAM_live",0.0645380565591307,FALSE,FALSE,-0.294068921502386,0.375909887165535,0.0056743833780455,"PPT","prev.nov"
"FRAM_live",-0.22394648332444,FALSE,FALSE,-0.551314251523382,0.110827353942189,-0.0196900599475545,"PPT","prev.dec"
"FRAM_live",-0.242439344898426,FALSE,FALSE,-0.579342271493656,0.151253614057707,-0.0213160089135228,"PPT","curr.jan"
"FRAM_live",0.254728606993321,FALSE,FALSE,-0.0899564373879278,0.559679166156703,0.0223965184342243,"PPT","curr.feb"
"FRAM_live",0.201983134915385,FALSE,FALSE,-0.0547238133825355,0.423716029793145,0.0177589751615666,"PPT","curr.mar"
"FRAM_live",0.0427488553276898,FALSE,FALSE,-0.420508374182761,0.435303210860465,0.00375861014469293,"PPT","curr.apr"
"FRAM_live",-0.0695193325012915,FALSE,FALSE,-0.43879572179047,0.297585031932584,-0.00611235239841347,"PPT","curr.may"
"FRAM_live",-0.0944844119324675,FALSE,FALSE,-0.415655538887729,0.226371928536089,-0.0083073585592522,"PPT","curr.jun"
"FRAM_live",-0.0878930392841159,FALSE,FALSE,-0.442868822714607,0.249511758121651,-0.00772782491060503,"PPT","curr.jul"
"FRAM_live",0.178782875183536,FALSE,FALSE,-0.1921826644944,0.495737916467903,0.0157191373479174,"PPT","curr.aug"
"LITU_dead",0.148437704214542,FALSE,FALSE,-0.101919274204391,0.449030046807797,0.0171593822243181,"Tmin","prev.apr"
"LITU_dead",-0.063174299864284,FALSE,FALSE,-0.486651404458233,0.358042184975881,-0.00730294209184311,"Tmin","prev.may"
"LITU_dead",-0.116266755871712,FALSE,FALSE,-0.468909618190774,0.343095189678164,-0.0134404241465541,"Tmin","prev.jun"
"LITU_dead",-0.0716621015056464,FALSE,FALSE,-0.369571369360423,0.227875006056782,-0.0082841310247966,"Tmin","prev.jul"
"LITU_dead",-0.0820375942721994,FALSE,FALSE,-0.430202129261323,0.277282565252387,-0.00948353684348003,"Tmin","prev.aug"
"LITU_dead",-0.0652001987968899,FALSE,FALSE,-0.467706594181861,0.406479886606328,-0.00753713578485644,"Tmin","prev.sep"
"LITU_dead",-0.101045274110851,FALSE,FALSE,-0.439059519094502,0.248035879676608,-0.0116808225349744,"Tmin","prev.oct"
"LITU_dead",-0.120457348817029,FALSE,FALSE,-0.435232730168403,0.223474715500609,-0.0139248562285223,"Tmin","prev.nov"
"LITU_dead",-0.0237525682396025,FALSE,FALSE,-0.34973586540701,0.320930727274201,-0.00274579426695693,"Tmin","prev.dec"
"LITU_dead",0.170337158356934,FALSE,FALSE,-0.180353804627098,0.503827714453408,0.0196909567061634,"Tmin","curr.jan"
"LITU_dead",-0.0451502410896375,FALSE,FALSE,-0.337745668805495,0.306827298918201,-0.00521936288678671,"Tmin","curr.feb"
"LITU_dead",-0.11392177262317,FALSE,FALSE,-0.473999816304757,0.246702091958182,-0.0131693443418355,"Tmin","curr.mar"
"LITU_dead",-0.0594637405074084,FALSE,FALSE,-0.457155976900675,0.336698263289662,-0.00687400183971807,"Tmin","curr.apr"
"LITU_dead",-0.292192965658497,FALSE,FALSE,-0.606355150728665,0.0294228433610901,-0.0337774745811517,"Tmin","curr.may"
"LITU_dead",-0.128239098030128,FALSE,FALSE,-0.413473160487329,0.180265491641385,-0.0148244255786946,"Tmin","curr.jun"
"LITU_dead",-0.119202002859231,FALSE,FALSE,-0.46091425312534,0.24611689308138,-0.0137797383743518,"Tmin","curr.jul"
"LITU_dead",-0.116308888536419,FALSE,FALSE,-0.418617228056423,0.200962049061707,-0.0134452946779441,"Tmin","curr.aug"
"LITU_dead",0.135366466554176,FALSE,FALSE,-0.13393518848703,0.43283030736459,0.0156483485934359,"Tmean","prev.apr"
"LITU_dead",0.0029805297023389,FALSE,FALSE,-0.38373862722765,0.412796166318951,0.000344548904633058,"Tmean","prev.may"
"LITU_dead",-0.14547961723205,FALSE,FALSE,-0.467673145960303,0.237770268954368,-0.0168174276956224,"Tmean","prev.jun"
"LITU_dead",-0.237398722782492,FALSE,FALSE,-0.481420341927552,0.0568240412416923,-0.0274432661522573,"Tmean","prev.jul"
"LITU_dead",-0.155378574837759,FALSE,FALSE,-0.506091351277058,0.242221602864851,-0.0179617461023068,"Tmean","prev.aug"
"LITU_dead",-0.159337731949721,FALSE,FALSE,-0.602492025117826,0.424747169853396,-0.0184194242274825,"Tmean","prev.sep"
"LITU_dead",-0.0131308094893869,FALSE,FALSE,-0.342411153240851,0.304238780801083,-0.00151792012774218,"Tmean","prev.oct"
"LITU_dead",-0.232724066142003,FALSE,FALSE,-0.492605060669971,0.0891225833256208,-0.0269028763605528,"Tmean","prev.nov"
"LITU_dead",-0.0590078808131973,FALSE,FALSE,-0.381295200366751,0.284065224089736,-0.00682130450937993,"Tmean","prev.dec"
"LITU_dead",0.156339113365941,FALSE,FALSE,-0.198043917534677,0.505455509618627,0.0180727842501513,"Tmean","curr.jan"
"LITU_dead",-0.0503528233738677,FALSE,FALSE,-0.323769173166217,0.269995587715962,-0.00582078082464125,"Tmean","curr.feb"
"LITU_dead",-0.150235967562715,FALSE,FALSE,-0.546511835953786,0.27076028396161,-0.0173672612688949,"Tmean","curr.mar"
"LITU_dead",-0.00581426822044137,FALSE,FALSE,-0.382922147922024,0.38379072282148,-0.000672128764569542,"Tmean","curr.apr"
"LITU_dead",-0.296986827866503,FALSE,FALSE,-0.56615423258198,0.0352793932695128,-0.0343316445233046,"Tmean","curr.may"
"LITU_dead",-0.207287220816348,FALSE,FALSE,-0.51023366577303,0.137964616886954,-0.0239623798483397,"Tmean","curr.jun"
"LITU_dead",-0.143137192604763,FALSE,FALSE,-0.558039528397288,0.316780451494799,-0.0165466436672385,"Tmean","curr.jul"
"LITU_dead",-0.0782071429482841,FALSE,FALSE,-0.380883354485712,0.252249263455384,-0.00904073709319752,"Tmean","curr.aug"
"LITU_dead",0.10872979740277,FALSE,FALSE,-0.178765050513471,0.387157192885969,0.012569152579389,"Tmax","prev.apr"
"LITU_dead",0.0566924775954322,FALSE,FALSE,-0.316345844985662,0.403439638851077,0.00655364415295443,"Tmax","prev.may"
"LITU_dead",-0.117557305949379,FALSE,FALSE,-0.520838889771344,0.244918191140367,-0.013589611593096,"Tmax","prev.jun"
"LITU_dead",-0.308615597649267,TRUE,FALSE,-0.549606829115323,-0.0101440446986185,-0.0356759290267394,"Tmax","prev.jul"
"LITU_dead",-0.197634340927199,FALSE,FALSE,-0.534210089129712,0.213526708486376,-0.0228465079985303,"Tmax","prev.aug"
"LITU_dead",-0.189115014776653,FALSE,FALSE,-0.608317523990439,0.344278963484201,-0.0218616748357945,"Tmax","prev.sep"
"LITU_dead",0.0802279578283582,FALSE,FALSE,-0.251271830046277,0.36474785783157,0.00927434307029929,"Tmax","prev.oct"
"LITU_dead",-0.297082998590397,FALSE,FALSE,-0.549113798413419,0.0768182140952137,-0.0343427618483725,"Tmax","prev.nov"
"LITU_dead",-0.10034455835014,FALSE,FALSE,-0.406433517299845,0.272353729144082,-0.0115998198703733,"Tmax","prev.dec"
"LITU_dead",0.134680148085046,FALSE,FALSE,-0.209306594237028,0.503880993391128,0.0155690102541525,"Tmax","curr.jan"
"LITU_dead",-0.0632258751705118,FALSE,FALSE,-0.322648109414581,0.251273650739741,-0.00730890419155075,"Tmax","curr.feb"
"LITU_dead",-0.152339208751574,FALSE,FALSE,-0.567592494077515,0.250409734242292,-0.0176103957181948,"Tmax","curr.mar"
"LITU_dead",0.0213814290715662,FALSE,FALSE,-0.320876725081273,0.407865760773547,0.00247169084083158,"Tmax","curr.apr"
"LITU_dead",-0.255014010659979,FALSE,FALSE,-0.533886311814778,0.0576929460394515,-0.0294795914867176,"Tmax","curr.may"
"LITU_dead",-0.193770999154219,FALSE,FALSE,-0.51346397651893,0.132615808706837,-0.0223999061159659,"Tmax","curr.jun"
"LITU_dead",-0.143837893336709,FALSE,FALSE,-0.553254624577431,0.312248980745378,-0.0166276445945159,"Tmax","curr.jul"
"LITU_dead",-0.0343666085828869,FALSE,FALSE,-0.345407288432522,0.278823190919984,-0.00397277615918231,"Tmax","curr.aug"
"LITU_dead",-0.265911030306604,FALSE,FALSE,-0.548623474803513,0.0631974461164306,-0.030739285755177,"PPT","prev.apr"
"LITU_dead",-0.111060308549013,FALSE,FALSE,-0.381536531328391,0.200706781590386,-0.0128385594106791,"PPT","prev.may"
"LITU_dead",0.0469540810333455,FALSE,FALSE,-0.259999340721634,0.370935976495104,0.0054278865851918,"PPT","prev.jun"
"LITU_dead",0.343719613607612,FALSE,FALSE,-0.148870768935963,0.707376782192003,0.0397339493971379,"PPT","prev.jul"
"LITU_dead",0.0518065412849256,FALSE,FALSE,-0.314666120000535,0.430516585615287,0.00598883045471452,"PPT","prev.aug"
"LITU_dead",0.174652822532572,FALSE,FALSE,-0.207353308413301,0.459109074587942,0.0201898470085528,"PPT","prev.sep"
"LITU_dead",0.0121354877261201,FALSE,FALSE,-0.329270317606613,0.340774103010132,0.00140286104176094,"PPT","prev.oct"
"LITU_dead",-0.0609326933268576,FALSE,FALSE,-0.463151846591885,0.283281912430875,-0.00704381262351992,"PPT","prev.nov"
"LITU_dead",0.0228480045679478,FALSE,FALSE,-0.509162911405304,0.456103897394946,0.0026412268063492,"PPT","prev.dec"
"LITU_dead",-0.261086065133618,FALSE,FALSE,-0.678110185145261,0.0909539930367814,-0.0301815203137052,"PPT","curr.jan"
"LITU_dead",-0.0873290244589605,FALSE,FALSE,-0.409142197123829,0.20321218393067,-0.0100952255890611,"PPT","curr.feb"
"LITU_dead",0.0782857038291987,FALSE,FALSE,-0.382749684566061,0.558666279301995,0.00904981872236058,"PPT","curr.mar"
"LITU_dead",0.202869225456917,FALSE,FALSE,-0.17638013069322,0.539185250994386,0.023451660072398,"PPT","curr.apr"
"LITU_dead",0.00153562273203998,FALSE,FALSE,-0.381639802129795,0.354768666363683,0.00017751781833907,"PPT","curr.may"
"LITU_dead",0.258751207219869,FALSE,FALSE,-0.0503459978384582,0.492573692996587,0.0299116109965712,"PPT","curr.jun"
"LITU_dead",0.0757328780926044,FALSE,FALSE,-0.254166164625949,0.351703562945145,0.00875471234896245,"PPT","curr.jul"
"LITU_dead",-0.218563063586249,FALSE,FALSE,-0.561534705657874,0.133211430265078,-0.0252658660280397,"PPT","curr.aug"
"LITU_live",-0.0117824466952496,FALSE,FALSE,-0.28182477691483,0.326708389655959,-0.00168409183276841,"Tmin","prev.apr"
"LITU_live",-0.200883895204753,FALSE,FALSE,-0.542360424061769,0.266217340936802,-0.0287127908149525,"Tmin","prev.may"
"LITU_live",-0.184519857725134,FALSE,FALSE,-0.503319948354543,0.26379746705177,-0.0263738418187602,"Tmin","prev.jun"
"LITU_live",-0.0202452533705852,FALSE,FALSE,-0.293414577781519,0.26473215314593,-0.00289369998741228,"Tmin","prev.jul"
"LITU_live",-0.0892842796229607,FALSE,FALSE,-0.430931044465517,0.305082679020164,-0.0127616046137736,"Tmin","prev.aug"
"LITU_live",-0.273903219830377,FALSE,FALSE,-0.591557560905343,0.147374160566617,-0.0391496085164794,"Tmin","prev.sep"
"LITU_live",-0.22150846559181,FALSE,FALSE,-0.519301411586738,0.135212194703668,-0.0316607074439498,"Tmin","prev.oct"
"LITU_live",0.0431654262856111,FALSE,FALSE,-0.191510686932097,0.252482370916115,0.00616973229294331,"Tmin","prev.nov"
"LITU_live",-0.271595333312682,FALSE,FALSE,-0.54483552687133,0.1147813222575,-0.0388197370614299,"Tmin","prev.dec"
"LITU_live",0.225814461832589,FALSE,FALSE,-0.0604599709090772,0.507105535487839,0.0322761732541156,"Tmin","curr.jan"
"LITU_live",-0.2208585598393,FALSE,FALSE,-0.481925242459407,0.0945294824189187,-0.0315678149405351,"Tmin","curr.feb"
"LITU_live",-0.0763304643698847,FALSE,FALSE,-0.446541913845508,0.264534882557726,-0.0109100864159708,"Tmin","curr.mar"
"LITU_live",-0.113178224917413,FALSE,FALSE,-0.464293547024596,0.308327863936327,-0.0161768204143446,"Tmin","curr.apr"
"LITU_live",-0.0269385507767837,FALSE,FALSE,-0.358372603330581,0.281313726839358,-0.00385038816836654,"Tmin","curr.may"
"LITU_live",-0.111572915826475,FALSE,FALSE,-0.356711391968828,0.187530755560184,-0.0159473699445872,"Tmin","curr.jun"
"LITU_live",-0.223887486584158,FALSE,FALSE,-0.533263433956617,0.196415746740345,-0.0320007463108187,"Tmin","curr.jul"
"LITU_live",-0.119555641317771,FALSE,FALSE,-0.353708769292588,0.104902093270922,-0.0170883590066081,"Tmin","curr.aug"
"LITU_live",0.0227407478401317,FALSE,FALSE,-0.267186062102431,0.326849823006532,0.003250386672579,"Tmean","prev.apr"
"LITU_live",-0.116729314727163,FALSE,FALSE,-0.465518872072028,0.273395661402929,-0.0166843857359377,"Tmean","prev.may"
"LITU_live",-0.138950487832443,FALSE,FALSE,-0.496636883858945,0.226673016313145,-0.0198605084130913,"Tmean","prev.jun"
"LITU_live",-0.161691055223004,FALSE,FALSE,-0.365047254424578,0.0257529932886928,-0.0231108692936038,"Tmean","prev.jul"
"LITU_live",-0.15256932206138,FALSE,FALSE,-0.47888316686289,0.302612633901227,-0.0218070792816042,"Tmean","prev.aug"
"LITU_live",-0.350907684775528,FALSE,FALSE,-0.691415980478948,0.149502270307033,-0.0501560313635367,"Tmean","prev.sep"
"LITU_live",-0.040326559921579,FALSE,FALSE,-0.364819934090847,0.31167049851883,-0.00576396668401295,"Tmean","prev.oct"
"LITU_live",-0.0880674289674693,FALSE,FALSE,-0.334864866150746,0.177712775819248,-0.012587677389351,"Tmean","prev.nov"
"LITU_live",-0.295179696873351,FALSE,FALSE,-0.54445967096253,0.103600627474764,-0.0421907036425541,"Tmean","prev.dec"
"LITU_live",0.198239979891909,FALSE,FALSE,-0.0933160701392294,0.520723236561977,0.0283348900019841,"Tmean","curr.jan"
"LITU_live",-0.219250955035802,FALSE,FALSE,-0.489243170492318,0.15489207922628,-0.031338036339374,"Tmean","curr.feb"
"LITU_live",-0.0420552063784371,FALSE,FALSE,-0.447955271472828,0.353204668030869,-0.00601104604325269,"Tmean","curr.mar"
"LITU_live",-0.0354066142031691,FALSE,FALSE,-0.329884670243111,0.33556077383972,-0.00506074768236207,"Tmean","curr.apr"
"LITU_live",-0.0770528615768646,FALSE,FALSE,-0.421566468588378,0.251300053352095,-0.0110133402874083,"Tmean","curr.may"
"LITU_live",-0.153211438610578,FALSE,FALSE,-0.388894592368388,0.128313142122231,-0.0218988584565209,"Tmean","curr.jun"
"LITU_live",-0.254487753685277,FALSE,FALSE,-0.60200834303311,0.235517811864892,-0.0363745118994468,"Tmean","curr.jul"
"LITU_live",-0.206931112347814,FALSE,FALSE,-0.483055965469717,0.0283502363200503,-0.0295771332783656,"Tmean","curr.aug"
"LITU_live",0.0190247953789299,FALSE,FALSE,-0.268497033377756,0.356776179037274,0.00271925715824911,"Tmax","prev.apr"
"LITU_live",-0.0572677056127185,FALSE,FALSE,-0.379668140151172,0.272701380895263,-0.00818540306595649,"Tmax","prev.may"
"LITU_live",-0.0954899683574571,FALSE,FALSE,-0.465186972355761,0.305769713937006,-0.0136485977812184,"Tmax","prev.jun"
"LITU_live",-0.228873767410493,FALSE,FALSE,-0.472819672005254,0.0037888037926002,-0.0327134467399162,"Tmax","prev.jul"
"LITU_live",-0.209590187610863,FALSE,FALSE,-0.548528426117884,0.249043707081913,-0.0299572009374049,"Tmax","prev.aug"
"LITU_live",-0.323943170240722,FALSE,FALSE,-0.695944085583358,0.136172610046315,-0.0463019321363415,"Tmax","prev.sep"
"LITU_live",0.182226071774919,FALSE,FALSE,-0.126597520529325,0.473079235439637,0.0260459857898054,"Tmax","prev.oct"
"LITU_live",-0.158490328423994,FALSE,FALSE,-0.431141656490659,0.171064133286333,-0.0226533821518789,"Tmax","prev.nov"
"LITU_live",-0.282112255960622,FALSE,FALSE,-0.555747134021953,0.145498619899064,-0.0403229446714752,"Tmax","prev.dec"
"LITU_live",0.180999189717371,FALSE,FALSE,-0.142050279321785,0.509722605049157,0.0258706247543323,"Tmax","curr.jan"
"LITU_live",-0.210527699735515,FALSE,FALSE,-0.516553713970559,0.156726346790126,-0.0300912016719793,"Tmax","curr.feb"
"LITU_live",-0.00051258484140556,FALSE,FALSE,-0.477391692648045,0.448828930798716,-7.32649140997203e-05,"Tmax","curr.mar"
"LITU_live",0.0130854856427953,FALSE,FALSE,-0.250205988993285,0.347581353541122,0.00187033814527884,"Tmax","curr.apr"
"LITU_live",-0.0825836294697163,FALSE,FALSE,-0.45261953375748,0.274566001445342,-0.0118038654880056,"Tmax","curr.may"
"LITU_live",-0.145324453031329,FALSE,FALSE,-0.428663783186455,0.126687914558855,-0.0207715537172997,"Tmax","curr.jun"
"LITU_live",-0.197934543953973,FALSE,FALSE,-0.618462408043333,0.299196500072009,-0.0282912333505417,"Tmax","curr.jul"
"LITU_live",-0.233725346281871,FALSE,FALSE,-0.533363474021667,0.109726080403067,-0.0334068939130414,"Tmax","curr.aug"
"LITU_live",-0.361121021573868,TRUE,FALSE,-0.586492494703255,-0.0941361050469621,-0.0516158467594623,"PPT","prev.apr"
"LITU_live",-0.0605970312019149,FALSE,FALSE,-0.382701228889484,0.260314880683296,-0.00866127112446874,"PPT","prev.may"
"LITU_live",0.0173054798745988,FALSE,FALSE,-0.257776392227472,0.353693200616739,0.00247351149321984,"PPT","prev.jun"
"LITU_live",0.26307615495394,FALSE,FALSE,-0.295546191416873,0.699061651118981,0.0376020715742065,"PPT","prev.jul"
"LITU_live",0.130259151191424,FALSE,FALSE,-0.164442512266775,0.441483228461356,0.0186182359520682,"PPT","prev.aug"
"LITU_live",0.123713189920895,FALSE,FALSE,-0.188020851273476,0.357855770551457,0.0176826068591939,"PPT","prev.sep"
"LITU_live",-0.14466189417827,FALSE,FALSE,-0.490726001078749,0.24491581876024,-0.020676852677522,"PPT","prev.oct"
"LITU_live",0.0470518598666155,FALSE,FALSE,-0.42144351823111,0.379190095336336,0.00672522906043602,"PPT","prev.nov"
"LITU_live",-0.0658448098148727,FALSE,FALSE,-0.611791530918551,0.412845653130733,-0.0094113480253744,"PPT","prev.dec"
"LITU_live",-0.112398680089999,FALSE,FALSE,-0.485418183733259,0.192147461381121,-0.0160653983038883,"PPT","curr.jan"
"LITU_live",-0.0472867856933176,FALSE,FALSE,-0.362127199900729,0.239310952947011,-0.00675880754173862,"PPT","curr.feb"
"LITU_live",0.0811571741415646,FALSE,FALSE,-0.409532039324081,0.566405770016249,0.0115999789922646,"PPT","curr.mar"
"LITU_live",0.192138334695804,FALSE,FALSE,-0.180893534821219,0.556598423351117,0.0274627680134879,"PPT","curr.apr"
"LITU_live",0.24586434613229,FALSE,FALSE,-0.194727170297386,0.588362916763376,0.0351419486970625,"PPT","curr.may"
"LITU_live",0.200433149092571,FALSE,FALSE,-0.180197583680159,0.534343272927423,0.0286483646506921,"PPT","curr.jun"
"LITU_live",0.258429567824074,FALSE,FALSE,-0.0499157757739934,0.534013168547642,0.0369379243356869,"PPT","curr.jul"
"LITU_live",0.0142908812652208,FALSE,FALSE,-0.375898463416392,0.422520817576364,0.00204262807584139,"PPT","curr.aug"
"QURU_dead",0.148847464908526,FALSE,FALSE,-0.197853874567198,0.50635573952225,0.0180995716005454,"Tmin","prev.apr"
"QURU_dead",0.00446029791595906,FALSE,FALSE,-0.280249449933964,0.262124569176788,0.00054236383225792,"Tmin","prev.may"
"QURU_dead",0.179662250684479,FALSE,FALSE,-0.252293332527332,0.584235234918805,0.0218465915571841,"Tmin","prev.jun"
"QURU_dead",-0.175225044191272,FALSE,FALSE,-0.535026598431309,0.195939946177912,-0.0213070355984746,"Tmin","prev.jul"
"QURU_dead",-0.0735831877766863,FALSE,FALSE,-0.322364949511491,0.147411328773019,-0.00894757714939237,"Tmin","prev.aug"
"QURU_dead",0.0751279110924403,FALSE,FALSE,-0.265918108694592,0.43037176838097,0.00913541259740423,"Tmin","prev.sep"
"QURU_dead",-0.0619872276166096,FALSE,FALSE,-0.4294878908745,0.304177611620388,-0.00753753021763332,"Tmin","prev.oct"
"QURU_dead",0.127603880363408,FALSE,FALSE,-0.331272992426161,0.502651976674872,0.0155163917004853,"Tmin","prev.nov"
"QURU_dead",-0.449323559174655,TRUE,FALSE,-0.659963549242114,-0.11858297186242,-0.0546368991644662,"Tmin","prev.dec"
"QURU_dead",0.0477041173224282,FALSE,FALSE,-0.250975636894067,0.336348728874151,0.00580073088680901,"Tmin","curr.jan"
"QURU_dead",0.161106674694762,FALSE,FALSE,-0.234421900333782,0.492772192677398,0.0195902684386033,"Tmin","curr.feb"
"QURU_dead",-0.126173712200546,FALSE,FALSE,-0.439235218604424,0.218811340357017,-0.0153424859434712,"Tmin","curr.mar"
"QURU_dead",0.174588268201273,FALSE,FALSE,-0.16518162664494,0.482797720984987,0.0212296048365091,"Tmin","curr.apr"
"QURU_dead",0.159755146910053,FALSE,FALSE,-0.241170105366598,0.511589142710924,0.0194259252035708,"Tmin","curr.may"
"QURU_dead",0.260191861854829,FALSE,FALSE,-0.113138094652057,0.542405548486486,0.0316388407180117,"Tmin","curr.jun"
"QURU_dead",-0.236037488140253,FALSE,FALSE,-0.602158193959353,0.206506778028752,-0.0287017143330782,"Tmin","curr.jul"
"QURU_dead",0.0833926535843238,FALSE,FALSE,-0.287932146085219,0.363499046681466,0.010140389730094,"Tmin","curr.aug"
"QURU_dead",0.201665787186658,FALSE,FALSE,-0.134404862051897,0.565655111219866,0.0245221801849861,"Tmean","prev.apr"
"QURU_dead",0.0551955284758713,FALSE,FALSE,-0.2794390663913,0.316720792430805,0.00671167238416132,"Tmean","prev.may"
"QURU_dead",0.0903780852042896,FALSE,FALSE,-0.323703080108364,0.507205283356061,0.0109898050684337,"Tmean","prev.jun"
"QURU_dead",-0.0661868773775777,FALSE,FALSE,-0.533243629161232,0.381969218380553,-0.00804819972478662,"Tmean","prev.jul"
"QURU_dead",-0.0832615294361291,FALSE,FALSE,-0.359494336455152,0.210376080120525,-0.0101244452804504,"Tmean","prev.aug"
"QURU_dead",0.175017636502521,FALSE,FALSE,-0.168193684415734,0.492623779295777,0.0212818152138656,"Tmean","prev.sep"
"QURU_dead",0.00822738606143576,FALSE,FALSE,-0.393956758605133,0.387833279748221,0.0010004346610525,"Tmean","prev.oct"
"QURU_dead",0.014038101371979,FALSE,FALSE,-0.493709028214332,0.411052932370361,0.0017070067069936,"Tmean","prev.nov"
"QURU_dead",-0.461476045288468,TRUE,TRUE,-0.678211921387361,-0.171921363029085,-0.0561146186048125,"Tmean","prev.dec"
"QURU_dead",0.0709804573306581,FALSE,FALSE,-0.223928473994573,0.376584080132018,0.00863109002551857,"Tmean","curr.jan"
"QURU_dead",0.138489399126257,FALSE,FALSE,-0.246696708659374,0.523551037599904,0.0168400502953989,"Tmean","curr.feb"
"QURU_dead",-0.074352536163849,FALSE,FALSE,-0.370070286329911,0.287190681726481,-0.00904112846535044,"Tmean","curr.mar"
"QURU_dead",0.107759161834139,FALSE,FALSE,-0.263593955169186,0.488699354116734,0.0131033112752735,"Tmean","curr.apr"
"QURU_dead",0.0534404838725212,FALSE,FALSE,-0.327330267428919,0.421082950011579,0.00649826226340442,"Tmean","curr.may"
"QURU_dead",0.158392040324609,FALSE,FALSE,-0.201024703578233,0.471361137025258,0.0192601740081603,"Tmean","curr.jun"
"QURU_dead",-0.211272557695011,FALSE,FALSE,-0.577243312833532,0.154775062255918,-0.0256903453987692,"Tmean","curr.jul"
"QURU_dead",0.011111996233023,FALSE,FALSE,-0.32034597943405,0.322180900670312,0.00135119782905399,"Tmean","curr.aug"
"QURU_dead",0.197036325432026,FALSE,FALSE,-0.146798470739495,0.526119435316695,0.0239592463483135,"Tmax","prev.apr"
"QURU_dead",0.0915914068153652,FALSE,FALSE,-0.205484242380193,0.367622542637909,0.0111373426928578,"Tmax","prev.may"
"QURU_dead",-0.00928159210019332,FALSE,FALSE,-0.333789638929554,0.306368506179867,-0.00112862413133973,"Tmax","prev.jun"
"QURU_dead",0.00180077687153148,FALSE,FALSE,-0.507663413047983,0.435506668705682,0.000218971078499189,"Tmax","prev.jul"
"QURU_dead",-0.0752879012744535,FALSE,FALSE,-0.447817888434278,0.266748918147738,-0.00915486710243401,"Tmax","prev.aug"
"QURU_dead",0.176134034610903,FALSE,FALSE,-0.191302731349834,0.487686785155869,0.0214175671227732,"Tmax","prev.sep"
"QURU_dead",0.117759994858073,FALSE,FALSE,-0.273103748650997,0.463905167617259,0.0143193937493218,"Tmax","prev.oct"
"QURU_dead",-0.10089150094396,FALSE,FALSE,-0.555779859102214,0.343004393529968,-0.0122682166360301,"Tmax","prev.nov"
"QURU_dead",-0.453616214753465,TRUE,TRUE,-0.688444589129857,-0.142198648311572,-0.0551588780040312,"Tmax","prev.dec"
"QURU_dead",0.075369664995534,FALSE,FALSE,-0.216445634792925,0.391515756807581,0.00916480941703729,"Tmax","curr.jan"
"QURU_dead",0.0976646964212482,FALSE,FALSE,-0.2835160917005,0.492306546578025,0.0118758432789449,"Tmax","curr.feb"
"QURU_dead",-0.0228797313821196,FALSE,FALSE,-0.298826488401243,0.277691253562569,-0.00278213227619571,"Tmax","curr.mar"
"QURU_dead",0.0583306810571938,FALSE,FALSE,-0.309544758554956,0.437733239664416,0.00709290103766344,"Tmax","curr.apr"
"QURU_dead",-0.0402518488698833,FALSE,FALSE,-0.367691494412332,0.320283401808447,-0.00489454906821899,"Tmax","curr.may"
"QURU_dead",-0.0116551183340259,FALSE,FALSE,-0.346170714003927,0.345743852011382,-0.00141724045437504,"Tmax","curr.jun"
"QURU_dead",-0.175682258521644,FALSE,FALSE,-0.488462150885619,0.115333281723614,-0.0213626320005661,"Tmax","curr.jul"
"QURU_dead",-0.0536003424884435,FALSE,FALSE,-0.41026769254155,0.223574006283679,-0.00651770077024516,"Tmax","curr.aug"
"QURU_dead",-0.0963728676709818,FALSE,FALSE,-0.449883276463336,0.235245281566268,-0.0117187593341464,"PPT","prev.apr"
"QURU_dead",-0.094325245901205,FALSE,FALSE,-0.427000774627261,0.278666848805201,-0.011469772380585,"PPT","prev.may"
"QURU_dead",0.120957975129719,FALSE,FALSE,-0.228434003680894,0.452748327425083,0.014708262131725,"PPT","prev.jun"
"QURU_dead",-0.216277328363006,FALSE,FALSE,-0.473161299184225,0.140001026252446,-0.0262989160929718,"PPT","prev.jul"
"QURU_dead",-0.350322088896208,FALSE,FALSE,-0.619843712077554,0.0739113705208915,-0.0425985067003069,"PPT","prev.aug"
"QURU_dead",-0.180350162906275,FALSE,FALSE,-0.527980549005139,0.201823299595608,-0.0219302403886972,"PPT","prev.sep"
"QURU_dead",-0.367500840040788,FALSE,FALSE,-0.644655989581796,0.010944855287378,-0.0446874105089163,"PPT","prev.oct"
"QURU_dead",-0.00657421099523527,FALSE,FALSE,-0.38614596715973,0.389393459209474,-0.000799411684293575,"PPT","prev.nov"
"QURU_dead",-0.0206964364855865,FALSE,FALSE,-0.304214149127293,0.276701079069401,-0.00251664772575886,"PPT","prev.dec"
"QURU_dead",0.00291237225719217,FALSE,FALSE,-0.293332190000563,0.34943700593889,0.00035413898536254,"PPT","curr.jan"
"QURU_dead",0.195081889691658,FALSE,FALSE,-0.147612446133915,0.53761988865213,0.0237215906405511,"PPT","curr.feb"
"QURU_dead",-0.0451019122594051,FALSE,FALSE,-0.364830684665682,0.278176870260331,-0.00548430764851985,"PPT","curr.mar"
"QURU_dead",0.23029059252761,FALSE,FALSE,-0.201834394696041,0.591062596346937,0.0280029026422925,"PPT","curr.apr"
"QURU_dead",0.147254367248921,FALSE,FALSE,-0.237981216749689,0.5307745988413,0.0179058539233622,"PPT","curr.may"
"QURU_dead",0.242670345919578,FALSE,FALSE,-0.133394109254505,0.562416468500488,0.0295082573559432,"PPT","curr.jun"
"QURU_dead",0.0141357523040573,FALSE,FALSE,-0.33952252857948,0.363250843696854,0.00171888087655435,"PPT","curr.jul"
"QURU_dead",0.301425533578839,FALSE,FALSE,-0.0294448506721679,0.59965351812793,0.0366527775974926,"PPT","curr.aug"
"QURU_live",-0.0359866283267709,FALSE,FALSE,-0.330929100870261,0.302738194594024,-0.00337959882203726,"Tmin","prev.apr"
"QURU_live",0.0782741570097224,FALSE,FALSE,-0.252420267728744,0.341416763120722,0.00735093175231497,"Tmin","prev.may"
"QURU_live",0.035047284284187,FALSE,FALSE,-0.416794294654706,0.434377257711897,0.00329138255484552,"Tmin","prev.jun"
"QURU_live",-0.0164315988907119,FALSE,FALSE,-0.35210093963961,0.287684265108367,-0.00154313462631139,"Tmin","prev.jul"
"QURU_live",-0.0851331112373185,FALSE,FALSE,-0.312287551789969,0.127489026676932,-0.00799507416592217,"Tmin","prev.aug"
"QURU_live",-0.14841749207796,FALSE,FALSE,-0.425531882146493,0.131831745114803,-0.0139382766521435,"Tmin","prev.sep"
"QURU_live",0.0243120497926466,FALSE,FALSE,-0.211607756462231,0.268859214380231,0.00228320847661675,"Tmin","prev.oct"
"QURU_live",0.0385047153005291,FALSE,FALSE,-0.356271250790138,0.416656525028959,0.00361607898608669,"Tmin","prev.nov"
"QURU_live",-0.394113082648611,TRUE,FALSE,-0.605975865384377,-0.109377382930037,-0.0370121951346543,"Tmin","prev.dec"
"QURU_live",0.00162143653360067,FALSE,FALSE,-0.246101468224233,0.244970139736767,0.00015227336524018,"Tmin","curr.jan"
"QURU_live",-0.049661367907656,FALSE,FALSE,-0.423783427179883,0.359768125742293,-0.00466382954683805,"Tmin","curr.feb"
"QURU_live",-0.143071094837443,FALSE,FALSE,-0.466771698120105,0.230267961813064,-0.0134361824394786,"Tmin","curr.mar"
"QURU_live",0.220537878019864,FALSE,FALSE,-0.104044364745587,0.542360017315806,0.0207112915942745,"Tmin","curr.apr"
"QURU_live",-0.146342255974664,FALSE,FALSE,-0.551473656094405,0.31612912984866,-0.0137433857769423,"Tmin","curr.may"
"QURU_live",0.0842975283306632,FALSE,FALSE,-0.293689344420029,0.411710502436391,0.00791660237964076,"Tmin","curr.jun"
"QURU_live",-0.21118104719594,FALSE,FALSE,-0.552384756362358,0.194550705602652,-0.0198325670262657,"Tmin","curr.jul"
"QURU_live",-0.000571435672094327,FALSE,FALSE,-0.352949163537789,0.324689268769322,-5.36650254295538e-05,"Tmin","curr.aug"
"QURU_live",-0.00566266423887857,FALSE,FALSE,-0.254061561249237,0.275474294540258,-0.000531795677481403,"Tmean","prev.apr"
"QURU_live",0.181458386454139,FALSE,FALSE,-0.160038559697691,0.436460375922574,0.0170412338588826,"Tmean","prev.may"
"QURU_live",0.0681460747953112,FALSE,FALSE,-0.304249164208416,0.434662938069611,0.00639977693974095,"Tmean","prev.jun"
"QURU_live",-0.0101835356635777,FALSE,FALSE,-0.421206044246758,0.365296161056096,-0.00095636259169073,"Tmean","prev.jul"
"QURU_live",-0.0279280261276807,FALSE,FALSE,-0.343211334905809,0.267451386190866,-0.00262279431531853,"Tmean","prev.aug"
"QURU_live",-0.020495042320943,FALSE,FALSE,-0.359367297655649,0.276962797242712,-0.00192474327565541,"Tmean","prev.sep"
"QURU_live",0.0907860362000998,FALSE,FALSE,-0.17575205329979,0.372701376862138,0.00852595520239505,"Tmean","prev.oct"
"QURU_live",-0.110739908141444,FALSE,FALSE,-0.53476930260053,0.313927490015918,-0.010399875745762,"Tmean","prev.nov"
"QURU_live",-0.414226917561973,TRUE,TRUE,-0.627001577034269,-0.112407104867301,-0.0389011382210306,"Tmean","prev.dec"
"QURU_live",-0.0257424321030732,FALSE,FALSE,-0.292240570742658,0.242814154447953,-0.00241753943775835,"Tmean","curr.jan"
"QURU_live",-0.0806248721539575,FALSE,FALSE,-0.454065298533021,0.378136361593663,-0.00757169358807973,"Tmean","curr.feb"
"QURU_live",-0.174621109961704,FALSE,FALSE,-0.447149807704544,0.188674216496629,-0.0163991272583432,"Tmean","curr.mar"
"QURU_live",0.221034193039035,FALSE,FALSE,-0.116850395360159,0.513239833143675,0.0207579018418064,"Tmean","curr.apr"
"QURU_live",-0.213427844505419,FALSE,FALSE,-0.613168414085306,0.261822473604183,-0.0200435696651215,"Tmean","curr.may"
"QURU_live",0.044225389899398,FALSE,FALSE,-0.339277878885139,0.410374754876435,0.00415332256889863,"Tmean","curr.jun"
"QURU_live",-0.290871223755359,FALSE,FALSE,-0.593605532264452,0.0881891230575005,-0.0273164808951235,"Tmean","curr.jul"
"QURU_live",-0.116200702564563,FALSE,FALSE,-0.436519220092417,0.229939471380737,-0.010912713298427,"Tmean","curr.aug"
"QURU_live",0.00350633583773611,FALSE,FALSE,-0.238191385563399,0.266731193532715,0.000329289211517063,"Tmax","prev.apr"
"QURU_live",0.254654415681006,FALSE,FALSE,-0.0786773438800202,0.49350197412712,0.0239152652881872,"Tmax","prev.may"
"QURU_live",0.0470839859858848,FALSE,FALSE,-0.229241541391413,0.346001617827458,0.0044217808384216,"Tmax","prev.jun"
"QURU_live",-0.00508902758900643,FALSE,FALSE,-0.444605393423091,0.435547284071897,-0.000477923952445603,"Tmax","prev.jul"
"QURU_live",0.0135460562017746,FALSE,FALSE,-0.407920739189747,0.373143828712923,0.00127214573054935,"Tmax","prev.aug"
"QURU_live",0.0537788124561139,FALSE,FALSE,-0.336113400698469,0.439558873667131,0.00505050958308419,"Tmax","prev.sep"
"QURU_live",0.137389861288931,FALSE,FALSE,-0.241641306164608,0.459151025250467,0.0129026428693382,"Tmax","prev.oct"
"QURU_live",-0.189098615299915,FALSE,FALSE,-0.641456646511395,0.287780996967653,-0.0177587478247039,"Tmax","prev.nov"
"QURU_live",-0.410675699866166,TRUE,FALSE,-0.647464573691454,-0.0934546924932283,-0.0385676340362938,"Tmax","prev.dec"
"QURU_live",-0.0679444679569854,FALSE,FALSE,-0.320092445350451,0.195939666669381,-0.00638084351182618,"Tmax","curr.jan"
"QURU_live",-0.0856646013261249,FALSE,FALSE,-0.499741037083114,0.335602114376991,-0.00804498779666702,"Tmax","curr.feb"
"QURU_live",-0.167531214754273,FALSE,FALSE,-0.424775439101513,0.142941976846099,-0.0157332965705159,"Tmax","curr.mar"
"QURU_live",0.190657009475095,FALSE,FALSE,-0.127538570138624,0.4686968786416,0.0179051007164192,"Tmax","curr.apr"
"QURU_live",-0.236151827963785,FALSE,FALSE,-0.600819361936911,0.168594403441421,-0.0221776386595973,"Tmax","curr.may"
"QURU_live",-0.0177511917466414,FALSE,FALSE,-0.352209928084927,0.364242553522547,-0.00166706105867879,"Tmax","curr.jun"
"QURU_live",-0.25724032198489,FALSE,FALSE,-0.569193327753615,0.10105157523701,-0.0241581145437258,"Tmax","curr.jul"
"QURU_live",-0.202346550593964,FALSE,FALSE,-0.536575311643978,0.160871000196701,-0.0190028962374878,"Tmax","curr.aug"
"QURU_live",0.0732800037771941,FALSE,FALSE,-0.274494390161359,0.40657750016277,0.00688191769997125,"PPT","prev.apr"
"QURU_live",-0.249046774392558,FALSE,FALSE,-0.531379524552056,0.121372826328698,-0.023388636960555,"PPT","prev.may"
"QURU_live",0.0771098559090201,FALSE,FALSE,-0.288342286831632,0.421082725754065,0.00724158917671438,"PPT","prev.jun"
"QURU_live",-0.229216539353801,FALSE,FALSE,-0.581079389758618,0.274870050659989,-0.0215263274835694,"PPT","prev.jul"
"QURU_live",-0.290242989593843,TRUE,FALSE,-0.558951394611305,-0.0275126860809421,-0.0272574817743128,"PPT","prev.aug"
"QURU_live",-0.182682276335816,FALSE,FALSE,-0.518631681857887,0.206094504559267,-0.0171561725734757,"PPT","prev.sep"
"QURU_live",-0.339805750842908,FALSE,FALSE,-0.628325694763123,0.0998173396033542,-0.0319120509107508,"PPT","prev.oct"
"QURU_live",0.203214328823167,FALSE,FALSE,-0.133688081334605,0.532823811079483,0.0190843915711037,"PPT","prev.nov"
"QURU_live",0.0920280506751122,FALSE,FALSE,-0.283961371052256,0.464107289193106,0.00864259604517117,"PPT","prev.dec"
"QURU_live",-0.120513926441912,FALSE,FALSE,-0.398232573361355,0.202322693804366,-0.0113177794858648,"PPT","curr.jan"
"QURU_live",0.317721310536685,TRUE,FALSE,0.0606380946715907,0.56359473559729,0.0298380430941102,"PPT","curr.feb"
"QURU_live",0.196401106111391,FALSE,FALSE,-0.216141222676196,0.494340943773136,0.018444543924308,"PPT","curr.mar"
"QURU_live",0.277678580021655,FALSE,FALSE,-0.0797500427350761,0.558770931305974,0.0260775250580518,"PPT","curr.apr"
"QURU_live",0.190359208873536,FALSE,FALSE,-0.220847942326033,0.545928050555986,0.0178771334794475,"PPT","curr.may"
"QURU_live",0.10768142614783,FALSE,FALSE,-0.201964739182485,0.405766279706109,0.010112645665495,"PPT","curr.jun"
"QURU_live",0.204713253424525,FALSE,FALSE,-0.122063757327633,0.485387408480537,0.0192251595188834,"PPT","curr.jul"
"QURU_live",0.453607100305506,TRUE,FALSE,0.168309921929936,0.670126706525951,0.042599434655005,"PPT","curr.aug"
"QUVE_dead",0.117980326128096,FALSE,FALSE,-0.194905229358228,0.441230292033129,0.0115973761804902,"Tmin","prev.apr"
"QUVE_dead",0.0513352469696407,FALSE,FALSE,-0.341253220474147,0.348079498069553,0.00504621566971166,"Tmin","prev.may"
"QUVE_dead",0.166857264183671,FALSE,FALSE,-0.275339985049979,0.518216864945767,0.016401941956699,"Tmin","prev.jun"
"QUVE_dead",0.0789290988839511,FALSE,FALSE,-0.221548906131611,0.374771284170168,0.00775867029177755,"Tmin","prev.jul"
"QUVE_dead",-0.0394672252668065,FALSE,FALSE,-0.271848833620123,0.180416502169008,-0.00387959817743121,"Tmin","prev.aug"
"QUVE_dead",-0.0320445828659703,FALSE,FALSE,-0.43205227507707,0.298443385926017,-0.00314995808402876,"Tmin","prev.sep"
"QUVE_dead",-0.0998223166491204,FALSE,FALSE,-0.409632350074101,0.242597232913667,-0.00981245768155376,"Tmin","prev.oct"
"QUVE_dead",0.125013933599772,FALSE,FALSE,-0.291363976975231,0.488646284782492,0.0122887744367246,"Tmin","prev.nov"
"QUVE_dead",-0.483162956171619,TRUE,TRUE,-0.682557713864813,-0.18458600434407,-0.0474945505161265,"Tmin","prev.dec"
"QUVE_dead",0.250355970716728,TRUE,FALSE,0.00650263429180222,0.477776604874085,0.0246098011992377,"Tmin","curr.jan"
"QUVE_dead",0.0597764290434699,FALSE,FALSE,-0.319597096183857,0.427240825269896,0.00587597743704156,"Tmin","curr.feb"
"QUVE_dead",-0.0777012161534595,FALSE,FALSE,-0.405580538618991,0.27043355458426,-0.00763797035477639,"Tmin","curr.mar"
"QUVE_dead",0.0719767604821715,FALSE,FALSE,-0.251650752590886,0.409900722558401,0.00707526072320284,"Tmin","curr.apr"
"QUVE_dead",-0.128936250385473,FALSE,FALSE,-0.486335706295381,0.250981461162957,-0.0126743351887218,"Tmin","curr.may"
"QUVE_dead",0.29105806835,FALSE,FALSE,-0.0756605594879294,0.623581286572749,0.0286107863895616,"Tmin","curr.jun"
"QUVE_dead",-0.0324367747228365,FALSE,FALSE,-0.412373155007975,0.359289628926498,-0.00318851024478533,"Tmin","curr.jul"
"QUVE_dead",0.0655331201932364,FALSE,FALSE,-0.250531037051901,0.35955379800221,0.00644185579159241,"Tmin","curr.aug"
"QUVE_dead",0.190042651587398,FALSE,FALSE,-0.132983001718357,0.47589357794341,0.0186810478757611,"Tmean","prev.apr"
"QUVE_dead",0.118096373120089,FALSE,FALSE,-0.277621475419765,0.41216136733889,0.011608783511398,"Tmean","prev.may"
"QUVE_dead",0.125265572731973,FALSE,FALSE,-0.26059867752621,0.495560730292419,0.0123135103717202,"Tmean","prev.jun"
"QUVE_dead",0.0364341129379873,FALSE,FALSE,-0.393462027921844,0.350736466386018,0.00358144554614582,"Tmean","prev.jul"
"QUVE_dead",-0.072202404286864,FALSE,FALSE,-0.363750170359961,0.251718457443465,-0.00709744133730773,"Tmean","prev.aug"
"QUVE_dead",-0.0119857411511588,FALSE,FALSE,-0.396545763592211,0.292440899302584,-0.00117818922437159,"Tmean","prev.sep"
"QUVE_dead",-0.0238492047131495,FALSE,FALSE,-0.39732931521203,0.338882064260819,-0.00234435865487955,"Tmean","prev.oct"
"QUVE_dead",-0.0341963654238246,FALSE,FALSE,-0.424801138136655,0.350585755451277,-0.00336147667022896,"Tmean","prev.nov"
"QUVE_dead",-0.484846169383531,TRUE,TRUE,-0.678066606097534,-0.157902082829785,-0.0476600090925786,"Tmean","prev.dec"
"QUVE_dead",0.256565810186404,FALSE,FALSE,-0.0185246522856033,0.517133551139866,0.0252202236884253,"Tmean","curr.jan"
"QUVE_dead",0.0100302522024083,FALSE,FALSE,-0.388086373183516,0.415173170395473,0.00098596615040901,"Tmean","curr.feb"
"QUVE_dead",-0.0612166932286942,FALSE,FALSE,-0.435722678467008,0.306135605330661,-0.00601755430924988,"Tmean","curr.mar"
"QUVE_dead",0.112937151570647,FALSE,FALSE,-0.202326848440282,0.474224241995138,0.0111016359634042,"Tmean","curr.apr"
"QUVE_dead",-0.241732139018115,FALSE,FALSE,-0.572152184818257,0.160224263199878,-0.0237620851129348,"Tmean","curr.may"
"QUVE_dead",0.14811057024433,FALSE,FALSE,-0.226118674170412,0.483852470644972,0.014559156223771,"Tmean","curr.jun"
"QUVE_dead",-0.193055545366254,FALSE,FALSE,-0.51242882679377,0.189140212748515,-0.0189772130389877,"Tmean","curr.jul"
"QUVE_dead",-0.0994616436938192,FALSE,FALSE,-0.394662183771565,0.230753722774783,-0.0097770038048098,"Tmean","curr.aug"
"QUVE_dead",0.181324878793629,FALSE,FALSE,-0.128379564936295,0.489816638893947,0.0178240974513692,"Tmax","prev.apr"
"QUVE_dead",0.164580782403212,FALSE,FALSE,-0.199985625883468,0.462600083221398,0.0161781655319132,"Tmax","prev.may"
"QUVE_dead",0.0593075703996472,FALSE,FALSE,-0.262751172540004,0.374192477318176,0.00582988898953224,"Tmax","prev.jun"
"QUVE_dead",-0.0171694759911421,FALSE,FALSE,-0.423279332102595,0.363728385137678,-0.00168774641015126,"Tmax","prev.jul"
"QUVE_dead",-0.072981301774366,FALSE,FALSE,-0.441672869306023,0.262937378086485,-0.00717400636696184,"Tmax","prev.aug"
"QUVE_dead",-0.00855494911071542,FALSE,FALSE,-0.378002696274574,0.355021355154918,-0.000840944980387616,"Tmax","prev.sep"
"QUVE_dead",0.063677492743608,FALSE,FALSE,-0.320097619791919,0.412342825283379,0.00625944902691863,"Tmax","prev.oct"
"QUVE_dead",-0.147140736610854,FALSE,FALSE,-0.491473599408727,0.258282384893132,-0.0144638223164237,"Tmax","prev.nov"
"QUVE_dead",-0.460152513819748,TRUE,FALSE,-0.697850851578456,-0.151309459624176,-0.045232641562388,"Tmax","prev.dec"
"QUVE_dead",0.255044779411579,FALSE,FALSE,-0.0153688907384135,0.518792795501939,0.0250707075219876,"Tmax","curr.jan"
"QUVE_dead",-0.0230332550398366,FALSE,FALSE,-0.424601629800789,0.388295852894494,-0.00226415142358674,"Tmax","curr.feb"
"QUVE_dead",-0.0717452138974032,FALSE,FALSE,-0.413681964489148,0.309841402178963,-0.00705249987031326,"Tmax","curr.mar"
"QUVE_dead",0.136163719144518,FALSE,FALSE,-0.178765616581167,0.454027675135443,0.0133847898618202,"Tmax","curr.apr"
"QUVE_dead",-0.312492200215016,FALSE,FALSE,-0.601919630589664,0.0623894261317078,-0.0307177452232821,"Tmax","curr.may"
"QUVE_dead",-0.0363075341948529,FALSE,FALSE,-0.366616446509154,0.292929396938018,-0.00356900295212393,"Tmax","curr.jun"
"QUVE_dead",-0.276771458939086,FALSE,FALSE,-0.529939011781257,0.0853180846539364,-0.027206423568067,"Tmax","curr.jul"
"QUVE_dead",-0.249912894441051,FALSE,FALSE,-0.507837167364888,0.108461241685157,-0.0245662471388759,"Tmax","curr.aug"
"QUVE_dead",-0.195572984959221,FALSE,FALSE,-0.500283742644872,0.162719769404265,-0.0192246754331804,"PPT","prev.apr"
"QUVE_dead",0.0209700350864614,FALSE,FALSE,-0.380423223942503,0.371763485473545,0.00206133847393947,"PPT","prev.may"
"QUVE_dead",0.0578953197799535,FALSE,FALSE,-0.275071384132539,0.361884438142473,0.00569106582947474,"PPT","prev.jun"
"QUVE_dead",-0.0120114986471478,FALSE,FALSE,-0.419120253006355,0.442352928462056,-0.00118072116660515,"PPT","prev.jul"
"QUVE_dead",-0.263289799195828,FALSE,FALSE,-0.528163926969774,0.109559966733629,-0.025881186685689,"PPT","prev.aug"
"QUVE_dead",-0.0751492264091325,FALSE,FALSE,-0.468325682070841,0.362025750367192,-0.00738711170702541,"PPT","prev.sep"
"QUVE_dead",-0.381375056383698,FALSE,FALSE,-0.656116953208063,0.0435109927969261,-0.0374888775094181,"PPT","prev.oct"
"QUVE_dead",0.176857443029441,FALSE,FALSE,-0.211364841833223,0.482927765039905,0.0173849519190605,"PPT","prev.nov"
"QUVE_dead",-0.0737494944846163,FALSE,FALSE,-0.395115494507703,0.257571728963866,-0.00724951912516705,"PPT","prev.dec"
"QUVE_dead",-0.0227463754032099,FALSE,FALSE,-0.270258705682398,0.238861391512433,-0.00223595137385242,"PPT","curr.jan"
"QUVE_dead",0.0750924067973405,FALSE,FALSE,-0.271896453769584,0.374933843906096,0.00738152638247167,"PPT","curr.feb"
"QUVE_dead",-0.0568817060098648,FALSE,FALSE,-0.349185901858585,0.204608662955949,-0.00559142836805019,"PPT","curr.mar"
"QUVE_dead",0.133495818378937,FALSE,FALSE,-0.257905898409665,0.491726157426598,0.0131225372489815,"PPT","curr.apr"
"QUVE_dead",0.298430391106558,FALSE,FALSE,-0.0820218230528512,0.581893594029138,0.0293354801002652,"PPT","curr.may"
"QUVE_dead",0.282097032149058,FALSE,FALSE,-0.0679360031624311,0.589501713153417,0.0277299233575635,"PPT","curr.jun"
"QUVE_dead",0.275752548488153,FALSE,FALSE,-0.0637295354329207,0.566116516104835,0.0271062654469504,"PPT","curr.jul"
"QUVE_dead",0.195859404917208,FALSE,FALSE,-0.158086210375538,0.506566028106524,0.0192528302968547,"PPT","curr.aug"
"QUVE_live",-0.0441265421123867,FALSE,FALSE,-0.334711052667618,0.271552978999558,-0.0056016513336122,"Tmin","prev.apr"
"QUVE_live",-0.0267702578308632,FALSE,FALSE,-0.398538118360534,0.252856310675301,-0.00339835489709272,"Tmin","prev.may"
"QUVE_live",0.124309993326128,FALSE,FALSE,-0.329490850783365,0.518853842793338,0.0157805530767197,"Tmin","prev.jun"
"QUVE_live",-0.0905972565920935,FALSE,FALSE,-0.407415781701253,0.299173763951113,-0.0115008840239093,"Tmin","prev.jul"
"QUVE_live",-0.126029485554326,FALSE,FALSE,-0.347701868619049,0.0932617068221289,-0.015998834307746,"Tmin","prev.aug"
"QUVE_live",-0.205465723992597,FALSE,FALSE,-0.483219384504115,0.132800835544495,-0.0260828809989997,"Tmin","prev.sep"
"QUVE_live",-0.0364023635345284,FALSE,FALSE,-0.272510788891337,0.271081034353321,-0.00462110418080067,"Tmin","prev.oct"
"QUVE_live",0.0713047388451176,FALSE,FALSE,-0.383224330786062,0.467974382065989,0.00905179210343112,"Tmin","prev.nov"
"QUVE_live",-0.506904571185781,TRUE,TRUE,-0.695596305074224,-0.205873812889406,-0.0643490863155551,"Tmin","prev.dec"
"QUVE_live",0.18220075877485,FALSE,FALSE,-0.0851110327832462,0.462861486473872,0.0231295060641018,"Tmin","curr.jan"
"QUVE_live",0.0246772197032418,FALSE,FALSE,-0.404231721656153,0.425256105850497,0.00313265381883849,"Tmin","curr.feb"
"QUVE_live",-0.139661907153315,FALSE,FALSE,-0.452622871062456,0.236441327695754,-0.0177294043677305,"Tmin","curr.mar"
"QUVE_live",0.147450284223231,FALSE,FALSE,-0.203126120578107,0.467836664167692,0.018718101208948,"Tmin","curr.apr"
"QUVE_live",-0.0300950015990522,FALSE,FALSE,-0.420569673839631,0.352575915838227,-0.00382041505570567,"Tmin","curr.may"
"QUVE_live",0.273631655681247,FALSE,FALSE,-0.124060086454101,0.545882717170874,0.0347362166983645,"Tmin","curr.jun"
"QUVE_live",-0.0695365532415367,FALSE,FALSE,-0.457066789547783,0.38794615901216,-0.00882732948365125,"Tmin","curr.jul"
"QUVE_live",0.173836341021139,FALSE,FALSE,-0.168007886321401,0.471802045629077,0.0220676836410887,"Tmin","curr.aug"
"QUVE_live",0.0891800865573809,FALSE,FALSE,-0.216080918929122,0.401919341397132,0.0113209811347437,"Tmean","prev.apr"
"QUVE_live",0.0407718238484991,FALSE,FALSE,-0.320221423989188,0.334979529604463,0.00517578605758541,"Tmean","prev.may"
"QUVE_live",0.0710599305976223,FALSE,FALSE,-0.318342651068731,0.439236992618097,0.00902071487914809,"Tmean","prev.jun"
"QUVE_live",-0.115340188930079,FALSE,FALSE,-0.557259276017789,0.34347448862884,-0.0146418797442525,"Tmean","prev.jul"
"QUVE_live",-0.203714349712824,FALSE,FALSE,-0.505071995617017,0.0995972612887777,-0.025860552495557,"Tmean","prev.aug"
"QUVE_live",-0.141676761686586,FALSE,FALSE,-0.441091222811532,0.20753826985274,-0.0179851804164084,"Tmean","prev.sep"
"QUVE_live",0.0674580728609299,FALSE,FALSE,-0.26684136776719,0.392246469045896,0.00856347644104802,"Tmean","prev.oct"
"QUVE_live",-0.0475481667081404,FALSE,FALSE,-0.506376870303968,0.403191631831298,-0.00603601004522635,"Tmean","prev.nov"
"QUVE_live",-0.488943300581039,TRUE,FALSE,-0.696579075573194,-0.193180674209284,-0.0620689897881596,"Tmean","prev.dec"
"QUVE_live",0.161099299584054,FALSE,FALSE,-0.110312268120815,0.436910782493114,0.0204507777668283,"Tmean","curr.jan"
"QUVE_live",0.0144004606960331,FALSE,FALSE,-0.399840797212392,0.440548735401209,0.00182806891274448,"Tmean","curr.feb"
"QUVE_live",-0.132237177113681,FALSE,FALSE,-0.477803648394684,0.236034153042248,-0.0167868707601276,"Tmean","curr.mar"
"QUVE_live",0.205922530129122,FALSE,FALSE,-0.152284293976679,0.499266294075614,0.0261408703310744,"Tmean","curr.apr"
"QUVE_live",-0.159285585746305,FALSE,FALSE,-0.500854791230499,0.218531303380481,-0.0202205355576802,"Tmean","curr.may"
"QUVE_live",0.150483669243476,FALSE,FALSE,-0.214610104502088,0.453756627280474,0.0191031747821443,"Tmean","curr.jun"
"QUVE_live",-0.160551191945394,FALSE,FALSE,-0.499633060103538,0.255222540580348,-0.0203811981501603,"Tmean","curr.jul"
"QUVE_live",0.0459502463461786,FALSE,FALSE,-0.241112487756476,0.367381784969804,0.00583316177527146,"Tmean","curr.aug"
"QUVE_live",0.148282569696484,FALSE,FALSE,-0.145122209647022,0.461230006222657,0.0188237558287756,"Tmax","prev.apr"
"QUVE_live",0.107020626134843,FALSE,FALSE,-0.229063222763069,0.381431583140767,0.0135857514415111,"Tmax","prev.may"
"QUVE_live",0.0253507589702879,FALSE,FALSE,-0.30894914979677,0.332113110033039,0.00321815637473511,"Tmax","prev.jun"
"QUVE_live",-0.121268088593947,FALSE,FALSE,-0.607500290492021,0.353451364150133,-0.0153943979672543,"Tmax","prev.jul"
"QUVE_live",-0.250484853589895,FALSE,FALSE,-0.607990660043165,0.144698532976087,-0.0317978420014838,"Tmax","prev.aug"
"QUVE_live",-0.0701520516115677,FALSE,FALSE,-0.462130780343059,0.340489901868744,-0.00890546402808346,"Tmax","prev.sep"
"QUVE_live",0.14835058994857,FALSE,FALSE,-0.196789009497626,0.442580386706076,0.0188323906711533,"Tmax","prev.oct"
"QUVE_live",-0.115398065311642,FALSE,FALSE,-0.568980908451477,0.305612064723095,-0.014649226871275,"Tmax","prev.nov"
"QUVE_live",-0.468516611906869,TRUE,FALSE,-0.693459879680872,-0.177620743194473,-0.0594759203479684,"Tmax","prev.dec"
"QUVE_live",0.134821921237142,FALSE,FALSE,-0.178777100369186,0.420463611314496,0.0171149915389857,"Tmax","curr.jan"
"QUVE_live",-0.000915999852244972,FALSE,FALSE,-0.44222110069261,0.379195818973702,-0.00011628175579333,"Tmax","curr.feb"
"QUVE_live",-0.122970465081209,FALSE,FALSE,-0.430313857273714,0.235291094517845,-0.0156105064376595,"Tmax","curr.mar"
"QUVE_live",0.213814190027292,FALSE,FALSE,-0.0908185765434854,0.486690027121718,0.0271426784283509,"Tmax","curr.apr"
"QUVE_live",-0.257737858997008,FALSE,FALSE,-0.566548787603715,0.102208020234546,-0.0327185759966373,"Tmax","curr.may"
"QUVE_live",-0.0210341446305374,FALSE,FALSE,-0.359480613092283,0.327558235315559,-0.00267018303906408,"Tmax","curr.jun"
"QUVE_live",-0.2014838416642,FALSE,FALSE,-0.492800558415158,0.167683942477736,-0.0255774002749868,"Tmax","curr.jul"
"QUVE_live",-0.0699333456926947,FALSE,FALSE,-0.357358976276323,0.243569065126345,-0.00887770036831145,"Tmax","curr.aug"
"QUVE_live",-0.164352358154258,FALSE,FALSE,-0.49182981253554,0.166165759429232,-0.020863737835888,"PPT","prev.apr"
"QUVE_live",-0.0137223868605337,FALSE,FALSE,-0.400007058179194,0.335815337857903,-0.00174199071529045,"PPT","prev.may"
"QUVE_live",0.041445465203788,FALSE,FALSE,-0.277535422481825,0.426500664942099,0.00526130157309124,"PPT","prev.jun"
"QUVE_live",0.0380468010264402,FALSE,FALSE,-0.362520106215353,0.512824406004487,0.00482985757566557,"PPT","prev.jul"
"QUVE_live",-0.169872072740749,FALSE,FALSE,-0.507044039269333,0.24674889053316,-0.0215644389353721,"PPT","prev.aug"
"QUVE_live",-0.204661142305478,FALSE,FALSE,-0.559667145793919,0.272655451190591,-0.0259807432409769,"PPT","prev.sep"
"QUVE_live",-0.37765842477682,FALSE,FALSE,-0.636900150543307,0.0117506289651989,-0.0479419124528933,"PPT","prev.oct"
"QUVE_live",0.15233955122228,FALSE,FALSE,-0.21961239663528,0.495501624154333,0.0193387700330732,"PPT","prev.nov"
"QUVE_live",-0.00675982759946301,FALSE,FALSE,-0.315233926138961,0.316644798553475,-0.000858127455151106,"PPT","prev.dec"
"QUVE_live",0.10278142691261,FALSE,FALSE,-0.20919130676125,0.403428086070087,0.013047605580995,"PPT","curr.jan"
"QUVE_live",0.165278133448064,FALSE,FALSE,-0.210801422063845,0.470207091265223,0.0209812605367596,"PPT","curr.feb"
"QUVE_live",0.118765163650365,FALSE,FALSE,-0.241314336414028,0.440828022823002,0.0150766637379906,"PPT","curr.mar"
"QUVE_live",0.153943823634147,FALSE,FALSE,-0.189007272079693,0.501260118081213,0.0195424246650751,"PPT","curr.apr"
"QUVE_live",0.232490950757554,FALSE,FALSE,-0.160307197142067,0.54362792521567,0.02951360297045,"PPT","curr.may"
"QUVE_live",0.265548438813538,FALSE,FALSE,-0.0583850801793274,0.545394811350464,0.03371009136927,"PPT","curr.jun"
"QUVE_live",0.200947397675245,FALSE,FALSE,-0.123966500436508,0.489924552052404,0.0255093013022986,"PPT","curr.jul"
"QUVE_live",0.240066041353205,FALSE,FALSE,-0.105918333046166,0.560205036256086,0.0304752241242056,"PPT","curr.aug"
