"year","month","cld","drt","frs","pet","pet_sum","pre","tmn","tmp","tmx","vap","wet"
1901,1,71.9,11.8,25.99,1.1,34.1,63.1,-4.7,1.2,7.1,4.8,12.75
1901,2,70.6,12.5,26.58,1.1,30.8,7,-8.9,-2.6,3.7,3.5,6.86
1901,3,69.4,13.5,20.27,2.4,74.4,83.7,-0.9,5.9,12.7,5.4,10.86
1901,4,74.6,11.7,9.7,2.5,75,159.6,3,8.8,14.7,7.9,14.75
1901,5,72.4,12.1,0,3.3,102.3,150.7,10,16,22.1,13.1,11.48
1901,6,64.8,13.2,0,4.2,126,164.3,14.6,21.2,27.8,17.8,12.85
1901,7,68.4,14.3,0,4.8,148.8,103.1,19.8,26.9,34.1,23.9,11.38
1901,8,68.3,14.4,0,3.9,120.9,173.2,17.5,24.7,31.9,23.3,10.52
1901,9,58.1,15.3,0,2.8,84,98.9,10.1,17.7,25.4,16.5,6.93
1901,10,44.5,17.8,7.61,2.7,83.7,11.2,4,12.9,21.8,9.6,5.06
1901,11,66.4,14.3,23.26,1.4,42,54.7,-2.9,4.3,11.5,5.9,8.43
1901,12,67.6,12.7,26.58,1.2,37.2,117.6,-5.3,1.1,7.5,4.3,17.2
1902,1,69.3,11.4,27.14,1.1,34.1,63.7,-5.9,-0.2,5.5,4.1,13.46
1902,2,73,11.5,26.05,1.2,33.6,97.9,-8,-2.2,3.6,3.5,13.48
1902,3,68.9,14.1,18.19,2.1,65.1,84.9,-0.1,7,14.1,7.3,12.21
1902,4,67,14.4,7.36,3.3,99,69.8,4,11.2,18.4,8,9.49
1902,5,61.3,16.2,0,4.5,139.5,55.2,10.8,18.9,27,13.7,10.9
1902,6,56.3,16.3,0,4.8,144,99,13.6,21.7,29.9,17.8,11.91
1902,7,56.3,14.9,0,5,155,37.3,18.1,25.5,33,21.8,9.51
1902,8,52.7,16.1,0,4.2,130.2,77,14.8,22.8,30.9,20.6,7.52
1902,9,50.4,15.6,0,3.1,93,65.1,10.7,18.5,26.3,16.5,11.83
1902,10,56.8,17.4,6.27,2.4,74.4,103.7,4.6,13.3,22,11.2,12.14
1902,11,65.1,15,9.7,2,60,80.9,3,10.5,18,8.5,10.69
1902,12,74.1,9.7,24.82,1,31,103,-3.6,1.3,6.2,4.9,15.07
1903,1,71,10.4,26.48,0.9,27.9,85.7,-5.2,0,5.2,4.8,13.89
1903,2,65.8,12.8,22.62,1.5,42,85.6,-3.8,2.6,9,5.2,15.45
1903,3,69.1,13.8,7.84,3,93,106.2,3.9,10.8,17.7,7.3,15.83
1903,4,67.9,14.2,5.46,3.3,99,101.1,4.9,12,19.1,8.5,13.22
1903,5,59.3,16,0,4.3,133.3,86.9,10.7,18.7,26.7,14.4,10.48
1903,6,71.4,14.4,0,4,120,206.7,13.2,20.4,27.6,17.2,11.32
1903,7,58.1,14.8,0,4.9,151.9,64.6,17.9,25.3,32.7,21.5,12.07
1903,8,64.5,14.9,0,4.2,130.2,119.4,16.2,23.6,31.1,20,10.29
1903,9,48,15.8,0,3.5,105,57.4,11.7,19.6,27.5,15.9,5.62
1903,10,61.4,16.3,4.09,2.5,77.5,88.3,5.7,13.8,22,10.6,9.95
1903,11,56.4,16.5,23.48,1.7,51,21.8,-3.1,5.2,13.5,5.9,6.06
1903,12,67.9,13,28.4,1,31,27.2,-7.4,-0.9,5.6,4.2,9.72
1904,1,67,12.4,29.24,1.1,34.1,51.8,-8.6,-2.4,3.8,3.4,12.13
1904,2,66.3,12.8,27.24,1.3,37.7,29,-8.4,-2,4.4,3.5,9.45
1904,3,68.8,13.4,18.45,2.6,80.6,54.4,-0.2,6.5,13.2,5.3,11.86
1904,4,68.3,14.2,9.94,3.1,93,66.5,2.9,10,17.1,7.6,11.93
1904,5,63.6,16.3,0,3.9,120.9,81.5,9.9,18,26.2,15,11.19
1904,6,63.4,16.4,0,4.9,147,144.7,14.6,22.8,31,17.7,13.34
1904,7,63.3,15.8,0,4.6,142.6,123.8,16.6,24.5,32.4,21.5,12.77
1904,8,60.5,16.2,0,4.2,130.2,68.9,15.4,23.5,31.6,20.6,10.01
1904,9,51.4,15.7,0,3.6,108,51,12.8,20.6,28.5,16.7,10.93
1904,10,41.5,18,7.38,2.8,86.8,32.1,4.1,13.1,22.1,9.3,7.18
1904,11,61.3,15.7,22.46,1.6,48,32.9,-2.2,5.7,13.6,6.5,8.53
1904,12,73,12.3,28.17,0.9,27.9,69.1,-7.1,-0.9,5.3,4.2,12.71
1905,1,70,12.2,28.55,1.2,37.2,81.9,-7.6,-1.5,4.6,3.5,13.76
1905,2,70.5,11.9,27.16,0.9,25.2,51.8,-10.1,-4.1,1.9,3.5,11.32
1905,3,65.5,14,15.79,2.7,83.7,61,0.8,7.8,14.8,6.1,11.87
1905,4,64,16.7,5.86,3.9,117,54.2,4.7,13,21.4,8.3,11.28
1905,5,68.2,16.2,0,4.3,133.3,104.9,10.7,18.8,26.9,13.8,12.41
1905,6,65.8,17.2,0,5,150,175.1,14.6,23.2,31.8,18.1,12.09
1905,7,68.8,15.8,0,4.6,142.6,121.2,17.2,25.1,33,21.6,16.49
1905,8,64.9,16,0,4.3,133.3,105.7,16.1,24.1,32.1,20.4,15.56
1905,9,52.4,16.2,0,3.5,105,49.2,12,20.1,28.2,16.8,8.19
1905,10,51,18.6,6.71,2.8,86.8,76.8,4.4,13.7,23,10.1,8.6
1905,11,58.4,16.5,21.77,1.8,54,25.5,-1.8,6.5,14.8,6.5,6.62
1905,12,72.2,12.6,25.57,1.1,34.1,103.3,-4.3,2,8.3,5.1,15.01
1906,1,70.5,11.6,22.25,1.5,46.5,61,-1.7,4.1,9.9,5.1,13.45
1906,2,62.3,15.9,24.92,1.7,47.6,27.3,-6.4,1.6,9.6,4.5,9.79
1906,3,79.3,10.2,23.8,1.5,46.5,122.9,-2.7,2.4,7.5,5.3,13.61
1906,4,59.7,17.3,5.86,4.1,123,53.7,4.7,13.3,22,8.3,11.62
1906,5,58.8,16.5,0,4.6,142.6,71.4,10.1,18.3,26.6,12.7,8.83
1906,6,69.2,15.9,0,4.7,141,178.7,15.8,23.7,31.7,20,13.1
1906,7,71.3,15.8,0,4.4,136.4,100,16.6,24.5,32.4,21.5,14.57
1906,8,71.6,13.4,0,3.9,120.9,189.4,18.5,25.2,31.9,23.6,10.05
1906,9,61,15.5,0,3.4,102,54.7,14.1,21.8,29.6,19.1,5.04
1906,10,68.5,14.2,4.45,1.8,55.8,159.4,5.5,12.6,19.7,11.8,11.16
1906,11,61.1,15.6,16.06,2.1,63,45.3,0.5,8.3,16.1,6.5,8.4
1906,12,71.8,11.7,24.71,1.5,46.5,83.7,-3.5,2.4,8.3,4.2,12.58
1907,1,67,12.3,24.6,1.4,43.4,64.4,-3.4,2.8,9,5,12.39
1907,2,67.2,14.1,25.99,1.5,42,53.2,-7.9,-0.8,6.3,3.5,9.46
1907,3,65.6,15.2,11.81,3,93,55.2,2.3,9.9,17.5,7,11.69
1907,4,69.7,14.6,12.44,3,90,99.9,1.9,9.2,16.5,7,12.5
1907,5,66.6,15.9,0.92,4,124,66.2,8,15.9,23.9,11.5,14
1907,6,66.2,15.6,0,4,120,131,11.3,19.1,26.9,16,12.25
1907,7,60.9,15.4,0,4.7,145.7,95.5,16.9,24.6,32.3,21.5,8.39
1907,8,59.3,16.2,0,4.1,127.1,101.6,14.5,22.6,30.7,20,10.94
1907,9,65.3,16.4,0,3.2,96,160.7,12.5,20.7,28.9,18.8,12.66
1907,10,46,18.2,12.6,2.5,77.5,27,2,11.1,20.2,8.9,7.49
1907,11,72,13.1,18.11,1.6,48,98,-0.3,6.3,12.9,6.5,11.31
1907,12,71,12.4,24.93,1.1,34.1,81.2,-3.7,2.5,8.7,5.5,13.59
1908,1,66.4,12.8,27.14,1.1,34.1,84.5,-5.9,0.5,6.9,4.6,12.98
1908,2,71.2,11.9,26.71,1.2,34.8,97.9,-7.6,-1.6,4.4,3.7,13.92
1908,3,66.9,14.8,13.12,2.9,89.9,53.9,1.8,9.2,16.6,6.7,11.84
1908,4,62.1,16.5,4.31,3.9,117,52.5,5.5,13.7,22,8.9,9.31
1908,5,71.8,14.7,0,3.8,117.8,158.8,10.9,18.2,25.6,14.7,15.02
1908,6,55.7,17.3,0,5,150,95.2,13.5,22.1,30.8,17.6,7.57
1908,7,54.8,15.8,0,4.9,151.9,131.8,17.6,25.5,33.4,23.5,10.53
1908,8,62.4,15.7,0,4,124,161.2,15,22.8,30.7,20.6,12.13
1908,9,47.6,16.8,0,3.5,105,58.5,11.2,19.6,28,16.7,9.69
1908,10,46.9,17.8,5.43,2.7,83.7,61.9,5,13.9,22.8,10.8,7.1
1908,11,55.8,16.3,19.37,2,60,23.3,-0.8,7.4,15.6,6.5,5.48
1908,12,71.5,12.4,25.47,1,31,52.7,-4.2,2,8.2,5.5,12.33
1909,1,67.6,11.5,25.68,1.1,34.1,64.1,-4.4,1.4,7.2,4.9,13.01
1909,2,66.1,14.3,19.88,2,56,79.8,-1.6,5.6,12.8,5.5,13.33
1909,3,69.5,13.9,22.01,2.3,71.3,53.9,-1.6,5.4,12.4,5.4,14.39
1909,4,66.3,16.1,6.28,3.6,108,85,4.5,12.5,20.6,8.5,11.28
1909,5,63.9,16,0.04,4.2,130.2,96.1,9.6,17.6,25.6,12.7,12.59
1909,6,66.1,15.9,0,4.8,144,167.5,15.8,23.7,31.7,19.8,11.64
1909,7,49.1,15.8,0,5.1,158.1,34.2,16.1,24,31.9,19.9,8.39
1909,8,53.3,16.8,0,4.3,133.3,84.3,14.3,22.7,31.1,19.4,9.08
1909,9,55.6,16.4,0,3.3,99,67.7,10.9,19.1,27.3,15.9,9.1
1909,10,48.4,19.1,13.12,2.4,74.4,52.5,1.8,11.3,20.9,9.5,6.25
1909,11,58.3,16.8,12.7,2.2,66,15.9,1.8,10.2,18.6,8.1,6.53
1909,12,74.9,12.8,28.7,0.9,27.9,64.8,-7.8,-1.4,5,4.2,12.64
1910,1,68.7,12,27.23,1.1,34.1,103.1,-6,0,6,4.3,16.04
1910,2,68.8,12.3,24.35,1.3,36.4,68,-5.7,0.5,6.7,4.4,11.13
1910,3,57.5,15.5,9.77,3.2,99.2,11.3,3.1,10.8,18.6,7.2,4.96
1910,4,63.5,17,4.49,3.8,114,114.5,5.4,13.9,22.4,9.6,14.89
1910,5,62.8,16.7,0.92,4,124,59.1,8,16.3,24.7,12.7,12.33
1910,6,66.9,14.9,0,4.4,132,185.4,13.2,20.6,28.1,16.2,12.33
1910,7,60.9,15,0,4.7,145.7,123,17,24.5,32,21.5,11.01
1910,8,54.2,15.1,0,4.3,133.3,36.1,15.7,23.2,30.8,20,6.57
1910,9,55.6,15.7,0,3.6,108,29.6,13.9,21.7,29.6,18.5,8.43
1910,10,52.1,18.2,2.75,2.8,86.8,76.2,6.5,15.6,24.7,12,11.79
1910,11,72.1,13.3,22.34,1.3,39,26.3,-2.1,4.6,11.3,6.5,8.47
1910,12,71.9,12.8,29.49,0.7,21.7,47,-9,-2.6,3.8,4.2,11.28
1911,1,66.6,12.6,24.6,1.4,43.4,105.5,-3.4,2.9,9.2,5,13.68
1911,2,69.5,12.9,22.22,1.6,44.8,35.8,-3.4,3.1,9.6,5.2,10.3
1911,3,64.8,15,23.56,2.3,71.3,57,-2.5,5,12.5,5.3,10.12
1911,4,69.2,14.3,9.46,3.1,93,62.5,3.1,10.2,17.4,7.6,11.75
1911,5,51.1,16.4,0,5,155,37.3,12.1,20.3,28.5,14.7,6.62
1911,6,57.2,17,0,5,150,111.2,14.3,22.8,31.3,18.2,12.17
1911,7,43.6,16.8,0,5.5,170.5,76.2,17.1,25.5,33.9,21.8,11.92
1911,8,56.8,16.8,0,4.5,139.5,205.3,16,24.4,32.8,21.2,13.53
1911,9,66.2,15.2,0,3.3,99,48.4,13.9,21.5,29.1,18.6,8.84
1911,10,66.7,13.8,2.17,2.2,68.2,108.6,6.9,13.8,20.7,11.2,10.84
1911,11,70.3,13.7,20.35,1.5,45,66.4,-1.2,5.7,12.6,6.5,11.48
1911,12,71.1,11.1,22.49,1,31,70.8,-1.8,3.8,9.4,6.2,12.95
1912,1,69.6,11.9,30.38,0.8,24.8,49.2,-10.8,-4.8,1.2,3.1,12.58
1912,2,69.2,12.6,26.85,1.3,37.7,39.8,-7.8,-1.5,4.8,3.5,11.23
1912,3,72.4,12.3,21.77,2.1,65.1,118.3,-1.5,4.7,10.9,5.3,15.67
1912,4,69.3,15.1,4.13,3.6,108,61.1,5.6,13.1,20.7,9,11.65
1912,5,64.5,16.1,0,4.1,127.1,118.6,10.2,18.2,26.3,14.3,13.77
1912,6,57.2,16,0,4.8,144,83.2,13.3,21.3,29.3,16.8,11.85
1912,7,61.5,15.2,0,4.6,142.6,101.6,16.7,24.3,31.9,21.5,14.28
1912,8,56.7,15.1,0,4.1,127.1,47.2,15.3,22.8,30.4,20.2,7.71
1912,9,64.5,14.5,0,3.4,102,143.7,14.7,21.9,29.2,18.6,11.66
1912,10,48.3,17.6,3.73,2.7,83.7,17,5.9,14.7,23.5,11.3,4.76
1912,11,62.1,15.9,17.86,2,60,49.5,-0.2,7.8,15.8,6.6,7.91
1912,12,63.6,13.8,25.57,1,31,79.3,-4.3,2.6,9.5,5.9,13.23
1913,1,63.7,14,22.01,1.6,49.6,52.7,-1.6,5.4,12.4,6.1,12.57
1913,2,69.3,14,23.47,1.7,47.6,16,-4.7,2.3,9.3,4.6,9.2
1913,3,65.7,14,11.81,2.8,86.8,116.9,2.3,9.3,16.3,7,14.36
1913,4,66.4,14.5,3.95,3.6,108,91.8,5.7,12.9,20.2,8.6,15.5
1913,5,62.7,15.6,0.01,4.2,130.2,118.1,9.8,17.6,25.4,12.7,13.07
1913,6,54.3,16,0,5.1,153,148.2,14.1,22.1,30.1,16.6,8.74
1913,7,57.6,15.2,0,4.7,145.7,91.1,17,24.6,32.2,21.9,10.01
1913,8,58.4,16.2,0,4.1,127.1,69.1,15.2,23.3,31.4,21,11.7
1913,9,55.7,16.1,0,3.3,99,45.8,11.5,19.5,27.6,16.5,8.52
1913,10,67.8,14.1,1.21,2.3,71.3,102.3,7.7,14.7,21.8,12.1,9
1913,11,62.3,15.1,15.8,1.9,57,87.3,0.6,8.1,15.7,6.9,9.58
1913,12,70.4,12,23.56,1.1,34.1,41.2,-2.5,3.5,9.5,5.9,9.75
1914,1,70.1,11.9,24.37,1.3,40.3,65.9,-3.2,2.8,8.8,5,14.91
1914,2,66.7,13.1,26.58,1.2,33.6,60.9,-8.9,-2.3,4.3,3.5,11.81
1914,3,70.9,12.9,23.68,2,62,53,-2.6,3.9,10.4,5.3,10.04
1914,4,65.8,14.9,6.07,3.7,111,87.6,4.6,12,19.5,7.6,12.13
1914,5,57.8,15.4,0,4.2,130.2,31.3,10.7,18.4,26.1,14.5,8.18
1914,6,52.7,16.7,0,5.3,159,69.6,15.2,23.5,31.9,18.6,13.18
1914,7,58.1,15.4,0,4.6,142.6,66.6,16.5,24.2,31.9,21.7,8.8
1914,8,54,16.2,0,4.4,136.4,73,16.2,24.3,32.4,22,12.48
1914,9,45.9,16.8,0,3.4,102,34.9,10.1,18.5,26.9,15.3,4.63
1914,10,61.5,14.3,0.92,2.4,74.4,39.6,8,15.1,22.3,12.1,7.74
1914,11,57.6,15.2,19.12,1.8,54,46,-0.7,6.9,14.5,6.5,9.42
1914,12,79.6,9.4,27.14,0.8,24.8,104,-5.9,-1.2,3.5,4.2,14.16
1915,1,73,10.6,25.78,0.9,27.9,149,-4.5,0.8,6.1,5.1,17.84
1915,2,69.6,12,21.5,1.5,42,87.8,-2.7,3.3,9.3,5.5,12.24
1915,3,71.4,12.9,24.71,1.8,55.8,20.2,-3.5,3,9.5,5.3,7.62
1915,4,56.9,18.7,4.13,4.4,132,15.6,5.6,14.9,24.3,9.4,7.38
1915,5,68.5,14.8,0.02,3.9,120.9,78.2,9.7,17.1,24.5,12.7,10.11
1915,6,61.1,15.8,0,4.5,135,127.3,13.4,21.3,29.2,17.6,14.75
1915,7,56.4,16.4,0,4.7,145.7,54.2,16,24.2,32.4,22.3,10.6
1915,8,65.7,15.1,0,3.7,114.7,160.9,15,22.5,30.1,21.2,13.73
1915,9,57.1,15.9,0,3.3,99,73.4,13.1,21,29,18.9,7.6
1915,10,60,15.5,1.66,2.5,77.5,85.1,7.3,15,22.8,12,8.79
1915,11,58.8,15.3,15.8,2.1,63,45.7,0.6,8.2,15.9,6.6,7.12
1915,12,72.4,10.6,25.88,1.3,40.3,63.8,-4.6,0.7,6,3.7,12.12
1916,1,63.4,13.1,24.03,1.5,46.5,54.4,-2.9,3.7,10.3,5.1,10.73
1916,2,68.2,12.9,25.04,1.3,37.7,49.2,-5.5,1,7.5,4.8,11.32
1916,3,69.3,14.8,24.26,2.1,65.1,87.6,-3.1,4.3,11.7,5.3,11.52
1916,4,68.3,14.8,6.28,3.5,105,80.2,4.5,11.9,19.3,7.8,11.83
1916,5,68.5,14.4,0,4.2,130.2,68.6,12,19.2,26.4,14.5,10.47
1916,6,63.2,15.1,0,4.4,132,203.6,13.2,20.7,28.3,17,14.51
1916,7,70.2,13.6,0,4.2,130.2,84.3,18,24.8,31.6,23.3,11.93
1916,8,60.2,15.5,0,4.2,130.2,51.9,16.4,24.1,31.9,22,8.94
1916,9,50.1,16.5,0,3.2,96,65.3,10,18.2,26.5,15.9,7.94
1916,10,43.3,15.9,2.04,2.8,86.8,48.9,7,14.9,22.9,10.7,6.92
1916,11,58.6,14.8,13.47,2.2,66,28.2,1.5,8.9,16.3,6.5,9.01
1916,12,65.7,12.4,26.48,1.2,37.2,48.7,-5.2,1,7.2,4.4,13.84
1917,1,67.2,13,25.78,1.3,40.3,53.7,-4.5,2,8.5,4.7,12.66
1917,2,64.6,14.7,24.6,1.8,50.4,49.9,-6,1.4,8.8,3.8,9.96
1917,3,71,14.1,17.66,2.6,80.6,109.7,0.1,7.1,14.2,5.7,14.62
1917,4,65.6,13.4,4.49,3.6,108,64.4,5.4,12.1,18.8,7.6,10.19
1917,5,73.4,13.3,1.54,3.1,96.1,61.4,7.4,14,20.7,11.7,9.68
1917,6,60.6,16,0,4.4,132,43.1,13,21,29,17.8,13.9
1917,7,70.5,13.2,0,3.7,114.7,105.4,16.8,23.4,30,23.9,15.2
1917,8,58.8,12.5,0,3.7,114.7,107.4,16.6,22.8,29.1,22,6.09
1917,9,61.7,13.1,0,2.8,84,75.9,10.8,17.3,23.9,14.9,6.78
1917,10,53.2,16.3,10.78,2.1,65.1,127.4,2.7,10.8,19,9.5,10.24
1917,11,59.1,17.1,23.03,1.9,57,8.2,-2.7,5.9,14.5,5.9,4.9
1917,12,71.1,12.3,29.98,0.7,21.7,28.6,-9.9,-3.7,2.5,3.8,8.56
1918,1,70.4,11.8,30.65,0.7,21.7,100.3,-11.6,-5.7,0.2,3.1,15.84
1918,2,63.4,13.7,23.83,1.6,44.8,13.8,-5.1,1.8,8.7,4.4,7.42
1918,3,59.6,17.1,17.39,3.1,96.1,86.9,0.2,8.7,17.3,6.2,13.84
1918,4,70.3,13.1,6.49,3.2,96,106.9,4.4,10.9,17.5,7.6,16.12
1918,5,61.5,16.2,0,4.6,142.6,46.8,11.9,20,28.1,15.1,10.41
1918,6,59.5,15.2,0,5,150,67.9,14.5,22.1,29.7,16,9.07
1918,7,54.8,16.2,0,4.9,151.9,89.4,16.2,24.3,32.4,21.3,10.86
1918,8,58.1,16.7,0,4.1,127.1,116.4,15.7,24,32.4,23,8.48
1918,9,56,16.5,0.04,3.1,93,96.3,9.6,17.8,26.1,15.3,8.43
1918,10,52.6,17.9,1.42,3,93,44.3,7.5,16.4,25.4,12,6.45
1918,11,65.7,16.1,17.6,2,60,21.2,-0.1,8,16.1,6.8,7.82
1918,12,75.1,11.2,21.77,1.1,34.1,115.8,-1.5,4.1,9.7,6.1,14.1
1919,1,63.8,13.7,25.57,1.3,40.3,70,-4.3,2.6,9.5,5.1,12.91
1919,2,70,11.8,22.42,1.3,36.4,36.1,-3.6,2.3,8.2,5.3,10.13
1919,3,65.9,15.9,15.79,3.1,96.1,84.2,0.8,8.7,16.7,5.7,13.69
1919,4,65.1,16.7,6.71,4,120,58.5,4.3,12.6,21,7.4,12.92
1919,5,68.1,15.4,0,3.9,120.9,161.5,10.3,18,25.7,14.6,14.3
1919,6,63.1,15.6,0,4.9,147,82.2,16.1,23.9,31.7,19.8,11
1919,7,61.2,13.6,0,4.4,136.4,132.2,17.9,24.7,31.5,23.5,14.35
1919,8,59.3,13.3,0,3.7,114.7,91.9,16,22.6,29.3,21.4,9.96
1919,9,49.5,14.8,0,3.2,96,54.8,12.2,19.6,27,17.7,6.45
1919,10,64.4,13.3,0,2.5,77.5,66.8,10.6,17.2,23.9,13.7,9.64
1919,11,66.9,13.2,16.06,1.9,57,50.3,0.5,7.1,13.7,6,9.49
1919,12,64.5,12.5,28.25,0.9,27.9,58.4,-7.2,-0.9,5.4,4.2,12.4
1920,1,69.3,10.9,28.25,1.2,37.2,38.8,-7.2,-1.7,3.8,3.1,12.23
1920,2,74.4,10.5,25.04,1.4,40.6,46.1,-5.5,-0.2,5.1,3.6,11.99
1920,3,62.1,15.4,20.01,2.9,89.9,93.4,-0.8,6.9,14.6,5.1,11.65
1920,4,68.7,13.7,7.14,3.3,99,101.7,4.1,10.9,17.8,7.6,14.71
1920,5,62.8,15.9,1.78,3.6,111.6,29.5,7.2,15.1,23.1,12.5,8.74
1920,6,61.5,15.6,0,4.5,135,131,13.4,21.2,29,17.2,12.17
1920,7,61.6,15.2,0,4.2,130.2,76.3,15.1,22.7,30.3,20.9,13.51
1920,8,73.1,12.2,0,3.1,96.1,147,16.3,22.4,28.5,23,11.46
1920,9,57.4,14.3,0,3,90,87.2,12.8,19.9,27.1,18.6,9.43
1920,10,46.2,17.2,2.31,2.7,83.7,40.6,6.8,15.4,24,12.3,4.51
1920,11,77.4,10.9,13.99,1.6,48,106.6,1.3,6.7,12.2,6.5,11.84
1920,12,76.2,9.9,23.45,1,31,52.9,-2.4,2.6,7.6,5.5,12.56
1921,1,67,11.9,25.57,1.1,34.1,41.1,-4.3,1.7,7.7,5,12.26
1921,2,71.4,12.9,21.07,1.7,47.6,47.1,-2.3,4.2,10.7,5.4,10.47
1921,3,57.8,16.5,5.23,3.8,117.8,35.1,5.1,13.3,21.6,7.9,12.05
1921,4,62.2,17.5,2.96,4.2,126,49.6,6.3,15,23.8,9.6,11.55
1921,5,70,13.7,0.19,3.4,105.4,173.5,9.1,15.9,22.8,13.5,14.72
1921,6,53.4,15.8,0,5.1,153,52.5,15.7,23.6,31.5,19.2,11.08
1921,7,59.9,14.1,0,4.5,139.5,101.7,18.2,25.2,32.3,24.7,12.07
1921,8,55,15.2,0,4.4,136.4,67.5,15.8,23.4,31,19.7,7.27
1921,9,58.5,14.3,0,3.6,108,40.3,16.5,23.6,30.8,20.9,9.18
1921,10,40.8,17.8,4.45,2.9,89.9,24.8,5.5,14.4,23.3,10.1,6.92
1921,11,72.9,12.3,10.93,1.8,54,74.8,2.5,8.6,14.8,7.2,12.01
1921,12,71.4,13.8,25.36,1.2,37.2,53.7,-4.1,2.8,9.7,5.5,10.37
1922,1,71.5,12.6,28.55,0.8,24.8,80.6,-7.6,-1.3,5,4.6,16.19
1922,2,69.2,12.6,21.5,1.6,44.8,88,-2.7,3.6,9.9,5.2,11.4
1922,3,69.6,14.9,15.79,2.5,77.5,85.8,0.8,8.2,15.7,7,14.68
1922,4,66.5,15.7,3.12,3.8,114,38.4,6.2,14,21.9,9.3,8.32
1922,5,66,16.3,0,4.4,136.4,101.8,11.3,19.4,27.6,14.6,13.26
1922,6,67.4,16.2,0,4.8,144,81.2,16.1,24.2,32.3,20.2,11.32
1922,7,67,14.7,0,4.6,142.6,115.8,17.7,25,32.4,21.5,15.97
1922,8,60.4,15.9,0,3.9,120.9,80.9,14.5,22.4,30.4,21,9.63
1922,9,49.3,16.1,0,3.7,111,21.8,13.1,21.1,29.2,17.4,11.25
1922,10,47.5,18.3,3.39,2.8,86.8,55.2,6.1,15.2,24.4,12.1,6.86
1922,11,63.7,14.8,13.73,2.1,63,11.3,1.4,8.8,16.2,6.6,5.56
1922,12,68.6,14.1,24.93,1.2,37.2,78.2,-3.7,3.4,10.5,5.7,12.84
1923,1,72,10,24.37,1.1,34.1,80.5,-3.2,1.8,6.8,5.1,14.49
1923,2,73,11.2,24.18,1.4,39.2,46.9,-5.5,0.1,5.7,3.9,10.46
1923,3,61.6,15.2,19.24,2.8,86.8,91.3,-0.5,7.1,14.7,5.3,13.4
1923,4,63.1,15.9,7.82,3.7,111,73.8,3.8,11.7,19.7,7.6,13.02
1923,5,57.9,15.6,0.66,3.9,120.9,21.3,8.3,16.1,23.9,12.7,9.09
1923,6,56.2,14.9,0,4.9,147,51.4,16,23.4,30.9,19.8,10.55
1923,7,58.5,14,0,4.5,139.5,94.4,16.7,23.7,30.7,20.9,12.29
1923,8,64,12.7,0,3.6,111.6,91.9,16,22.3,28.7,20.8,9.26
1923,9,61.9,12.6,0,2.9,87,77.4,13.9,20.2,26.5,18.5,9.43
1923,10,53.1,14.4,5.43,2.3,71.3,32.9,5,12.2,19.4,9.8,6.67
1923,11,71.1,11.4,16.32,1.5,45,76.2,0.4,6.1,11.8,6.5,9.37
1923,12,67.9,11.4,18.71,1.3,40.3,61.3,-0.3,5.4,11.1,6.2,12.2
1924,1,64.1,11.5,27.5,1.1,34.1,110.7,-6.3,-0.5,5.3,4.1,13.81
1924,2,75.3,11.3,25.97,1,29,61.7,-6.6,-0.9,4.8,4.5,12.41
1924,3,72.3,11.2,18.45,2,62,108.9,-0.2,5.4,11,6,15.41
1924,4,66.6,13.8,8.98,3.1,93,61,3.3,10.2,17.1,7.7,14.24
1924,5,71.2,14.2,1.78,3.2,99.2,212,7.2,14.3,21.4,12.3,15.83
1924,6,67.8,12.3,0,4.1,123,141.3,14.9,21,27.2,17.8,11.4
1924,7,61,12.9,0,4,124,56.6,15.8,22.2,28.7,20.9,10.23
1924,8,57.1,14,0,3.8,117.8,78.6,15.6,22.6,29.6,21.2,11.05
1924,9,67,12.2,0,2.3,69,154.6,10.6,16.7,22.8,16.5,12.99
1924,10,40.4,19,6.93,2.8,86.8,36.1,4.3,13.8,23.3,10.5,3.81
1924,11,64.7,14.3,16.32,1.9,57,59.4,0.4,7.5,14.7,6.5,7.81
1924,12,70.1,11,25.99,1,31,42.5,-4.7,0.8,6.3,4.8,11.48
1925,1,67.8,12.5,28.48,0.8,24.8,100.9,-7.5,-1.2,5.1,4.6,14.97
1925,2,64.1,12.5,21.18,1.6,44.8,54.6,-2.4,3.9,10.2,5.5,8.18
1925,3,63.2,14.2,18.19,2.3,71.3,62,-0.1,7,14.1,6.7,9.05
1925,4,60.1,16.6,5.86,3.7,111,88.1,4.7,13,21.3,9,10.91
1925,5,60.5,15,1.31,3.7,114.7,37.7,7.6,15.1,22.6,12.1,8.74
1925,6,51.3,16.7,0,5.2,156,74.4,15.6,23.9,32.3,20.2,7.57
1925,7,57.8,16.5,0,5.2,161.2,81.1,17.5,25.7,34,21.5,10.64
1925,8,49.5,16.4,0,4.7,145.7,54.5,15.4,23.6,31.8,19,10.34
1925,9,57.3,15.7,0,3.8,114,24.6,15.4,23.2,31.1,19.5,9.18
1925,10,75.1,12.4,5.03,1.8,55.8,122,5.2,11.4,17.6,10.1,10.47
1925,11,71.1,14.9,18.62,1.8,54,61.3,-0.5,7,14.5,6.5,10.56
1925,12,76.5,11.4,23.8,1.3,40.3,49.5,-2.7,3,8.7,4.9,7.17
1926,1,66.4,14.8,27.76,1.3,40.3,83,-6.6,0.8,8.2,4.5,14.36
1926,2,69.2,14.1,22.62,1.7,47.6,102.9,-3.8,3.3,10.4,5.2,13.67
1926,3,69.4,15.4,23.91,2.3,71.3,49,-2.8,4.9,12.6,5.3,10.12
1926,4,63.6,17,10.93,3.5,105,35.8,2.5,11,19.5,7.6,7
1926,5,53.1,16,0,4.7,145.7,69.5,10,18,26,12.1,9.4
1926,6,60.2,16.3,0,4.7,141,60.1,12.9,21,29.2,16,7.41
1926,7,55.9,15.2,0,5.1,158.1,89.5,17.9,25.5,33.1,21.5,11.45
1926,8,65.7,14,0,3.8,117.8,175.6,17.7,24.7,31.7,24.3,12.57
1926,9,68.1,13.2,0,3,90,108.5,14.1,20.7,27.3,18.5,12.99
1926,10,61,14.1,2.04,2.2,68.2,82.6,7,14,21.1,12.1,10.45
1926,11,64.6,15.1,20.35,1.7,51,106.4,-1.2,6.4,14,6.5,12.59
1926,12,75.5,10.9,25.99,1.1,34.1,71.6,-4.7,0.8,6.3,4.5,11.65
1927,1,73.2,12.2,25.99,1.2,37.2,30.5,-4.7,1.4,7.5,4.7,9.22
1927,2,69.3,14.4,20.1,2,56,94.7,-1.7,5.5,12.7,5.5,12.33
1927,3,66.6,14.2,14.99,2.5,77.5,27.6,1.1,8.2,15.3,7.1,8.58
1927,4,67.8,13.9,8.04,3.2,96,151.2,3.7,10.6,17.6,7.8,14.08
1927,5,75.4,13.8,0,3.7,114.7,59.4,10.8,17.7,24.6,13.9,10.45
1927,6,60.7,16.5,0,4.8,144,62.7,13.1,21.3,29.6,16.4,11.4
1927,7,60.8,15.5,0,4.7,145.7,67.5,16.4,24.1,31.9,20.9,8.24
1927,8,66.4,15.5,0,3.8,117.8,58,14.4,22.1,29.9,19.4,10.77
1927,9,47.6,17.1,0,3.6,108,38.2,12.6,21.1,29.7,18.6,5.87
1927,10,52,16.5,1.78,2.6,80.6,177.6,7.2,15.4,23.7,12.4,11.01
1927,11,67.9,13.8,8.04,2,60,62.2,3.7,10.6,17.5,8.2,10.12
1927,12,69.3,12.7,24.37,1.3,40.3,74.5,-3.2,3.2,9.6,5.2,13.31
1928,1,62,14.4,26.19,1.3,40.3,42.1,-4.9,2.3,9.5,5.1,11.53
1928,2,69.3,13.3,23.52,1.8,52.2,53.4,-3.9,2.8,9.5,4.5,11.21
1928,3,68.4,13.8,19.24,2.4,74.4,63.8,-0.5,6.4,13.3,5.9,10.35
1928,4,67.4,14.3,8.74,3.2,96,145.1,3.4,10.5,17.7,7.6,13.35
1928,5,62.6,15.4,0.45,4,124,46.3,8.6,16.3,24,12.1,12.63
1928,6,71.4,13.4,0,4,120,173.9,14.3,21,27.7,17.8,10.87
1928,7,63.5,13.9,0,4.4,136.4,69.7,17.2,24.1,31.1,21.7,9.68
1928,8,70,12.3,0,3.4,105.4,160.3,17.3,23.4,29.6,23.7,5.88
1928,9,68.3,12,0,2.3,69,104.7,11,17,23,16.5,10.1
1928,10,57.4,13.3,1.66,2.1,65.1,28.2,7.3,13.9,20.6,12.1,5.21
1928,11,71.5,11.9,12.44,1.8,54,43.8,1.9,7.8,13.8,6.7,9.18
1928,12,64.7,12.5,25.78,0.8,24.8,28.4,-4.5,1.8,8.1,5.8,8.64
1929,1,65.4,11.1,26.87,0.9,27.9,59.9,-5.6,0,5.6,4.8,11.35
1929,2,68.8,13.2,24.99,1.4,39.2,78.8,-6.5,0.1,6.7,4,13.08
1929,3,64.8,13.6,11.81,2.6,80.6,77.2,2.3,9.1,15.9,7.2,11.21
1929,4,66.9,14,3.28,3.4,102,139.7,6.1,13.1,20.1,9.5,15.27
1929,5,67.2,12.9,0,3.7,114.7,109.9,9.9,16.3,22.8,12.7,10.5
1929,6,59.3,14.5,0,4.5,135,72.7,14,21.2,28.5,17.2,14.59
1929,7,58,14.7,0,4.3,133.3,103.4,15.6,22.9,30.3,21.3,8.02
1929,8,54,15.5,0,4.1,127.1,45.8,14.3,22,29.8,19,6.82
1929,9,54.5,16.3,0,3.4,102,53.3,12.5,20.6,28.8,18.5,10.84
1929,10,59.9,14.6,5.85,2.2,68.2,188.5,4.8,12.1,19.4,10.1,10.63
1929,11,78.3,10.1,10.68,1.6,48,96.8,2.6,7.6,12.7,7.1,8.57
1929,12,70.3,11.6,24.71,1.2,37.2,52.7,-3.5,2.3,8.1,5,10.37
1930,1,67,12,25.36,1.2,37.2,48.9,-4.1,1.9,7.9,5,13.68
1930,2,62.1,15.6,21.07,2.1,58.8,47.2,-2.3,5.5,13.3,5.4,9.52
1930,3,65.5,14.8,19.5,2.6,80.6,53.2,-0.6,6.8,14.2,5.7,9.81
1930,4,64,14.4,5.26,3.7,111,49.2,5,12.2,19.4,7.7,11.66
1930,5,58.1,14.9,0,4.4,136.4,53.4,12.3,19.7,27.2,15.4,9.25
1930,6,50.5,16.2,0,5.3,159,48.6,15.2,23.3,31.4,18.2,9.75
1930,7,40.9,16.1,0,5.9,182.9,18.2,18.9,26.9,35,21.5,8.28
1930,8,41.3,16.5,0,4.9,151.9,23.2,16.3,24.5,32.8,20.8,5.64
1930,9,47.6,17.4,0,4.3,129,30.3,15,23.7,32.4,18.7,5.87
1930,10,48.1,17.7,8.31,2.5,77.5,4,3.7,12.5,21.4,10.1,3.21
1930,11,68.5,13.3,15.54,1.7,51,31.3,0.7,7.3,14,6.8,5.89
1930,12,74.8,10.9,26.09,1,31,55.8,-4.8,0.7,6.2,4.6,9.61
1931,1,68.6,12.6,24.82,1.4,43.4,31.9,-3.6,2.7,9,4.8,9.2
1931,2,66.6,13.7,22.32,1.7,47.6,36.7,-3.5,3.4,10.3,5.1,8.94
1931,3,82.1,10.9,22.01,1.6,49.6,77.2,-1.6,3.9,9.4,6,11.8
1931,4,64.3,15,7.36,3.5,105,64.9,4,11.5,19,7.7,11.65
1931,5,67.4,15,0,4.1,127.1,123.1,10,17.5,25,12.8,13.68
1931,6,56.9,15.8,0,5.1,153,68.8,15.1,23,30.9,17.8,8.98
1931,7,61.1,15.5,0,4.9,151.9,126.8,18.8,26.5,34.3,24,11.22
1931,8,64.5,14.3,0,3.9,120.9,129.8,16.4,23.5,30.7,21.5,12.4
1931,9,55.8,15.8,0,3.8,114,56.7,14.9,22.8,30.7,19.1,8.19
1931,10,46,16.2,2.17,2.6,80.6,28,6.9,15,23.1,12.1,6.74
1931,11,60.7,13.6,6.07,2.1,63,19.9,4.6,11.4,18.2,8.5,7.15
1931,12,67.3,11.9,18.98,1.4,43.4,40.3,-0.4,5.6,11.6,6.2,10.92
1932,1,71.1,10.4,13.92,1.5,46.5,103.5,1.5,6.7,11.9,6.7,16.17
1932,2,64.5,14.1,19.67,2.1,60.9,57.6,-1.2,5.9,13,5.4,10.9
1932,3,70.4,12.5,22.97,2,62,125.9,-2,4.3,10.6,5.3,15.14
1932,4,61.2,16.8,8.98,3.7,111,48.8,3.3,11.7,20.1,7.6,10.02
1932,5,62.7,15.8,0,4.3,133.3,158.4,9.9,17.8,25.7,12.7,12.82
1932,6,60.3,14.9,0,4.8,144,133.9,15,22.4,29.9,17.8,10.39
1932,7,53,15.1,0,5,155,93.9,17.2,24.7,32.3,20.9,9.31
1932,8,44.8,16.6,0,4.8,148.8,66,16,24.3,32.6,20.8,6.15
1932,9,48.7,15.7,0,3.7,111,39.6,13,20.8,28.7,16.5,10.18
1932,10,60.4,13.3,2.04,2,62,151.1,7,13.6,20.3,12.1,12.87
1932,11,64.9,12.7,18.62,1.5,45,149.3,-0.5,5.9,12.3,6.5,13.56
1932,12,64,12.3,25.04,0.7,21.7,68.2,-3.8,2.4,8.6,6.4,14.1
1933,1,65.8,12.7,20.52,1.7,52.7,102.8,-1,5.4,11.8,5.5,12.68
1933,2,66.8,13.5,22.81,1.6,44.8,44.2,-4,2.8,9.6,4.9,11.23
1933,3,73.6,12.3,19.5,2.2,68.2,70.1,-0.6,5.6,11.8,5.7,12.6
1933,4,66.3,14.9,5.06,3.6,108,143.6,5.1,12.5,20,8.5,14.14
1933,5,73.1,13.1,0,3.8,117.8,139.5,12.4,18.9,25.5,15.2,15.65
1933,6,53.9,16.8,0,5.2,156,55.5,15,23.4,31.8,18.6,10.76
1933,7,56.5,15.7,0,4.8,148.8,147,16.4,24.2,32.1,21.3,13.47
1933,8,65.6,14.2,0,3.8,117.8,141.9,16.8,23.9,31,23,14.91
1933,9,63.8,13.8,0,3.5,105,67.7,15.6,22.5,29.4,19.1,8.43
1933,10,49.6,16.8,5.43,2.6,80.6,45.7,5,13.4,21.8,10.1,7.73
1933,11,68.1,14,17.35,1.8,54,16.3,0,7,14,6.5,6.67
1933,12,65.6,12.9,23.8,1.4,43.4,48,-2.7,3.8,10.3,5.2,11.08
1934,1,68.9,13.1,24.37,1.5,46.5,27,-3.2,3.4,10,5.1,10.42
1934,2,65.9,13.8,27.4,1.1,30.8,40.2,-10.7,-3.8,3.1,3.3,12.08
1934,3,63.7,15,23.8,2.3,71.3,84.2,-2.7,4.8,12.3,5.3,13.33
1934,4,63.5,15.6,5.86,3.4,102,43.4,4.7,12.5,20.3,9.2,9.65
1934,5,61.5,15.6,0,4.1,127.1,112.3,10.5,18.3,26.1,14.6,11.98
1934,6,58.1,16.3,0,5.2,156,66.6,16.7,24.8,33,20.6,10.31
1934,7,57.8,15.8,0,5.2,161.2,51.6,19.2,27.1,35,23.9,10.16
1934,8,64.5,13.7,0,3.9,120.9,144.3,16.5,23.3,30.2,20.6,11.95
1934,9,66,13,0,3.1,93,187,14.7,21.2,27.7,19.1,11.73
1934,10,52.1,16,4.09,2.6,80.6,24.1,5.7,13.7,21.7,10.2,5.24
1934,11,62,14.4,11.68,2.1,63,84.3,2.2,9.4,16.6,7.2,10.17
1934,12,70.9,11.1,25.04,1.2,37.2,77.7,-3.8,1.8,7.4,4.6,10.91
1935,1,69.7,12.3,27.32,1.1,34.1,131.7,-6.1,0.1,6.3,4.5,16.22
1935,2,67.8,12.7,23.65,1.4,39.2,44.5,-4.9,1.5,7.9,4.8,10.13
1935,3,65.7,14.3,11.04,2.7,83.7,63.3,2.6,9.7,16.9,7.5,12.33
1935,4,72.8,13.3,7.36,2.8,84,86.3,4,10.6,17.3,8.7,12.98
1935,5,67.1,14,0.28,3.7,114.7,83.3,8.9,15.9,22.9,12.1,12.3
1935,6,57.5,16.1,0,4.9,147,78.9,14.3,22.3,30.4,17.8,11
1935,7,67.5,14.9,0,4.6,142.6,62.2,18.7,26.1,33.6,24.5,9.61
1935,8,64.1,14,0,3.9,120.9,100.6,17.2,24.2,31.2,23,9.59
1935,9,61.3,14.1,0,3.2,96,133.1,12.6,19.6,26.7,16.5,12.82
1935,10,47.1,16.7,3.06,2.9,89.9,70.9,6.3,14.6,23,10.1,8.77
1935,11,75.3,11.5,7.14,1.7,51,99.2,4.1,9.8,15.6,8.5,11.8
1935,12,78.8,9.5,27.14,0.8,24.8,47.6,-5.9,-1.1,3.7,4.2,9.96
1936,1,71.4,11.4,28.7,0.8,24.8,97,-7.8,-2.1,3.6,4.1,16.36
1936,2,67.7,12.8,27.36,1.2,34.8,79.3,-8.6,-2.2,4.2,3.5,13.84
1936,3,68,14.7,12.07,2.8,86.8,169.1,2.2,9.5,16.9,7.3,13.56
1936,4,67.6,15,8.51,3.4,102,54.4,3.5,11,18.5,7.6,10.39
1936,5,52.9,17.5,0,4.8,148.8,36.2,10.6,19.3,28.1,14.3,13.44
1936,6,57,16.3,0,5,150,67.9,14.3,22.4,30.6,17.8,8.82
1936,7,50.8,16,0,5.2,161.2,58.5,17.8,25.8,33.8,22.5,11.08
1936,8,56.8,15.6,0,4.4,136.4,59.2,17.7,25.5,33.3,23.4,10.33
1936,9,56.6,15.3,0,3.6,108,63.5,14.2,21.8,29.5,18.5,8.6
1936,10,62.3,14.3,0.59,2.4,74.4,113.4,8.4,15.5,22.7,12.5,7.43
1936,11,68.6,13,15.54,1.8,54,22,0.7,7.2,13.7,6.5,6.14
1936,12,74.8,10.2,23.91,0.9,27.9,114.7,-2.8,2.3,7.4,5.7,14.81
1937,1,74.9,11.2,17.66,1.6,49.6,149.8,0.1,5.7,11.3,5.7,19.35
1937,2,70.3,12.3,23.19,1.2,33.6,66.9,-4.4,1.8,8,5.5,11.91
1937,3,70,13.6,21.02,2.4,74.4,21.4,-1.2,5.6,12.4,5.3,8.5
1937,4,68.7,14.8,7.14,3.2,96,178,4.1,11.5,18.9,8.6,16.22
1937,5,58.7,16.4,0,4.5,139.5,93.6,10,18.2,26.4,12.7,12.87
1937,6,63,15.6,0,4.8,144,143.1,16.1,23.9,31.7,20.2,13.81
1937,7,60.4,15.8,0,4.7,145.7,76.2,16.9,24.8,32.7,21.9,11.3
1937,8,65.4,15.4,0,4.1,127.1,194.5,17.7,25.4,33.1,24.1,13.15
1937,9,56.3,15.7,0,3.2,96,82.8,10.9,18.7,26.6,15.9,6.86
1937,10,67.3,13.7,4.09,2.2,68.2,197.2,5.7,12.5,19.4,10.1,13.54
1937,11,67.5,14.9,16.58,2,60,66.4,0.3,7.7,15.2,6.5,10.81
1937,12,71.8,11.8,25.15,1.3,40.3,12.1,-3.9,2,7.9,4.6,6.96
1938,1,71,11.4,25.88,1,31,40.7,-4.6,1.1,6.8,5,11.66
1938,2,69.8,12.7,19.44,1.9,53.2,31.2,-1.4,5,11.4,5.4,10.45
1938,3,65.3,15.3,12.6,2.9,89.9,50.5,2,9.6,17.3,6.9,10.72
1938,4,66.1,15.7,3.61,3.7,111,40.8,5.9,13.7,21.6,9.3,9.01
1938,5,69.6,15,0,4,124,135.6,10.3,17.8,25.3,13.5,12.3
1938,6,62.7,16.3,0,4.7,141,63.1,14,22.1,30.3,17.8,8.9
1938,7,65.5,15.5,0,4.7,145.7,123.6,18,25.7,33.5,23.5,12.66
1938,8,55.6,14.3,0,4.2,130.2,73.8,17.6,24.7,31.9,23.2,11.1
1938,9,69.1,12.3,0,2.8,84,91.5,13.1,19.2,25.4,17.1,11
1938,10,45.8,16.2,4.84,2.5,77.5,39.2,5.3,13.4,21.5,10.4,5.04
1938,11,54.3,15.6,16.06,2.1,63,64.8,0.5,8.3,16.1,6.6,9.51
1938,12,71.3,9.8,24.6,0.9,27.9,94.1,-3.4,1.5,6.4,5.1,10.87
1939,1,69.1,10.6,24.6,1.1,34.1,77.3,-3.4,1.9,7.2,5,13.75
1939,2,66.4,12.2,20.74,1.7,47.6,107.6,-2,4.1,10.2,5.4,16.37
1939,3,66.2,14.2,15.79,2.6,80.6,44.1,0.8,7.9,15,6.3,11.02
1939,4,69.1,13.9,7.36,3.3,99,91.9,4,10.9,17.9,7.6,13.56
1939,5,58.8,14.3,0,4.1,127.1,38.6,11.2,18.3,25.5,14.7,5.21
1939,6,65.5,14.4,0,4.5,135,99.1,16.2,23.4,30.6,20.8,12.89
1939,7,66.9,13.2,0,4,124,211.7,16.6,23.2,29.8,21.9,8.94
1939,8,62.4,13.8,0,3.8,117.8,79.1,17,23.9,30.8,23.2,9.51
1939,9,51.1,14.2,0,3.2,96,40,12.9,20,27.1,17.8,12.25
1939,10,53.6,15.2,2.45,2.5,77.5,88.4,6.7,14.3,21.9,11.4,10.08
1939,11,65.4,13.9,16.58,1.8,54,46,0.3,7.2,14.2,6.5,7.64
1939,12,70.6,10.9,21.77,1.2,37.2,45.5,-1.5,4,9.5,5.8,9.75
1940,1,71.6,11.1,30.3,0.7,21.7,52.3,-10.6,-5,0.6,3.2,10.68
1940,2,71,11.2,23.22,1.5,43.5,53.8,-3.6,2,7.6,4.5,11.73
1940,3,70.7,12.9,22.25,2.2,68.2,62.9,-1.7,4.8,11.3,5.3,12.1
1940,4,67.7,14.5,9.22,3.2,96,129.8,3.2,10.4,17.7,7.6,15.91
1940,5,66.6,14.9,0,4.2,130.2,96.4,10.3,17.7,25.2,12.7,12.06
1940,6,63.9,15.2,0,4.7,141,142.6,15.7,23.3,30.9,19.8,7.2
1940,7,56.5,16.3,0,4.9,151.9,136.3,16.5,24.6,32.8,21.6,12.41
1940,8,71.6,12.6,0,3.4,105.4,167.8,16.3,22.6,28.9,21.2,12.5
1940,9,50.3,16.2,0,3.3,99,43.2,10.5,18.6,26.7,15.9,6.62
1940,10,50.5,14.1,3.39,2.4,74.4,62.4,6.1,13.1,20.2,10.1,7.65
1940,11,71.4,12.2,11.68,1.9,57,123.6,2.2,8.3,14.4,6.5,12.71
1940,12,68.6,11.3,20.01,1.3,40.3,69.5,-0.8,4.9,10.6,6.1,10.39
1941,1,74.8,9.9,25.99,0.9,27.9,55,-4.7,0.3,5.3,4.9,12.74
1941,2,69.5,12.3,24.43,1.5,42,10.8,-5.8,0.4,6.6,3.9,7.51
1941,3,66.7,14.4,24.6,2,62,41.2,-3.4,3.8,11,5.3,10.38
1941,4,58.7,16.3,1.97,4.2,126,70.9,7,15.1,23.3,9.4,10.94
1941,5,48.5,17.2,0,4.8,148.8,46.2,10.2,18.8,27.4,13.5,8.66
1941,6,63,14.8,0,4.6,138,145.1,15.1,22.5,29.9,18.6,12.81
1941,7,67.3,13.5,0,4.3,133.3,190.7,18.3,25,31.8,23.9,13.51
1941,8,51.2,15.9,0,4.5,139.5,119.2,15.8,23.7,31.7,20.4,7.94
1941,9,46.4,17.1,0,3.9,117,25.2,13.4,21.9,30.5,18.3,4.46
1941,10,50.3,15.8,0.02,3,93,20.6,9.7,17.6,25.5,12.7,6.29
1941,11,51.1,17.3,14.76,2.4,72,34.1,1,9.6,18.3,6.9,5.71
1941,12,68.1,11.4,22.01,1.2,37.2,89.9,-1.6,4.1,9.8,6,13.49
1942,1,66.5,11.4,26.29,1.3,40.3,51.6,-5,0.7,6.4,4.1,11.56
1942,2,70.3,12.9,24.27,1.5,42,32.3,-5.6,0.9,7.4,4.1,10.64
1942,3,69.3,13.8,15.26,2.5,77.5,106.9,1,7.9,14.8,6.5,15.23
1942,4,55.4,17.8,4.31,4.2,126,26.5,5.5,14.4,23.3,9.4,5.81
1942,5,65.6,15.2,0,4.3,133.3,138.1,12.1,19.7,27.3,15.3,13.13
1942,6,67.8,13.9,0,4.4,132,117.1,16.2,23.1,30.1,20.1,13.02
1942,7,60.4,15.4,0,4.8,148.8,127.5,17.9,25.6,33.3,23.1,11.93
1942,8,66.4,13.7,0,3.7,114.7,211.8,16.4,23.2,30.1,21.9,15
1942,9,58.1,14.6,0,3.2,96,81.7,13.2,20.5,27.8,18.2,8.6
1942,10,63.1,13.5,0.66,2.3,71.3,252.5,8.3,15,21.8,12.3,12.78
1942,11,67.1,12.8,10.19,2.2,66,45.5,2.8,9.2,15.6,6.5,9.23
1942,12,74.1,10.4,26.09,1.1,34.1,101.5,-4.8,0.4,5.6,4.3,13.07
1943,1,69.5,11.1,24.82,1.2,37.2,52.4,-3.6,2,7.6,4.9,13.15
1943,2,64.6,13.2,22.22,1.8,50.4,25.7,-3.4,3.2,9.8,4.5,10.13
1943,3,62.3,14.9,20.01,2.7,83.7,86.8,-0.8,6.7,14.2,5.4,13.61
1943,4,64.1,15.3,9.7,3.3,99,73,3,10.6,18.3,7.6,12.17
1943,5,66.7,14.2,0,4.1,127.1,118.1,12.2,19.3,26.4,15.2,13.2
1943,6,63.3,14.9,0,5,150,91.3,17.7,25.1,32.6,21.2,9.78
1943,7,60.8,14.6,0,4.5,139.5,58,17.7,25,32.3,23.5,8.98
1943,8,46.9,17,0,4.9,151.9,27.1,16.9,25.4,33.9,21.8,5.55
1943,9,45.3,17.4,0,3.5,105,33.7,10.5,19.2,27.9,16.1,8.94
1943,10,53.1,14.7,3.73,2.5,77.5,66.5,5.9,13.2,20.6,10.1,9.5
1943,11,58.1,15.4,18.11,1.9,57,72.1,-0.3,7.4,15.1,6.5,10.99
1943,12,62.4,13.9,26.39,1.4,43.4,31.1,-5.1,1.9,8.9,4.4,8.39
1944,1,66.3,12.6,25.68,1.2,37.2,55.5,-4.4,1.9,8.2,5.1,12.38
1944,2,68.8,12.4,22.8,1.5,43.5,56.9,-3.2,3,9.2,5.2,11.74
1944,3,67.5,13.7,21.52,2.4,74.4,105.5,-1.4,5.5,12.4,5.3,14.91
1944,4,66.1,14.5,6.71,3.5,105,74,4.3,11.5,18.8,7.8,12.3
1944,5,58.5,16.6,0,4.9,151.9,68.1,13.1,21.4,29.7,16.1,8.32
1944,6,56.6,16.6,0,5.2,156,51.6,15.7,24,32.3,19.6,9.75
1944,7,48.4,16.8,0,5.3,164.3,61.8,16.8,25.2,33.6,21.5,9.17
1944,8,52.2,16.7,0,4.6,142.6,66.5,16,24.3,32.7,21.2,13.1
1944,9,64.7,13.1,0,3,90,186.1,13.9,20.4,27,18.5,11.17
1944,10,54.5,15.4,4.09,2.4,74.4,92.4,5.7,13.4,21.1,10.7,8.19
1944,11,72.5,12.2,12.7,1.8,54,43,1.8,7.9,14,6.9,10.16
1944,12,71.7,10.5,26.58,1,31,62.5,-5.3,0,5.3,4.2,12.81
1945,1,73.5,10.1,27.5,1,31,53.6,-6.3,-1.2,3.9,3.9,12.34
1945,2,68.9,13.1,22.32,1.6,44.8,51,-3.5,3.1,9.7,5,11.9
1945,3,57.8,16,5.64,3.6,111.6,31.4,4.9,12.9,20.9,7.9,8.26
1945,4,61.6,16.4,3.44,3.9,117,67.8,6,14.2,22.4,9.6,13.01
1945,5,65.7,15.3,0.28,3.9,120.9,106.6,8.9,16.5,24.2,12.7,12
1945,6,58.1,16,0,4.8,144,89.5,14.6,22.6,30.6,18.7,12.41
1945,7,67.6,13.8,0,4.3,133.3,195.3,17.3,24.2,31.1,21.9,16.34
1945,8,54.7,15.4,0,4.2,130.2,112.1,15.5,23.2,30.9,20.6,6.85
1945,9,65.7,13.1,0,3.2,96,191.2,15.5,22,28.6,19.7,10.67
1945,10,52.1,15.9,4.09,2.6,80.6,17.6,5.7,13.6,21.6,10.1,7.06
1945,11,67.1,12.9,10.93,1.8,54,86.5,2.5,8.9,15.4,7.5,11.71
1945,12,79.6,9.2,26.58,0.9,27.9,91.6,-5.3,-0.7,3.9,4.2,14.81
1946,1,68.8,11.5,24.71,1.3,40.3,42.3,-3.5,2.3,8.1,4.9,9.6
1946,2,66,13.3,22.22,1.9,53.2,49.1,-3.4,3.3,10,4.5,12.07
1946,3,64.7,14.6,8.31,3.1,96.1,80.6,3.7,11,18.3,7.3,10.58
1946,4,63.2,15.4,4.87,3.9,117,33.8,5.2,12.9,20.6,7.8,10.02
1946,5,72.3,13.8,0,3.7,114.7,166.7,10.7,17.6,24.5,14.1,16.07
1946,6,61.1,15.4,0,4.7,141,97.8,14.2,21.9,29.6,17.2,9.45
1946,7,57.5,15.2,0,4.6,142.6,156.2,16,23.6,31.2,20.9,11.45
1946,8,62.8,14.5,0,3.6,111.6,90.6,14.2,21.4,28.7,19.6,10.95
1946,9,49.9,16.5,0,3.5,105,69.3,12.2,20.4,28.7,18,9.85
1946,10,53.8,15.6,1.54,2.5,77.5,57.2,7.4,15.2,23,12.1,8.35
1946,11,59.3,14.8,8.98,2.1,63,25,3.3,10.7,18.1,8.2,7.07
1946,12,61.8,13.7,22.97,1.5,46.5,40.5,-2,4.9,11.8,5.6,9.92
1947,1,69.8,11.9,20.77,1.7,52.7,77.9,-1.1,4.9,10.9,5.1,15.33
1947,2,68.6,12.9,25.58,1.4,39.2,30.4,-7.3,-0.8,5.7,3.7,8.44
1947,3,72.3,12.9,24.37,1.8,55.8,44.5,-3.2,3.3,9.8,5.3,7.62
1947,4,62.7,15.7,2.66,4,120,54.9,6.5,14.3,22.2,9.2,12.58
1947,5,64,15.5,0,4.2,130.2,126.6,9.9,17.6,25.4,12.9,13.08
1947,6,63.4,15,0,4.5,135,54.8,14.1,21.6,29.1,17.8,13.5
1947,7,63,14.3,0,4.2,130.2,134.3,16.2,23.3,30.5,22.1,12.66
1947,8,62.7,14.1,0,4.1,127.1,55.9,18.4,25.4,32.5,24.4,10.24
1947,9,62.6,13.6,0,3.1,93,80.8,13.7,20.5,27.3,18.5,9.51
1947,10,54.7,15.9,0.28,2.8,86.8,35.5,8.9,16.8,24.8,13.1,6.86
1947,11,77.7,10.7,13.21,1.6,48,133.8,1.6,6.9,12.3,6.5,12.5
1947,12,66.5,12,25.47,1.2,37.2,19.6,-4.2,1.8,7.8,4.6,8.66
1948,1,69.9,11.2,28.77,1.2,37.2,80.6,-7.9,-2.3,3.3,3.1,15.31
1948,2,65.7,14.1,24.4,1.7,49.3,25,-4.8,2.3,9.4,4.4,10.8
1948,3,64.7,13.5,11.81,2.8,86.8,75.5,2.3,9,15.8,6.6,14.53
1948,4,66.3,14.4,2.51,3.6,108,113.8,6.6,13.8,21,9.6,11.25
1948,5,69.8,13.1,0,3.7,114.7,187,10.9,17.4,24,13.9,16.79
1948,6,63,14.7,0,4.8,144,110.7,15.4,22.7,30.1,17.8,11.4
1948,7,65,13.1,0,4.2,130.2,110.5,17.9,24.4,31,23,11.59
1948,8,59.7,14,0,3.9,120.9,148.8,16,23,30,21,13.91
1948,9,54.7,14,0,3.2,96,81.7,12.5,19.5,26.5,16.8,9.18
1948,10,60.5,13.2,3.39,2.2,68.2,111.4,6.1,12.7,19.3,10.2,8.75
1948,11,70.9,12.4,7.14,1.8,54,127.8,4.1,10.3,16.5,8.5,13.26
1948,12,70.7,11.1,22.97,0.9,27.9,127.8,-2,3.6,9.2,6.6,14.85
1949,1,70.9,11.3,17.13,1.6,49.6,110.4,0.3,5.9,11.6,6.1,14.5
1949,2,65.7,12.8,16.9,2.1,58.8,49.7,-0.3,6.1,12.5,5.5,12.83
1949,3,66.8,14,16.06,2.6,80.6,42.4,0.7,7.7,14.7,6.3,13.46
1949,4,66.6,14.5,5.66,3.4,102,86,4.8,12,19.3,8.4,10.39
1949,5,62.5,14.4,0,4.1,127.1,146.3,10.7,17.9,25.1,13.7,14.81
1949,6,60.1,14.5,0,4.6,138,122.4,15.9,23.1,30.4,20.2,10.02
1949,7,69.2,12.9,0,4.3,133.3,132,19.8,26.2,32.7,25.9,12.81
1949,8,65.3,13.1,0,3.7,114.7,145.9,17.3,23.8,30.4,23.5,11.39
1949,9,58.3,13.7,0,2.9,87,34.3,11.5,18.3,25.2,16.5,9.35
1949,10,60.5,13.8,0.04,2.6,80.6,66.2,9.6,16.5,23.4,12.7,9.1
1949,11,64.9,14.3,13.99,2.1,63,22.2,1.3,8.4,15.6,6.5,5.84
1949,12,66.1,11.7,23.09,1.2,37.2,57.5,-2.1,3.8,9.7,5.7,10.29
1950,1,64.2,13.8,16.59,1.8,55.8,47.1,0.5,7.4,14.3,6.5,11.97
1950,2,71.5,11.1,21.18,1.5,42,59.7,-2.4,3.2,8.8,5.2,11.81
1950,3,67.4,14.8,23.33,2.3,71.3,47.3,-2.3,5.1,12.5,5.3,12.88
1950,4,64.5,15.8,9.7,3.4,102,34.9,3,10.9,18.8,7.6,10.23
1950,5,71.6,13.3,0,3.6,111.6,156.8,10.8,17.4,24.1,14.1,14.36
1950,6,58.9,15.7,0,4.7,141,73.5,14.3,22.1,30,18.5,10.92
1950,7,69.1,13.7,0,3.9,120.9,88.7,16.4,23.2,30.1,22.1,11.15
1950,8,60.3,15.2,0,4,124,58.8,15.6,23.2,30.8,21,12.1
1950,9,72.6,12.1,0,2.6,78,113,12.7,18.7,24.8,17.4,12.5
1950,10,60.3,14.3,1.54,2.2,68.2,58.3,7.4,14.5,21.7,12.5,8.77
1950,11,61.1,15.4,18.11,1.9,57,85.8,-0.3,7.4,15.1,6.7,10.77
1950,12,70.3,11.3,26.87,1,31,81.2,-5.6,0.1,5.8,4.4,12.87
1951,1,64.7,12.6,24.82,1.3,40.3,21.2,-3.6,2.7,9,5.1,12.36
1951,2,66.2,13.1,22.71,1.5,42,61.1,-3.9,2.7,9.3,5.3,11.55
1951,3,70.2,13.7,18.19,2.3,71.3,102.6,-0.1,6.8,13.7,6.4,12.64
1951,4,65.9,14.9,5.26,3.4,102,70.8,5,12.4,19.9,9,13.16
1951,5,62.3,15.2,0.04,3.8,117.8,57.4,9.6,17.2,24.8,14.1,11.56
1951,6,65.1,14.8,0,4.4,132,179.7,14.9,22.3,29.7,19.5,16.77
1951,7,60,15,0,4.7,145.7,98.5,17.4,24.9,32.4,22.4,8.43
1951,8,54.3,15.5,0,4.2,130.2,49.2,15.8,23.5,31.3,21.2,6.98
1951,9,53.1,15.8,0,3.5,105,37.8,12.5,20.4,28.3,16.9,7.36
1951,10,56.1,15.4,1.01,2.6,80.6,31.4,7.9,15.6,23.3,12.4,6.76
1951,11,67.5,13,20.1,1.4,42,101,-1.1,5.4,11.9,6.5,13.03
1951,12,66.6,11.9,24.03,1.1,34.1,107.8,-2.9,3.1,9.1,5.6,14.5
1952,1,68.7,11.6,22.01,1.5,46.5,99.6,-1.6,4.2,10,5.1,15.23
1952,2,69.5,12.6,22.04,1.6,46.4,43.3,-2.5,3.8,10.1,5.5,10.46
1952,3,68.7,13.2,19.5,2.1,65.1,100.9,-0.6,6,12.6,6.3,13.86
1952,4,69.4,13.2,2.37,3.3,99,184.9,6.7,13.3,19.9,9.6,16.49
1952,5,68.7,13.4,0,3.8,117.8,73.8,10.9,17.6,24.3,13.6,13.42
1952,6,57.5,15.2,0,5.1,153,70.7,17,24.6,32.2,20.6,10.23
1952,7,56.9,14.8,0,4.9,151.9,67.5,18.6,26,33.4,24.1,10.42
1952,8,60.9,14.1,0,4,124,103.1,16.5,23.5,30.6,21.4,13.15
1952,9,51.3,16.6,0,3.4,102,116.5,11.3,19.6,27.9,16.5,8.85
1952,10,46.2,16.9,7.15,2.5,77.5,25.7,4.2,12.6,21.1,10.1,5.28
1952,11,65.1,12.7,12.19,1.8,54,172.6,2,8.3,14.7,7.2,13.29
1952,12,74.7,10.6,24.15,0.8,24.8,34.8,-3,2.3,7.6,5.9,12.54
1953,1,71,11.4,21.52,1.3,40.3,76.5,-1.4,4.3,10,5.8,15.13
1953,2,72.7,13.4,20.1,1.9,53.2,30.7,-1.7,5,11.7,5.4,10.39
1953,3,71,13.6,14.99,2.4,74.4,112.6,1.1,7.9,14.7,6.9,15.67
1953,4,66.5,14,4.87,3.4,102,73.1,5.2,12.2,19.2,8.6,12.88
1953,5,68,14.5,0,4.2,130.2,131.4,13.1,20.3,27.6,16,14.96
1953,6,59.8,14.7,0,4.7,141,78.8,16,23.3,30.7,20.1,9.99
1953,7,55,16.9,0,5.1,158.1,32.5,17.1,25.5,34,22.3,10.08
1953,8,53.2,17,0,4.4,136.4,70.2,15.7,24.2,32.7,21.9,8.61
1953,9,48.5,17.1,0,3.7,111,66.6,11.6,20.1,28.7,16.5,9.93
1953,10,44.4,17.6,3.22,2.8,86.8,37.2,6.2,15,23.8,11.3,8.24
1953,11,56.6,15.5,16.83,1.7,51,32.4,0.2,7.9,15.7,7.6,7.73
1953,12,66.7,12.6,24.03,1,31,74.6,-2.9,3.4,9.7,6.3,12.27
1954,1,66.2,12.7,26.39,1.3,40.3,48,-5.1,1.3,7.7,4.5,13.61
1954,2,66.4,15,20.96,1.9,53.2,30.1,-2.2,5.3,12.8,5.9,7.43
1954,3,65,13.6,18.19,2.5,77.5,101.7,-0.1,6.7,13.5,5.9,13.33
1954,4,65.5,15.4,1.38,3.9,117,83.1,7.5,15.2,22.9,10.2,12.07
1954,5,61.4,13.9,0.11,3.7,114.7,100.6,9.3,16.2,23.2,13.2,11.7
1954,6,57.1,15.7,0,4.6,138,53.9,15.1,22.9,30.8,20.8,9.22
1954,7,52.8,17,0,5,155,54.2,16.1,24.6,33.1,21.4,8.32
1954,8,56.2,14.6,0,4,124,98.6,16.2,23.5,30.8,22.2,10.19
1954,9,48.7,17.3,0,3.9,117,20.1,13.3,21.9,30.6,17.7,5.21
1954,10,52.6,15.4,1.11,2.5,77.5,175,7.8,15.5,23.2,12.7,10.61
1954,11,69.6,12.2,16.06,1.4,42,57.9,0.5,6.6,12.7,7.2,7.87
1954,12,67.8,11.8,24.93,1.2,37.2,79.3,-3.7,2.2,8.1,4.9,11.01
1955,1,68.6,11.4,26.39,1.1,34.1,9.1,-5.1,0.6,6.3,4.4,6.12
1955,2,65.5,14.5,23.38,1.6,44.8,62.2,-4.6,2.7,10,5,12.91
1955,3,64.8,14,13.92,2.7,83.7,110.1,1.5,8.5,15.5,6.7,12.47
1955,4,65.6,15,2.24,3.5,105,86.1,6.8,14.3,21.8,10.7,11.01
1955,5,61.5,15.5,0,4.2,130.2,62.2,11.3,19,26.8,15.3,10.92
1955,6,57.2,14.7,0,4,120,111.9,12.9,20.2,27.6,19.2,11.24
1955,7,56.5,14.3,0,5.1,158.1,40.9,19.8,26.9,34.1,23.8,12.99
1955,8,65.9,13,0,3.9,120.9,259.8,18.7,25.2,31.7,24.7,11.36
1955,9,60.7,13.1,0,3.1,93,28.4,13.4,19.9,26.5,17.2,4.96
1955,10,54.6,16.1,3.22,2.4,74.4,54.1,6.2,14.2,22.3,11.9,10.91
1955,11,65.4,14.9,18.62,1.7,51,43.5,-0.5,7,14.5,7,8.57
1955,12,70.2,12.7,27.23,1.1,34.1,6.4,-6,0.4,6.8,4.4,4.55
1956,1,70,12.1,26.29,1.3,40.3,48,-5,1.1,7.2,4.3,11.7
1956,2,68.8,13,20.82,1.9,55.1,72.1,-1.7,4.8,11.3,5.3,12.07
1956,3,65.7,14.4,20.01,2.4,74.4,81.1,-0.8,6.4,13.6,5.8,13.31
1956,4,66.1,14.5,6.28,3.4,102,56.7,4.5,11.7,19,8.2,10.39
1956,5,61.9,16.8,0.23,4.2,130.2,37.3,9,17.4,25.8,13.3,10.21
1956,6,60.5,15.5,0,4.6,138,57.1,15,22.7,30.5,19.5,10.68
1956,7,65.1,13.4,0,4.3,133.3,146.2,17.6,24.3,31,22.5,13.36
1956,8,60.1,13.9,0,3.9,120.9,83.2,16.6,23.5,30.5,22.4,7.8
1956,9,55.8,13.5,0,3,90,103.1,12,18.7,25.5,16.3,10.59
1956,10,61.3,12,0.52,2.2,68.2,76.2,8.5,14.5,20.5,12,8.71
1956,11,68.1,12.8,13.21,1.6,48,31.2,1.6,8,14.4,7.5,8.75
1956,12,70.4,11.9,15.52,1.5,46.5,48.7,0.9,6.8,12.8,6.7,11.51
1957,1,70,11.2,26.77,1,31,49.2,-5.5,0.1,5.7,4.5,12.03
1957,2,69.1,11.7,19.22,1.6,44.8,74.5,-1.3,4.6,10.5,5.9,11.4
1957,3,67.5,12.6,16.59,2.4,74.4,49.5,0.5,6.8,13.1,6.1,9.66
1957,4,64.8,14.6,1.84,3.6,108,93.2,7.1,14.4,21.7,10.3,13.25
1957,5,66.5,15.6,0,4.2,130.2,75.1,10.7,18.5,26.3,14,11.98
1957,6,65.3,13.8,0,4.4,132,110.3,16.2,23.1,30,20.5,10.87
1957,7,53.6,15.8,0,4.7,145.7,37.5,16.2,24.1,32,22,6.66
1957,8,56.9,17,0,4.2,130.2,27.9,14.6,23.1,31.6,20.4,8.07
1957,9,65.7,13.2,0,3.1,93,106.1,14.4,21,27.6,18.5,9.59
1957,10,60.4,12.7,4.09,2,62,92.5,5.7,12,18.4,10.6,7.73
1957,11,71.9,12,10.19,1.6,48,56.8,2.8,8.8,14.8,8.2,10.92
1957,12,68.7,11.6,22.25,1.3,40.3,87.7,-1.7,4.1,9.9,5.7,16.28
1958,1,69.7,10.2,26.29,1.1,34.1,68.3,-5,0.1,5.2,4.1,13.04
1958,2,71.7,10.5,25.3,1.1,30.8,74.6,-6.9,-1.6,3.7,3.8,11.91
1958,3,74.2,9.9,20.52,1.5,46.5,96.2,-1,4,9,6.2,15.76
1958,4,65.6,13.8,3.78,3.4,102,108.1,5.8,12.7,19.6,9.1,14.61
1958,5,66,14,0,4,124,117.4,10.1,17.1,24.1,12.6,11.13
1958,6,61,13.9,0,4.1,123,124.4,13.5,20.4,27.4,18.3,10.94
1958,7,68.6,12.6,0,4,124,197.9,18.2,24.5,30.8,23.7,15.09
1958,8,57,13.5,0,3.7,114.7,100.2,15.8,22.5,29.3,22.2,13.11
1958,9,52.7,15.9,0,3,90,34.4,11.3,19.2,27.2,18.4,7.19
1958,10,57.7,15.8,4.64,2.3,71.3,48.8,5.4,13.3,21.2,11.1,7.73
1958,11,64.6,14.4,12.7,1.7,51,39,1.8,9,16.2,8.3,8.04
1958,12,64.2,13.2,28.48,1,31,25.7,-7.5,-0.9,5.7,4.2,8.55
1959,1,64.3,14,28.17,1.3,40.3,35.4,-7.1,-0.1,6.9,4,12.88
1959,2,66.7,14.6,23.19,1.7,47.6,24.5,-4.4,2.9,10.2,4.8,10.54
1959,3,62.4,16.6,23.33,2.4,74.4,55.7,-2.3,6,14.3,6,11.05
1959,4,65.3,16,4.49,3.7,111,97.8,5.4,13.4,21.4,9.2,14.34
1959,5,64.7,15.3,0,4,124,80.9,11.3,18.9,26.6,15.6,10.97
1959,6,56.7,15.9,0,4.4,132,102.9,14,21.9,29.9,20.5,10.44
1959,7,66.7,13.9,0,4.1,127.1,126.4,17,23.9,30.9,23.3,13.21
1959,8,61.1,15.2,0,4,124,68.8,17.3,24.9,32.5,24.9,10.68
1959,9,58.8,15,0,3,90,44.2,13,20.5,28,19.6,8.27
1959,10,71,14.1,1.42,2.1,65.1,155.7,7.5,14.5,21.6,12.6,8.49
1959,11,66.4,14.3,19.12,1.4,42,42.2,-0.7,6.5,13.7,7.4,9.32
1959,12,67.2,12.3,24.37,1.2,37.2,76,-3.2,3,9.2,5.5,11.18
1960,1,73,11.8,25.36,1.4,43.4,53.2,-4.1,1.8,7.7,4.3,13.04
1960,2,70.2,12.6,25.04,1.3,37.7,90.3,-5.5,0.8,7.1,4.6,13.93
1960,3,64.6,14.1,27.67,1.7,52.7,58.3,-6.5,0.6,7.7,4.4,11.74
1960,4,66.4,17.3,4.68,3.8,114,79.4,5.3,13.9,22.6,9.8,11.76
1960,5,67.1,14.7,0.66,2.9,89.9,142.9,8.3,15.6,23,15.6,13.98
1960,6,61.2,16.2,0,4.1,123,71,12.8,20.9,29,19.4,7.89
1960,7,62,15.4,0,4,124,54.5,14.7,22.4,30.1,22.2,12.44
1960,8,59.8,14.9,0,3.9,120.9,149.5,16.2,23.6,31.1,22.5,11.3
1960,9,61.4,14,0,2.7,81,128.2,12,19,26,18.6,9.85
1960,10,58.6,15.1,4.45,2.1,65.1,32.9,5.5,13,20.6,11.5,8.27
1960,11,60.1,14.4,13.21,1.8,54,23.1,1.6,8.8,16,7.9,6.71
1960,12,59.9,13.8,29.24,1,31,33,-8.6,-1.7,5.2,3.8,11.04
1961,1,61.9,12.6,29.18,1,31,70.3,-8.5,-2.2,4.1,3.7,11.13
1961,2,67.7,11.6,21.81,1.4,39.2,103,-3,2.8,8.6,5.3,15.03
1961,3,69,12.8,13.12,2.5,77.5,75.6,1.8,8.2,14.6,6.8,13.67
1961,4,71.1,12.4,7.82,2.7,81,110.9,3.8,10,16.2,8.4,12.54
1961,5,67.2,13.6,0.45,3.4,105.4,79.9,8.6,15.4,22.2,12.9,10.9
1961,6,64,14.2,0,4.3,129,103.9,14.5,21.6,28.7,18.8,12.41
1961,7,64.7,13.5,0,4.1,127.1,81.7,17.5,24.2,31,23.6,10.23
1961,8,65,12.8,0,3.7,114.7,96.1,17.3,23.7,30.1,23,13.37
1961,9,55.4,14,0,3.4,102,99.2,15.3,22.3,29.3,20.1,5.54
1961,10,47.5,16.2,3.06,2.6,80.6,56,6.3,14.4,22.5,11.3,7.81
1961,11,66.8,11.2,8.51,1.8,54,65.8,3.5,9.1,14.7,7.6,9.91
1961,12,71.9,11.3,25.78,0.9,27.9,90.8,-4.5,1.2,6.9,5.3,12.8
1962,1,67.7,11.4,26.39,1.3,40.3,42.5,-5.1,0.6,6.3,4,11.65
1962,2,70.1,11.4,23.19,1.5,42,75.9,-4.4,1.3,7,4.3,12.99
1962,3,67.7,12.9,21.52,2.1,65.1,126.2,-1.4,5.1,11.6,5.8,12.18
1962,4,63,14.2,5.06,3.4,102,80.4,5.1,12.2,19.3,8.6,10.87
1962,5,61.7,13.8,0,4.3,133.3,99.7,12.4,19.3,26.2,14.8,10.75
1962,6,64.2,12.7,0,4.2,126,107.3,15.5,21.8,28.2,19,11.24
1962,7,65,12.9,0,3.9,120.9,79.1,16,22.4,28.9,21.1,8.17
1962,8,58,14.4,0,3.8,117.8,80.1,15.6,22.8,30,21.8,4.86
1962,9,59,12.7,0,2.8,84,88.4,11.7,18,24.4,16.3,8.52
1962,10,58.5,14,1.21,2.4,74.4,46.8,7.7,14.7,21.7,11.8,6.92
1962,11,71.2,11,15.54,1.5,45,118.1,0.7,6.2,11.7,6.5,12.67
1962,12,68.2,12.2,27.67,0.9,27.9,66.5,-6.5,-0.4,5.7,4.5,12.17
1963,1,66.9,12.4,28.01,1.2,37.2,33.4,-6.9,-0.7,5.5,3.8,10.58
1963,2,66.2,13.2,26.18,1.3,36.4,45.5,-8.2,-1.6,5,3.6,9.88
1963,3,64.7,15.1,14.99,2.8,86.8,138.9,1.1,8.6,16.2,6.4,15.37
1963,4,61.3,16.8,5.26,4,120,34.6,5,13.4,21.8,8.5,8.45
1963,5,62.9,16.1,0.04,4.3,133.3,33.7,9.6,17.6,25.7,12.8,7.64
1963,6,60,15.3,0,4.5,135,125.2,14.1,21.7,29.4,18.7,14.8
1963,7,56,15.3,0,4.5,139.5,48.4,16,23.6,31.3,21.7,6.04
1963,8,57.4,15.6,0,4.1,127.1,53.9,15.2,23,30.8,20.7,13.17
1963,9,55.1,15.4,0,3.2,96,85.8,10.6,18.3,26,15.3,8.85
1963,10,43.9,18.8,3.73,2.9,89.9,2.4,5.9,15.3,24.7,11.6,0.8
1963,11,66.6,11.9,8.74,1.8,54,142.5,3.4,9.3,15.3,7.8,13.34
1963,12,67.6,10.7,28.09,1,31,40.9,-7,-1.6,3.8,3.6,9.61
1964,1,65,13,26.39,1.3,40.3,102.4,-5.1,1.4,7.9,4.6,14.09
1964,2,65.7,12.2,24.68,1.4,40.6,84,-5.1,1,7.1,4.5,12.33
1964,3,65.8,14,17.13,2.5,77.5,55.1,0.3,7.3,14.3,6.4,12.67
1964,4,66.8,14,5.46,3.2,96,89.4,4.9,11.9,18.9,8.9,14.14
1964,5,58.5,15.8,0,4.5,139.5,16.6,10.9,18.8,26.7,13.9,8.63
1964,6,56.3,16.1,0,5,150,33.9,15.1,23.1,31.2,18.6,7.2
1964,7,63.6,14.1,0,4.4,136.4,63.2,17.6,24.6,31.7,23.1,8.1
1964,8,65.4,15.5,0,3.9,120.9,36.8,15.3,23,30.8,21.1,8.21
1964,9,57,15.6,0,3.2,96,117.5,11.8,19.6,27.4,16.9,9.35
1964,10,52.4,15.4,7.84,2.2,68.2,71.7,3.9,11.6,19.3,9.9,6.9
1964,11,58.4,15.4,13.21,2,60,42.1,1.6,9.3,17,7.7,8.27
1964,12,69.9,10.7,21.77,1.3,40.3,67.9,-1.5,3.9,9.3,5.4,12.91
1965,1,63.9,13.1,27.5,1.2,37.2,97.1,-6.3,0.3,6.9,4.2,13.11
1965,2,66,14.6,23.47,1.8,50.4,84.6,-4.7,2.6,9.9,4.5,12.07
1965,3,69.5,12.7,20.77,2.1,65.1,91.9,-1.1,5.3,11.7,5.9,13.33
1965,4,66.7,14.6,5.26,3.7,111,59.1,5,12.3,19.6,7.7,9.89
1965,5,60.2,15.3,0,4.7,145.7,78.4,12.6,20.2,27.9,14.3,9.07
1965,6,61.9,15.3,0,4.3,129,29.3,13.2,20.8,28.5,18,6.65
1965,7,66,14.8,0,4.4,136.4,101.6,16.2,23.6,31,20.6,12.29
1965,8,62.2,15.4,0,3.9,120.9,68.3,15.5,23.2,30.9,21.9,10.57
1965,9,63.4,14.3,0,3.2,96,58,14,21.1,28.3,18.8,9.17
1965,10,55.4,15.1,5.43,2.2,68.2,55.4,5,12.5,20.1,10.7,8.39
1965,11,66.4,13.2,12.44,1.8,54,17.6,1.9,8.5,15.1,7.4,4.65
1965,12,64.9,13,23.21,1.3,40.3,7.3,-2.2,4.3,10.8,5.8,5.78
1966,1,68.7,10.6,27.59,1,31,81,-6.4,-1.1,4.2,3.9,14.69
1966,2,71.1,10.9,23.38,1.3,36.4,74.3,-4.6,0.9,6.4,4.6,12.92
1966,3,65.8,15.7,18.19,2.6,80.6,33.6,-0.1,7.8,15.7,6.5,8.55
1966,4,68.3,12.4,8.04,2.7,81,110.5,3.7,9.9,16.1,8.5,12.88
1966,5,65,15.1,0.06,4,124,98.2,9.5,17,24.6,12.6,11.07
1966,6,55.1,17,0,4.7,141,34.9,13.3,21.8,30.3,18.6,8.5
1966,7,57,15.8,0,4.8,148.8,55.1,16.9,24.8,32.7,22.4,7.47
1966,8,64,15.2,0,3.9,120.9,32.2,16.1,23.7,31.3,22.1,8.79
1966,9,58.2,13,0,2.8,84,225.1,11.9,18.4,24.9,16.7,12
1966,10,50.1,15.6,6.71,2.2,68.2,72.2,4.4,12.2,20,10.6,9.85
1966,11,65.8,14.6,15.54,1.7,51,67.5,0.7,8,15.3,7.5,8.76
1966,12,72,10.8,25.25,0.9,27.9,60.2,-4,1.4,6.8,5.4,12.54
1967,1,70.7,13.1,23.8,1.5,46.5,26.9,-2.7,3.9,10.5,5.2,9.3
1967,2,68.8,13.2,25.22,1.3,36.4,36.7,-6.8,-0.2,6.4,4.2,10.3
1967,3,65.6,14.3,18.98,2.4,74.4,138,-0.4,6.8,14,6.3,12.68
1967,4,62.9,15.5,3.44,3.8,114,22.8,6,13.7,21.5,9,6.93
1967,5,64.7,14.1,1.78,3.4,105.4,119,7.2,14.2,21.3,11.8,13.46
1967,6,64.2,16.2,0,4.4,132,61.5,13.8,21.9,30,19.1,8.05
1967,7,70.1,12.5,0,3.8,117.8,100.6,16.8,23,29.3,22.4,12.22
1967,8,63.7,13.6,0,3.5,108.5,134.6,15.4,22.2,29,21.7,15.18
1967,9,54.6,14.8,0,3,90,42.4,10.1,17.5,24.9,15.3,4.04
1967,10,56.3,15,5.43,2,62,77.7,5,12.5,20,11.3,6.86
1967,11,65.2,12.8,19.61,1.5,45,25.4,-0.9,5.5,11.9,6.3,9.46
1967,12,68.3,11.5,23.91,1.1,34.1,136.2,-2.8,3,8.8,5.6,15.05
1968,1,67.8,11.7,28.91,0.9,27.9,62.2,-8.1,-2.2,3.7,3.9,10.95
1968,2,61.3,13.1,26.12,1.5,43.5,2.5,-6.8,-0.2,6.4,3.6,6.17
1968,3,62.5,16.4,15.52,3,93,84.9,0.9,9.1,17.3,6.5,12.58
1968,4,62.1,16.1,4.68,3.9,117,44.9,5.3,13.3,21.4,8.5,9.07
1968,5,70.8,15.1,1.01,3.3,102.3,129.3,7.9,15.4,23,13.2,13.85
1968,6,63.4,15.7,0,4.3,129,117.5,14,21.8,29.7,19.5,14.43
1968,7,62.6,13.7,0,4.2,130.2,126.3,17,23.8,30.7,22.4,8.39
1968,8,56.7,15.3,0,4.1,127.1,90,16.5,24.1,31.8,23.1,10.85
1968,9,54.1,16.5,0,3.1,93,34.8,11.4,19.6,27.9,18.3,9.1
1968,10,58.6,13.8,1.91,2.2,68.2,57.8,7.1,14,20.9,11.7,9.3
1968,11,71.4,12.2,11.43,1.7,51,95.1,2.3,8.4,14.5,7.3,11.97
1968,12,67.1,11.4,26.19,1.1,34.1,41.9,-4.9,0.8,6.5,4.4,10.66
1969,1,70.5,12,27.84,1,31,47.1,-6.7,-0.7,5.3,4.2,11.45
1969,2,70,9.5,22.71,1.3,36.4,34.2,-3.9,0.9,5.7,4.5,10.31
1969,3,64.7,13.9,23.09,2.2,68.2,45.8,-2.1,4.9,11.9,5.4,8.78
1969,4,63.6,15.9,4.13,3.7,111,52.7,5.6,13.5,21.5,9.4,9.58
1969,5,61.7,15.9,0,4.3,133.3,45,10.2,18.1,26.1,13.4,8.26
1969,6,66.8,14.4,0,4.5,135,65.2,15.6,22.8,30,19.3,11.8
1969,7,68.1,12.6,0,4.2,130.2,190.2,18.1,24.4,30.7,22.7,15.64
1969,8,60.6,14.4,0,3.5,108.5,129,15.2,22.4,29.6,22.7,13.38
1969,9,62.9,14.2,0,2.8,84,81.7,11.7,18.8,25.9,17.6,10.26
1969,10,61.5,16.3,6.06,2.1,65.1,24.2,4.7,12.8,21,11.5,5.74
1969,11,71.3,12.7,17.86,1.5,45,48.7,-0.2,6.2,12.6,6.8,9.5
1969,12,71.3,9.1,25.57,1,31,102.7,-4.3,0.3,4.9,4.2,16.07
1970,1,66.5,12.3,29.55,1.1,34.1,34.6,-9.1,-2.9,3.3,3.2,9.53
1970,2,62.6,13.3,24.01,1.5,42,65.8,-5.3,1.4,8.1,4.4,11.31
1970,3,67.8,12.6,23.21,1.8,55.8,71.3,-2.2,4.1,10.4,6,11.25
1970,4,63.3,14.6,4.87,3.5,105,90.1,5.2,12.5,19.8,8.9,14.69
1970,5,63.9,15.6,0,4.2,130.2,44.7,11,18.8,26.6,14.4,11.17
1970,6,58.8,14.6,0,4.5,135,89.5,14.9,22.2,29.5,19.2,10.55
1970,7,69.5,13.8,0,3.9,120.9,203.3,16.7,23.6,30.5,23.3,15.35
1970,8,57.2,13.6,0,3.8,117.8,102.3,16.2,23,29.8,22.1,7.1
1970,9,59,16.6,0,3.6,108,47.7,13.2,21.5,29.8,18.2,7.27
1970,10,65.1,13.7,2.04,2,62,69.1,7,13.8,20.7,12.5,8.2
1970,11,70.7,11.8,12.7,1.5,45,122.1,1.8,7.7,13.6,7.5,12.58
1970,12,66.9,10.8,23.91,1.2,37.2,59.7,-2.8,2.6,8,4.9,12.64
1971,1,73,11.3,28.09,1.1,34.1,65.9,-7,-1.3,4.4,3.6,10.78
1971,2,69.6,12.2,22.52,1.5,42,96.1,-3.7,2.4,8.5,4.8,14.94
1971,3,72.1,13.8,21.52,2.6,80.6,40.6,-1.4,5.5,12.4,4.5,10.35
1971,4,60.4,17.7,9.7,4.3,129,51.1,3,11.8,20.7,6,9.41
1971,5,62.3,14.7,0.28,4,124,193.8,8.9,16.2,23.6,11.8,15.92
1971,6,63.4,13.7,0,4.4,132,75.8,15.8,22.6,29.5,19.9,8.53
1971,7,66.7,13.5,0,4.1,127.1,119.9,16.4,23.1,29.9,21,12.51
1971,8,63.4,14,0,3.6,111.6,89.3,15.2,22.2,29.2,20.9,12.93
1971,9,61.5,11.9,0,3,90,112.8,15,20.9,26.9,19.6,8.52
1971,10,62.5,11.2,0,2.1,65.1,136.3,10.8,16.4,22,14.5,11.26
1971,11,66,12.4,13.21,1.7,51,64.9,1.6,7.8,14,7.1,11.31
1971,12,71,12.5,17.39,1.4,43.4,17.7,0.2,6.4,12.7,6.8,9.87
1972,1,68.2,11.9,24.15,1.3,40.3,42,-3,3,9,5.2,11.93
1972,2,72.6,11.4,24.21,1.5,43.5,112.2,-4.6,1.1,6.8,4.1,14.35
1972,3,67.9,13.1,17.13,2.5,77.5,34.3,0.3,6.8,13.4,5.6,10.27
1972,4,64.5,15.3,7.14,3.5,105,105,4.1,11.7,19.4,8.2,13.09
1972,5,65.9,13.5,0,3.7,114.7,136.9,9.9,16.6,23.4,13.4,14.86
1972,6,68.9,12.9,0,3.8,114,243.3,13.3,19.7,26.2,17.1,17.78
1972,7,70.5,12.2,0,3.8,117.8,121,17.5,23.6,29.7,22.8,11.01
1972,8,63.7,13.6,0,3.6,111.6,61.3,15.6,22.4,29.2,21.6,9.68
1972,9,61.6,13.8,0,3.1,93,46.9,13.4,20.3,27.2,17.7,7.85
1972,10,65.7,14,5.43,2.2,68.2,181.6,5,12,19,9.4,9.16
1972,11,74,11.2,15.02,1.5,45,170.3,0.9,6.5,12.1,6.8,14.27
1972,12,81,10,17.13,1.2,37.2,126.8,0.3,5.3,10.3,6.4,14
1973,1,67.8,12.5,25.15,1.6,49.6,69.3,-3.9,2.4,8.7,4.2,12.36
1973,2,66.1,13.1,23.74,1.7,47.6,57,-5,1.6,8.2,4.1,11.4
1973,3,74.6,12.3,8.08,2.4,74.4,68,3.8,9.9,16.1,8.3,11.9
1973,4,72.4,12.2,3.95,3,90,149,5.7,11.8,17.9,8.9,13.59
1973,5,73.6,13.1,0.08,3.6,111.6,104.7,9.4,15.9,22.5,12.1,12.53
1973,6,62.5,13.2,0,4.3,129,95,16.1,22.7,29.3,20.7,10.09
1973,7,64.9,13.4,0,4.2,130.2,87.4,17.2,23.9,30.6,22.1,10.53
1973,8,62.9,12.8,0,3.9,120.9,128.3,17.5,23.9,30.3,22.1,11.41
1973,9,59.1,14.2,0,3.4,102,53.1,14,21.1,28.2,17.8,7.36
1973,10,54.2,14.5,1.42,2.5,77.5,84.4,7.5,14.7,22,11.4,7.21
1973,11,66.1,14,11.43,2.1,63,32.7,2.3,9.3,16.3,7.1,7.96
1973,12,72.8,9.7,23.09,1.1,34.1,131.9,-2.1,2.8,7.7,5.2,16.5
1974,1,72.6,11.5,19.24,1.5,46.5,74.5,-0.5,5.3,11.1,6,12.26
1974,2,68.8,13,23,1.8,50.4,28.6,-4.2,2.3,8.8,4,8.7
1974,3,68.4,13.4,13.39,2.7,83.7,70.5,1.7,8.4,15.1,6.4,13.52
1974,4,63.6,15.5,3.61,3.9,117,32,5.9,13.6,21.4,8.5,10.49
1974,5,70,13.6,0,3.4,105.4,111.1,10.4,17.2,24,15,13.22
1974,6,67.8,12.5,0,3.9,117,149.1,13.7,19.9,26.2,17.2,11.64
1974,7,59,14.3,0,4.5,139.5,49.5,16.3,23.4,30.6,20.9,6.66
1974,8,70.1,12.2,0,3.4,105.4,83.4,17,23.1,29.2,23,12.62
1974,9,67.5,13.5,0,2.8,84,117.3,12.2,18.9,25.7,16.8,10.67
1974,10,52.2,16.6,7.38,2.6,80.6,33,4.1,12.4,20.7,8.9,5.57
1974,11,70,14,13.73,1.8,54,51.9,1.4,8.4,15.4,7.3,7.57
1974,12,72.7,10.9,22.49,1.3,40.3,139.4,-1.8,3.7,9.2,5.4,13.66
1975,1,68.7,12.5,24.6,1.2,37.2,62.7,-3.4,2.9,9.2,5.4,13.64
1975,2,77.5,11.5,21.18,1.5,42,53.5,-2.4,3.4,9.2,5.3,10.04
1975,3,74.9,12.2,18.71,2.2,68.2,149.7,-0.3,5.8,11.9,5.7,15.1
1975,4,64.7,13.5,8.74,3.4,102,51.3,3.4,10.1,16.9,6.7,9.79
1975,5,66.5,13.9,0,3.8,117.8,108.5,11.8,18.7,25.7,15.8,14.21
1975,6,64.8,12.7,0,4.2,126,98.9,15.5,21.8,28.2,18.7,9.14
1975,7,61.7,12.9,0,4.2,130.2,129,16.9,23.3,29.8,21.9,13.91
1975,8,65.3,13.7,0,3.9,120.9,112.5,17.4,24.2,31.1,22.7,10.82
1975,9,67.9,11.7,0,2.6,78,217.8,12.4,18.2,24.1,16.6,16.63
1975,10,59.8,14.4,0.83,2.5,77.5,60.1,8.1,15.3,22.5,11.9,8.18
1975,11,63.5,14.5,9.22,2.1,63,50,3.2,10.4,17.7,8.1,9.37
1975,12,67.4,10.7,23.91,1.2,37.2,60.6,-2.8,2.6,8,5,14.1
1976,1,65.5,10.7,27.05,1.3,40.3,109.4,-5.8,-0.4,5,3.5,14.69
1976,2,69.6,15,17.51,2.4,69.6,28.8,-0.3,7.2,14.7,5.5,9.28
1976,3,70.7,15,13.39,2.9,89.9,55.9,1.7,9.2,16.7,6.6,11.27
1976,4,59.4,17.1,4.87,4.3,129,45.3,5.2,13.7,22.3,7.9,7.31
1976,5,69.9,14.5,0.15,3.9,120.9,106.1,9.2,16.4,23.7,11.8,11.93
1976,6,63.9,14.1,0,4.6,138,102,15.2,22.2,29.3,18,7.6
1976,7,68.8,13.7,0,4.1,127.1,84,16,22.8,29.7,20,12.44
1976,8,60.7,15.5,0,3.8,117.8,53,14.1,21.8,29.6,20.2,9.41
1976,9,58.5,15,0,3.2,96,103,11.5,19,26.5,15.6,12.58
1976,10,58.6,12.1,5.85,1.9,58.9,283.7,4.8,10.8,16.9,9.6,12.65
1976,11,62.9,13.5,22,1.9,57,22.8,-1.9,4.9,11.7,4.6,5.44
1976,12,67.4,12.7,27.23,1.4,43.4,42.3,-6,0.4,6.8,3.6,9.81
1977,1,72.1,11.6,30.45,1.1,34.1,26.6,-11,-5.2,0.6,2.3,9.63
1977,2,70.1,14.4,23.47,1.9,53.2,10.6,-4.7,2.5,9.7,4.1,6.75
1977,3,59.4,14.1,9.77,3,93,66.7,3.1,10.1,17.2,7.1,10.83
1977,4,61.7,15.9,2.96,3.9,117,61.5,6.3,14.2,22.2,9.6,11.65
1977,5,54.4,15.7,0,4.5,139.5,39.1,11.3,19.1,27,14.7,8.47
1977,6,62.5,14.6,0,4.4,132,44.7,13.7,21,28.3,16.9,11.56
1977,7,64.6,15.3,0,4.9,151.9,60,18.2,25.8,33.5,22,10.56
1977,8,64.5,13.9,0,4.1,127.1,65.1,17.5,24.4,31.4,22,11.33
1977,9,68.4,12.4,0,3.1,93,102.3,15,21.2,27.4,18.1,4.54
1977,10,56.5,12.8,4.27,2.3,71.3,99.2,5.6,12,18.4,9,11.3
1977,11,74.6,9.3,7.59,1.2,36,146.2,3.9,8.5,13.2,8.8,13.26
1977,12,70.8,10.5,25.25,1,31,82.1,-4,1.3,6.6,4.8,13.93
1978,1,73.9,10.6,28.98,0.9,27.9,198.1,-8.2,-2.9,2.4,3.4,18.55
1978,2,68.5,12.3,27.08,1.2,33.6,9.5,-9.9,-3.7,2.5,2.8,5.06
1978,3,71.5,11.9,20.52,2.2,68.2,79,-1,5,11,5.3,13.48
1978,4,65.8,14.6,5.66,3.9,117,36.1,4.8,12.1,19.4,6.9,9.21
1978,5,63.7,13.1,0,3.7,114.7,126.7,9.9,16.4,23,13,14.24
1978,6,58.8,14.5,0,4.6,138,79.1,14.8,22,29.3,18.7,10.15
1978,7,65.7,13.1,0,3.9,120.9,130,16.7,23.2,29.8,22.6,10.34
1978,8,63.3,12.4,0,3.6,111.6,149.6,17.9,24.1,30.3,24.8,12.62
1978,9,55.8,13.6,0,3.4,102,40.4,14,20.8,27.6,17.6,5.71
1978,10,56.4,15.2,4.84,2.6,80.6,19.3,5.3,12.9,20.5,9.2,5.7
1978,11,65.6,11.9,9.94,1.7,51,69.3,2.9,8.8,14.8,7.9,9.1
1978,12,67.7,13.3,23.8,1.5,46.5,96.5,-2.7,4,10.7,5.1,14.5
1979,1,70.9,9,25.99,1.1,34.1,131.4,-4.7,-0.2,4.3,4,18.14
1979,2,66.7,11.4,26.79,1.1,30.8,106.7,-9.3,-3.6,2.1,3.1,16.04
1979,3,68.4,15.2,15.52,2.6,80.6,69.8,0.9,8.5,16.1,7,10.92
1979,4,70.6,12.8,3.95,3.1,93,72.1,5.7,12.1,18.5,9.3,10.96
1979,5,65.1,13.4,0,3.6,111.6,94.5,10.8,17.5,24.2,15.1,12.26
1979,6,60.3,14,0,4,120,124.7,13.6,20.6,27.6,18.8,10.31
1979,7,63.2,11.8,0,3.8,117.8,53.5,17.3,23.2,29.1,23.6,11.96
1979,8,67.6,12.7,0,3.4,105.4,111.9,16.8,23.1,29.5,23.5,12.82
1979,9,56.4,11.1,0,2.8,84,170.9,14.2,19.7,25.3,18.7,13.4
1979,10,63.2,12.2,2.04,2.1,65.1,184,7,13.1,19.2,11.1,10.77
1979,11,64.6,11.8,6.92,1.7,51,95.2,4.2,10.1,16,8.7,10.09
1979,12,66.4,12.7,23.33,1.5,46.5,34.5,-2.3,4.1,10.5,5.2,7.57
1980,1,72.6,9.2,25.04,1.1,34.1,76,-3.8,0.8,5.4,4.4,12.88
1980,2,70.6,12.1,25.56,1.4,40.6,26.3,-6.1,0,6.1,3.9,7.76
1980,3,74.2,13,19.75,1.8,55.8,101.1,-0.7,5.8,12.3,7,14.78
1980,4,66.2,14.3,4.13,3.4,102,120.5,5.6,12.7,19.9,9.3,12.06
1980,5,61.9,14.7,0,4.1,127.1,108.4,11.3,18.6,26,14.7,13.28
1980,6,63.8,14.6,0,4.3,129,44,13.4,20.7,28,16.8,8.69
1980,7,59.1,14.1,0,4.6,142.6,104.8,18,25,32.1,23.5,11.22
1980,8,61.4,13.9,0,4,124,88.5,17.7,24.6,31.6,23.6,7.36
1980,9,59.1,14,0,3.4,102,61.6,14.6,21.6,28.6,18.6,7.11
1980,10,55.6,14.9,4.09,2.5,77.5,64.8,5.7,13.1,20.6,9.9,8.1
1980,11,65.7,12.3,16.06,1.7,51,83.6,0.5,6.6,12.8,6.1,9.33
1980,12,64.7,12.7,25.04,1.4,43.4,13.8,-3.8,2.6,9,4.7,6.25
1981,1,64.2,12.4,28.55,1.2,37.2,8.5,-7.6,-1.4,4.8,3.3,5.59
1981,2,70.5,13.9,22.32,1.5,42,103.2,-3.5,3.5,10.5,5.8,12.4
1981,3,68.9,14.2,21.27,2.5,77.5,19.3,-1.3,5.8,12.9,5.2,8.69
1981,4,67.2,15.4,2.1,3.7,111,62.7,6.9,14.6,22.3,10.4,11.63
1981,5,63.6,14.9,0.11,3.8,117.8,122.4,9.3,16.7,24.2,13.5,12.89
1981,6,64,13.6,0,4.2,126,147.2,16.1,22.9,29.7,21.2,10.71
1981,7,64.4,12.4,0,4,124,80.4,17.7,23.9,30.1,23.7,12.99
1981,8,64.2,15.2,0,3.6,111.6,91.3,14.4,22,29.6,20.9,9.25
1981,9,64,12.7,0,3,90,88.3,13.1,19.4,25.8,16.5,6.95
1981,10,56.8,14.1,5.23,2.2,68.2,91.1,5.1,12.1,19.2,9.8,8.85
1981,11,62.8,12.5,12.7,1.9,57,22.5,1.8,8,14.3,6.6,4.69
1981,12,75,9.3,24.93,1.1,34.1,50.5,-3.7,1,5.7,4.5,11.71
1982,1,71.4,11.9,29.18,1.2,37.2,64.7,-8.5,-2.5,3.5,3,13.13
1982,2,67.4,11.6,21.81,1.6,44.8,82.8,-3,2.8,8.6,4.8,12.59
1982,3,68.5,14.4,17.66,2.5,77.5,85.5,0.1,7.3,14.5,6.1,11.38
1982,4,59,15.8,9.22,3.7,111,82.3,3.2,11.1,19,7,12
1982,5,64.9,15.2,0,4.3,133.3,74.7,11.8,19.4,27,14.9,14.15
1982,6,72,12.2,0,3.9,117,165.3,14.9,21,27.1,17.9,13.34
1982,7,62.5,12.5,0,4.2,130.2,102.4,17.9,24.1,30.4,23,10.67
1982,8,63.7,13.9,0,3.6,111.6,87.4,14.9,21.8,28.8,20.2,8.31
1982,9,61.6,13.9,0,3.1,93,51.8,12.3,19.2,26.2,16.2,7.27
1982,10,57.2,14.1,2.17,2.4,74.4,72.1,6.9,13.9,21,11.1,6.71
1982,11,68.6,13.1,10.19,1.8,54,100.7,2.8,9.3,15.9,8.1,11.23
1982,12,72,11.1,16.86,1.1,34.1,52.9,0.4,5.9,11.5,7.2,10.76
1983,1,71.1,10.1,25.04,1.3,40.3,22.4,-3.8,1.3,6.4,4.2,10.72
1983,2,67.8,13,23.19,1.6,44.8,89.5,-4.4,2.1,8.6,4.4,12.17
1983,3,69,12,13.65,2.3,71.3,101.8,1.6,7.6,13.6,6.6,14.26
1983,4,72.8,11.7,5.46,2.9,87,197.2,4.9,10.7,16.6,8.1,16.96
1983,5,67.1,14.6,0.19,3.7,114.7,143.4,9.1,16.4,23.7,12.8,13.35
1983,6,54.1,14.4,0,4.4,132,113,14.3,21.5,28.7,19.1,14.51
1983,7,52.5,15.8,0,4.9,151.9,28.7,16.6,24.5,32.4,21.8,7.73
1983,8,53.4,14.8,0,4.4,136.4,57.7,17.5,24.9,32.3,22.9,9.56
1983,9,51.5,16.1,0,3.5,105,65.2,11.8,19.8,27.9,16.4,9.35
1983,10,61.3,13,1.54,2.2,68.2,143.7,7.4,13.9,20.4,11.6,10.78
1983,11,68.1,12.9,12.44,1.7,51,117.8,1.9,8.3,14.8,7.5,13.34
1983,12,70.4,9.3,25.88,0.9,27.9,128.8,-4.6,0.1,4.8,4.4,15.52
1984,1,69.5,11.5,28.32,1.2,37.2,39.2,-7.3,-1.5,4.3,3.4,10.52
1984,2,70.1,12.1,19.2,1.4,40.6,144.8,-1,5.1,11.2,6.7,12.76
1984,3,69.3,12,22.73,1.9,58.9,162.8,-1.9,4.1,10.1,5.5,15.52
1984,4,70,13.3,6.28,3.1,93,132.8,4.5,11.1,17.8,8.4,13.35
1984,5,68.1,13.8,0,3.8,117.8,88.2,9.9,16.8,23.7,13,13.61
1984,6,58.3,14.9,0,4.8,144,50.9,15.5,22.9,30.4,18.9,8.51
1984,7,69,12.5,0,3.9,120.9,129.5,16.9,23.1,29.4,22,11.3
1984,8,65.7,12.9,0,3.6,111.6,197.8,17.1,23.5,30,23.3,9.16
1984,9,57,14.1,0,3.1,93,60.2,11.5,18.5,25.6,15.8,7.61
1984,10,63.9,11.9,0,2.3,71.3,92.6,11.1,17,23,14.2,9.28
1984,11,61.8,13.2,17.09,1.8,54,90.8,0.1,6.7,13.3,5.9,11.97
1984,12,65.1,12.7,15.26,1.6,49.6,34.6,1,7.3,13.7,6.9,8.97
1985,1,73,10.5,27.23,1.3,40.3,56.1,-6,-0.7,4.6,3.2,10.62
1985,2,70.9,12.3,22.32,1.8,50.4,91.4,-3.5,2.7,8.9,4.3,12.58
1985,3,62.8,14.2,14.99,2.8,86.8,38.7,1.1,8.2,15.3,6,10.08
1985,4,61.9,17.1,3.12,4.1,123,18.4,6.2,14.7,23.3,9.4,2.6
1985,5,65,15.1,0,4.1,127.1,138.5,11,18.5,26.1,14.3,15
1985,6,59.2,14.2,0,4.4,132,45.4,13.9,21,28.1,17.5,8.58
1985,7,64.3,13.7,0,4.4,136.4,91.6,17.3,24.1,31,21.7,10.75
1985,8,64.6,13.5,0,3.7,114.7,132.4,16.2,22.9,29.7,21.5,9.14
1985,9,54.9,16.5,0,3.5,105,18.5,12,20.2,28.5,17.1,12
1985,10,63.5,13.7,0.83,2.3,71.3,142.1,8.1,14.9,21.8,12.2,10.12
1985,11,78,10.4,4.13,1.4,42,221.5,5.6,10.8,16,10.2,12.95
1985,12,69.6,12.2,26.48,1.2,37.2,28,-5.2,0.9,7,4.2,6.35
1986,1,67.2,14.3,27.84,1.5,46.5,31.6,-6.7,0.5,7.7,3.7,11.53
1986,2,75.3,9.8,22.81,1,28,92.7,-4,0.9,5.8,5.3,12.57
1986,3,68.1,15.7,20.27,2.6,80.6,43,-0.9,7,14.9,5.9,7.15
1986,4,61.7,15.6,4.87,3.8,114,69.4,5.2,13,20.8,8.5,9.39
1986,5,69.5,15.2,0,4,124,40.4,10.3,17.9,25.5,13.5,7.01
1986,6,63.9,17.3,0,4.8,144,35.7,13.9,22.5,31.2,18,8.6
1986,7,65.7,15.3,0,4.4,136.4,120,17.3,24.9,32.6,23.3,10.71
1986,8,63.3,15,0,3.5,108.5,101.2,14,21.5,29,21.1,11.9
1986,9,65.1,14.5,0,2.9,87,37.2,12.4,19.6,26.9,18.1,5.2
1986,10,60.2,16.7,3.91,2.4,74.4,35.5,5.8,14.1,22.5,11.8,8.7
1986,11,73.3,11.9,15.54,1.3,39,140.5,0.7,6.6,12.6,7.7,12.95
1986,12,75.3,10.4,23.21,1.2,37.2,103,-2.2,3,8.2,5.2,14.98
1987,1,72.5,10.8,26.39,1.3,40.3,119.5,-5.1,0.3,5.7,3.9,14.91
1987,2,62.8,12.5,23.1,1.9,53.2,39.5,-4.3,2,8.3,3.5,10.07
1987,3,58,15.7,18.45,2.7,83.7,55,-0.2,7.7,15.6,6.3,8.98
1987,4,64.1,13.9,5.86,3.1,93,159,4.7,11.6,18.6,9.1,10.02
1987,5,59.4,15.2,0,3.9,120.9,111.2,10.7,18.3,25.9,15.5,10.72
1987,6,63.3,14,0,4.4,132,78.2,16.3,23.3,30.3,20.9,11.72
1987,7,60.1,14.8,0,4.8,148.8,44,18.7,26.1,33.5,24.2,10.01
1987,8,62.4,15.4,0,4.1,127.1,39.6,16.8,24.5,32.2,22.5,8.79
1987,9,66.4,12,0,2.9,87,244.1,14.4,20.4,26.4,18.7,10.51
1987,10,52,16.1,10.27,2.5,77.5,42.7,2.9,10.9,19,8.1,7.49
1987,11,69,13.8,12.19,1.8,54,104.9,2,8.9,15.8,7.8,11.31
1987,12,74,10.5,20.52,1.3,40.3,66.5,-1,4.3,9.6,5.7,11.42
1988,1,68.1,12.6,28.7,1.2,37.2,63.3,-7.8,-1.5,4.8,3.4,13.31
1988,2,71.8,12.8,23.63,1.7,49.3,34.6,-4,2.4,8.8,4.4,11.71
1988,3,63.8,15.9,19.5,2.7,83.7,41.8,-0.6,7.4,15.4,6.2,9.87
1988,4,66.2,15.3,6.07,3.5,105,61.6,4.6,12.2,19.9,8.4,10.16
1988,5,61.3,14.5,0,3.9,120.9,166.8,10.4,17.6,24.9,14.2,12.4
1988,6,53.2,16.1,0,5,150,43.3,13.7,21.7,29.8,17,6.4
1988,7,63.5,15.5,0,4.7,145.7,115.4,17.7,25.4,33.2,23.2,11.74
1988,8,61.3,14.9,0,4.1,127.1,94.1,17.7,25.1,32.6,24.3,8.79
1988,9,60.8,14.5,0,2.9,87,63.1,11.4,18.6,25.9,16.9,7.28
1988,10,61.7,16.1,11.81,2.2,68.2,28.2,2.3,10.3,18.4,8.4,7
1988,11,68.2,14.1,13.47,1.8,54,83.2,1.5,8.5,15.6,7.5,12.99
1988,12,67.4,13.4,25.68,1.5,46.5,24.2,-4.4,2.3,9,4.1,8.97
1989,1,66.6,13,24.03,1.5,46.5,51,-2.9,3.6,10.1,5,11.8
1989,2,71.6,12.5,22.52,1.6,44.8,57.7,-3.7,2.6,8.9,4.8,11.9
1989,3,67.4,14.3,19.5,2.1,65.1,101.7,-0.6,6.6,13.8,7.1,13.52
1989,4,67.2,15.1,7.36,3.4,102,49.5,4,11.5,19.1,8.2,12.4
1989,5,69.3,13.2,0.04,3.4,105.4,180.4,9.6,16.2,22.8,13.5,16.39
1989,6,72.2,12.3,0,3.8,114,169.6,16.6,22.7,28.9,21.7,14.3
1989,7,60.9,11.9,0,4,124,167.8,18,23.9,29.9,24.3,14.02
1989,8,63.8,11.7,0,3.4,105.4,65.2,16.8,22.6,28.5,22.8,7.48
1989,9,61.8,12.3,0,2.7,81,87.1,13.3,19.4,25.6,18.8,12.91
1989,10,54.7,15.9,3.56,2.3,71.3,105.7,6,13.9,21.9,11.9,11.22
1989,11,69.5,14.6,17.6,1.7,51,62.6,-0.1,7.2,14.5,7,9.64
1989,12,70.9,13.1,30.3,1,31,30.1,-10.6,-4,2.6,2.9,10.12
1990,1,65.1,13.6,22.25,1.5,46.5,72.6,-1.7,5.1,11.9,5.9,13.31
1990,2,66,15.2,19.44,1.9,53.2,50.2,-1.4,6.2,13.8,6.6,9.62
1990,3,63.4,15.7,14.99,2.6,80.6,60.1,1.1,8.9,16.8,7.7,11.07
1990,4,62.6,15.8,6.28,3.3,99,89.8,4.5,12.4,20.3,9.5,13.06
1990,5,71.7,13.3,0.01,3.5,108.5,140.5,9.8,16.4,23.1,13.3,14.78
1990,6,63.4,15.1,0,4.3,129,26.5,14.3,21.8,29.4,19.1,10.23
1990,7,64.5,13.6,0,4.1,127.1,176.9,17.5,24.3,31.1,23.7,12.03
1990,8,59.6,12.1,0,3.5,108.5,107.4,16.5,22.5,28.6,22.9,13.13
1990,9,61.7,13.3,0,3,90,69.1,12.8,19.4,26.1,17.4,6.44
1990,10,60.1,14.7,1.31,2.2,68.2,189.7,7.6,14.9,22.3,12.9,10.29
1990,11,58.1,16.1,11.94,2.3,69,38.4,2.1,10.1,18.2,7.3,9.14
1990,12,70.8,13.2,21.27,1.2,37.2,106.7,-1.3,5.3,11.9,6.8,14.78
1991,1,70.7,11.5,25.25,1.2,37.2,90.5,-4,1.8,7.6,4.8,13.15
1991,2,71.2,14.2,20.74,2,56,35.1,-2,5.1,12.2,5.3,7.33
1991,3,63.9,13.6,13.39,2.5,77.5,111.8,1.7,8.5,15.3,7.2,13.86
1991,4,71,15.1,3.28,3.4,102,55.3,6.1,13.6,21.2,10.2,9.78
1991,5,66.6,14.5,0,4.1,127.1,61.4,13.6,20.8,28.1,17.6,8.74
1991,6,54.2,14.9,0,4.7,141,79.1,14.9,22.3,29.8,19.1,8.29
1991,7,60.5,13.4,0,4.5,139.5,105.3,18.4,25.1,31.8,23.2,11.15
1991,8,58.2,15.7,0,4.2,130.2,21.6,16.5,24.3,32.2,22.7,7.85
1991,9,55.8,15.4,0,3.2,96,63.7,11.8,19.5,27.2,17.2,9.43
1991,10,57,17.4,5.23,2.5,77.5,35.8,5.1,13.8,22.5,11.1,7.55
1991,11,67.4,14,17.09,1.7,51,57.1,0.1,7.1,14.1,6.9,5.98
1991,12,65.6,11.6,20.52,1.3,40.3,126.7,-1,4.8,10.6,6.1,15.36
1992,1,67.5,10.6,23.45,1.3,40.3,45.7,-2.4,2.9,8.2,4.9,12
1992,2,74.2,12,19.9,1.8,52.2,58.7,-1.3,4.7,10.7,5.3,9.97
1992,3,64.1,12.1,15.79,2.3,71.3,87.6,0.8,6.8,12.9,6.2,12.47
1992,4,67.7,13.5,3.44,3.3,99,90,6,12.7,19.5,9.2,11.38
1992,5,57.8,13.1,0.06,3.8,117.8,116,9.5,16,22.6,12.3,12.35
1992,6,61.1,12.6,0,4.1,123,94.7,14.1,20.4,26.7,17.5,9.22
1992,7,71.7,11.5,0,4,124,106.9,18.8,24.5,30.3,23.3,12.44
1992,8,63,13.1,0,3.4,105.4,79,14.8,21.3,27.9,20.7,9.46
1992,9,60.9,12.5,0,2.7,81,127.9,12.7,18.9,25.2,18.3,9.35
1992,10,53.4,15.6,6.71,2.4,74.4,35.6,4.4,12.2,20,9.7,7.98
1992,11,74.4,10.3,10.19,1.3,39,97.8,2.8,7.9,13.1,8.2,11.15
1992,12,72.8,9.7,23.45,1,31,85.4,-2.4,2.5,7.4,5.3,11.2
1993,1,73,10.9,22.97,1.4,43.4,62.6,-2,3.5,9,5.2,13.81
1993,2,65.8,12.2,23.38,1.9,53.2,60.1,-4.6,1.5,7.6,3.4,10.3
1993,3,72.1,11.9,21.27,1.7,52.7,190.9,-1.3,4.7,10.7,6.4,16.68
1993,4,70.6,15.6,6.92,3.4,102,122.4,4.2,12,19.8,8.6,12.54
1993,5,63.5,15.3,0,3.9,120.9,53.5,10.3,17.9,25.6,14.6,11.88
1993,6,59.5,15.2,0,4.4,132,59.1,14.2,21.8,29.4,19.4,7.97
1993,7,58.5,15.1,0,4.6,142.6,102,17.8,25.3,32.9,24.2,8.39
1993,8,56.9,15.7,0,3.9,120.9,66.4,15.9,23.7,31.6,24.2,10.5
1993,9,64.6,14.8,0,2.8,84,112.5,11.9,19.3,26.7,18.6,9.02
1993,10,58.1,14.3,4.09,2.2,68.2,56.3,5.7,12.8,20,10.7,8.08
1993,11,68.3,12.8,12.96,1.6,48,137.1,1.7,8.1,14.5,7.7,13.12
1993,12,65,10.2,24.37,1,31,95.5,-3.2,1.9,7,5.1,13.72
1994,1,69.5,9.6,28.48,0.8,24.8,101.3,-7.5,-2.7,2.1,3.7,16.11
1994,2,60.2,12.2,22.91,1.6,44.8,111.2,-4.1,2,8.1,4.5,13.52
1994,3,67,13,18.45,2.3,71.3,200.7,-0.2,6.3,12.8,5.9,17.31
1994,4,65.4,17.4,2.66,4,120,59,6.5,15.2,23.9,10.3,9.44
1994,5,64.5,14.8,0.92,3.6,111.6,84.5,8,15.4,22.8,12.2,8.51
1994,6,65.2,14.2,0,4.5,135,79.7,16.9,24,31.1,21.9,8.13
1994,7,68.1,12,0,3.8,117.8,145.1,18.5,24.5,30.5,25.8,11.81
1994,8,64.5,12.9,0,3.4,105.4,143.3,15.7,22.1,28.6,22.3,11.39
1994,9,56.1,13.6,0,3.1,93,57.9,12,18.8,25.6,16.1,6.2
1994,10,54.6,17,8.55,2.3,71.3,22.5,3.6,12.1,20.6,10.2,5.94
1994,11,62,15,9.46,2.2,66,69.6,3.1,10.6,18.1,7.9,9.47
1994,12,70.2,12,21.02,1.2,37.2,45,-1.2,4.8,10.8,6.3,11.93
1995,1,71.1,8.8,22.01,1.2,37.2,111,-1.6,2.8,7.2,5.2,14.24
1995,2,65.4,11.7,24.52,1.3,36.4,27.8,-5.9,0,5.9,4.3,8.35
1995,3,59.4,14.9,15.26,2.9,89.9,37.5,1,8.4,15.9,6.1,5.5
1995,4,68.6,15.8,7.36,3.5,105,41.1,4,11.9,19.8,8.1,9.25
1995,5,64.9,13,0,3.6,111.6,105.8,10.1,16.6,23.1,13.6,16.45
1995,6,67.5,12.3,0,4,120,194.8,16,22.1,28.3,20.2,12.13
1995,7,66.3,13.2,0,4.3,133.3,85.2,18.6,25.2,31.8,24.2,14.43
1995,8,61.1,12.5,0,4.1,127.1,80.9,18.6,24.8,31.1,22.7,4.8
1995,9,59.9,12.9,0,3.2,96,70.3,12.7,19.1,25.6,15.2,11.34
1995,10,61.1,14.6,1.54,2.1,65.1,151.5,7.4,14.7,22,13.3,11.59
1995,11,70.2,10.4,17.35,1.3,39,84.9,0,5.2,10.4,6.3,15.06
1995,12,74.8,10,25.57,1.2,37.2,46.5,-4.3,0.7,5.7,4,9.28
1996,1,68.8,11.2,26.77,1.1,34.1,172.8,-5.5,0.1,5.7,4.3,16.21
1996,2,68.8,10.6,23.52,1,29,84,-3.9,1.4,6.7,5.6,12.41
1996,3,67.5,12.5,23.21,1.9,58.9,71.9,-2.2,4.1,10.4,5.6,13.25
1996,4,65,15.2,4.49,3.6,108,64.4,5.4,13,20.6,8.8,10.02
1996,5,65,12.8,0,3.3,102.3,188.9,9.9,16.3,22.7,14.4,10.36
1996,6,62.5,13.6,0,4.1,123,157.2,15.8,22.6,29.4,21.5,12.12
1996,7,61.1,12.4,0,4,124,175.2,16.9,23.1,29.3,22.4,17.34
1996,8,62.5,12.3,0,3.4,105.4,140.3,16.4,22.5,28.7,22.6,7.69
1996,9,63.6,11.2,0,2.7,81,241.4,13.9,19.5,25.1,18.1,16.05
1996,10,57.5,13.2,2.75,2,62,71.4,6.5,13.1,19.7,11.7,8.56
1996,11,67.5,10.1,16.83,1.4,42,81.1,0.2,5.2,10.3,6,9.77
1996,12,70,10.8,23.68,0.5,15.5,97.5,-2.6,2.8,8.2,7.1,12.1
1997,1,68.8,11.6,27.23,1,31,50,-6,-0.2,5.6,4.5,11.7
1997,2,68.8,11.5,20.53,1.5,42,51.2,-1.9,3.9,9.7,5.8,11.67
1997,3,66.6,13.4,17.92,2.2,68.2,114.7,0,6.7,13.4,6.7,10.54
1997,4,65.1,14.4,11.94,3,90,39,2.1,9.3,16.5,7.2,10.97
1997,5,65,14.8,3.06,3.5,108.5,39.5,6.3,13.7,21.1,10.6,8.65
1997,6,58.7,13.5,0,3.9,117,110.7,12.8,19.5,26.3,18.1,9.14
1997,7,63.8,14.3,0,4.1,127.1,128.5,15.6,22.7,29.9,20.9,8.65
1997,8,62.5,14.4,0,3.6,111.6,47.7,13.9,21.1,28.3,19.6,6.65
1997,9,60.4,14.1,0,2.6,78,106.4,10.1,17.1,24.2,16.1,6.7
1997,10,57.5,14.3,7.38,1.8,55.8,42.2,4.1,11.2,18.4,10.7,9.99
1997,11,67.5,10.7,18.36,1.2,36,159.3,-0.4,5,10.4,6.7,15.46
1997,12,70,10,24.49,1,31,76.9,-3.3,1.7,6.7,5.1,14.8
1998,1,68.8,10.5,22.01,0.8,24.8,171.5,-1.6,3.7,9,6.9,12.89
1998,2,68.8,10.1,18.31,1.3,36.4,156.8,-0.9,4.2,9.3,6.3,15.11
1998,3,67.5,11.8,16.06,1.9,58.9,115.7,0.7,6.6,12.5,7.2,14.39
1998,4,65.1,14,5.26,3.2,96,56.5,5,12,19,9.2,12.98
1998,5,65,12.9,0,3.5,108.5,119.3,11.5,17.9,24.4,16.1,15.74
1998,6,62.5,12.9,0,3.8,114,172.5,13.9,20.3,26.8,19.4,12.98
1998,7,63.8,13.4,0,4.1,127.1,28.9,15.9,22.6,29.3,20.8,7.88
1998,8,62.5,14.5,0,3.9,120.9,62,15.5,22.7,30,20.4,3.86
1998,9,55.9,14.9,0,3.5,105,39.9,13.3,20.7,28.2,17,9.43
1998,10,62.2,14.2,5.23,2.1,65.1,41.6,5.1,12.2,19.3,10.2,5.37
1998,11,67.5,13,17.35,1.5,45,18.9,0,6.5,13,6.8,10.3
1998,12,67.9,11.1,22.97,1,31,44.8,-2,3.6,9.2,6.3,12.25
1999,1,68.8,11.7,25.88,1,31,132.8,-4.6,1.3,7.2,5.1,18.47
1999,2,68.8,12.1,22.42,1.3,36.4,31.4,-3.6,2.5,8.6,5.6,14.59
1999,3,66.5,12.7,23.68,2.1,65.1,94.2,-2.6,3.8,10.2,4.9,13.17
1999,4,65,13.6,5.86,3.1,93,39.9,4.7,11.5,18.3,8.9,15.2
1999,5,65,15,0.52,3.8,117.8,63.2,8.5,16,23.5,12.5,6.59
1999,6,58.8,13.8,0,4.1,123,25.4,13.5,20.4,27.3,18,7.58
1999,7,60.9,14.1,0,4.4,136.4,50.8,17.2,24.2,31.3,22.7,9.09
1999,8,62.5,14.6,0,3.8,117.8,78.7,14.9,22.2,29.5,20.1,13.8
1999,9,55.9,13.5,0,2.6,78,228.7,11,17.7,24.5,17.7,12.85
1999,10,57.5,14.1,8.31,1.6,49.6,65.7,3.7,10.7,17.8,11.4,9
1999,11,67.5,12.8,10.68,1.4,42,42.6,2.6,9,15.4,9.2,5.62
1999,12,70,10.7,24.37,0.9,27.9,64.5,-3.2,2.2,7.6,5.7,8.8
2000,1,68.8,11.3,27.67,0.9,27.9,50.1,-6.5,-0.8,4.9,4.4,8.47
2000,2,68.8,12.2,22.15,1.5,43.5,48,-2.6,3.5,9.6,5.6,9.36
2000,3,67.5,14.1,15.26,2.3,71.3,75,1,8,15.1,7.3,11.55
2000,4,65,13.2,6.07,2.7,81,93.7,4.6,11.2,17.8,9.8,15.76
2000,5,65,13.7,0,3.5,108.5,81.5,10.5,17.3,24.2,15.2,13.23
2000,6,59.5,12.6,0,3.8,114,109.4,14.9,21.2,27.5,20.9,14.51
2000,7,63.8,11.8,0,3.9,120.9,108.4,16.4,22.3,28.2,20.9,12.37
2000,8,62.5,12.1,0,3,93,80.7,15.2,21.2,27.3,23.1,17.78
2000,9,57.4,12.6,0,2.2,66,134.9,10.9,17.2,23.5,18.5,14.81
2000,10,57.5,15.3,5.23,2,62,2.5,5.1,12.7,20.4,12,0.72
2000,11,67.5,12.1,20.83,1.3,39,28.9,-1.4,4.7,10.8,6.3,11.32
2000,12,70,10.2,29.05,0.8,24.8,42.8,-8.3,-3.2,1.9,3.5,8.8
2001,1,65.2,11.2,25.88,1.2,37.2,57.8,-4.6,1,6.6,4.3,9.07
2001,2,68.8,12.9,21.18,1.7,47.6,28.9,-2.4,4.1,10.6,5.5,13.76
2001,3,67.5,12.2,20.27,2.2,68.2,101,-0.9,5.2,11.3,5.4,13.43
2001,4,65,14.9,3.28,3.6,108,72.2,6.1,13.5,21,9.6,14.07
2001,5,65,13.4,0,3.8,117.8,129.6,10.5,17.2,23.9,13.3,15.85
2001,6,58.8,13.3,0,4.4,132,149.3,15.6,22.2,28.9,20,13.74
2001,7,63.8,13.2,0,4.1,127.1,115.6,15.8,22.4,29,20.1,11.23
2001,8,64,13,0,3.7,114.7,108,17.7,24.2,30.7,24.2,11.5
2001,9,56.5,14,0,3.1,93,43.6,11.5,18.5,25.5,15.6,8.85
2001,10,57.5,15.8,3.73,2.7,83.7,22,5.9,13.8,21.7,9.8,5.63
2001,11,67.5,14.6,8.27,2.1,63,20.6,3.6,10.9,18.2,8.4,4.12
2001,12,70,10.9,17.13,1.3,40.3,42.1,0.3,5.7,11.2,6.5,12.3
2002,1,68.8,11.8,22.01,1.5,46.5,30.5,-1.6,4.3,10.2,5.3,8.65
2002,2,68.8,13.7,21.39,2,56,14,-2.6,4.3,11.2,4.7,6.66
2002,3,67.5,13.9,15.79,2.2,68.2,89.7,0.8,7.7,14.7,7.4,15.92
2002,4,65,14.4,2.37,3.3,99,133.4,6.7,13.9,21.1,11,13.5
2002,5,65,14.4,0.11,3.5,108.5,115.6,9.3,16.5,23.7,14.1,10.22
2002,6,62.5,14.5,0,4.7,141,82.1,15.7,22.9,30.2,18.5,13.57
2002,7,63.8,13.5,0,4.7,145.7,99.5,18.8,25.5,32.3,22.4,4.53
2002,8,62.5,14.3,0,4.2,130.2,41.7,17.7,24.8,32,22,6.38
2002,9,60,13.8,0,3.2,96,101.6,14,20.9,27.8,18.4,9.51
2002,10,57.5,11.7,1.31,1.6,49.6,143.6,7.6,13.4,19.3,13.5,13.23
2002,11,67.5,11,13.73,1.2,36,103.9,1.4,6.9,12.4,7.9,9.73
2002,12,70,10.2,24.6,1.1,34.1,82.2,-3.4,1.7,6.8,4.7,12.74
2003,1,72.8,9.8,27.76,0.9,27.9,67.2,-6.6,-1.7,3.2,3.8,9.87
2003,2,76.8,9.5,23.38,1.3,36.4,168.8,-4.6,0.2,5,4.1,13.9
2003,3,69.1,14.4,16.59,2.1,65.1,80.8,0.5,7.7,14.9,7.9,13.86
2003,4,66.6,13.6,3.78,3.3,99,93.7,5.8,12.6,19.4,9.3,13.35
2003,5,73.2,11.8,0,3.1,96.1,190.9,10.3,16.2,22.1,14.4,17.88
2003,6,68.3,12.2,0,3.8,114,200.1,14.7,20.8,26.9,18.6,11.16
2003,7,68.2,12,0,3.9,120.9,151.5,17.7,23.7,29.7,22.9,12.18
2003,8,69.1,12.1,0,3.5,108.5,95.2,18.2,24.2,30.3,24.7,16.19
2003,9,64,12.3,0,2.8,84,249.2,13.4,19.5,25.7,18.3,16.14
2003,10,59.8,13.8,3.91,2.2,68.2,69,5.8,12.7,19.6,10.4,9.08
2003,11,68.5,12.6,7.59,1.6,48,104.6,3.9,10.2,16.5,9.5,10.96
2003,12,74.5,10.6,23.91,1.4,43.4,84.7,-2.8,2.5,7.8,4.4,15.08
2004,1,70.4,11,28.25,0.9,27.9,26,-7.2,-1.7,3.8,3.9,12.29
2004,2,72.2,12.1,23.63,1.8,52.2,69.3,-4,2.1,8.2,3.8,7.34
2004,3,73.3,13.4,13.65,2.3,71.3,47.5,1.6,8.3,15,7.3,14.77
2004,4,69,13.3,2.66,3.4,102,93.5,6.5,13.1,19.8,9.2,14.21
2004,5,68.4,13.3,0,4.1,127.1,139.4,14.4,21,27.7,17.8,19.39
2004,6,67.5,12.6,0,4.1,123,119.8,15.4,21.7,28,19.2,12.12
2004,7,70.2,11.8,0,3.9,120.9,125.7,18,23.9,29.8,22.8,15.31
2004,8,68.7,12.4,0,3.4,105.4,66.7,16.2,22.4,28.6,21.8,12.97
2004,9,64.2,12.4,0,3.1,93,214.6,14.3,20.5,26.7,18,9.35
2004,10,62.7,12,1.11,2.1,65.1,33,7.8,13.8,19.8,11.5,10.42
2004,11,70.3,11.6,7.59,1.9,57,81.3,3.9,9.7,15.5,7.8,13.63
2004,12,71.4,11.6,23.33,1.2,37.2,61.7,-2.3,3.5,9.3,5.4,12.64
2005,1,69.6,10.7,24.49,1,31,56.1,-3.3,2.1,7.5,5.5,14.91
2005,2,73.8,12,21.28,1.8,50.4,32.9,-2.5,3.5,9.5,4.6,10.04
2005,3,77.1,11.9,20.27,2.1,65.1,81.1,-0.9,5.1,11.1,5.5,9.67
2005,4,64,14.3,3.28,3.9,117,58.7,6.1,13.2,20.4,7.9,14.78
2005,5,66,13.7,0.33,4,124,120.6,8.8,15.6,22.5,10.5,8.15
2005,6,64.9,13,0,4.5,135,57.2,16.8,23.3,29.8,20.1,10.39
2005,7,67.4,12.1,0,4.4,136.4,153.6,19.7,25.7,31.8,23.8,14.94
2005,8,67.7,12.7,0,4.1,127.1,66.4,18.7,25,31.4,22.1,9.54
2005,9,54.4,14.8,0,4.1,123,24.9,14.7,22.1,29.5,15.1,2.55
2005,10,66.1,12.1,0.39,2.3,71.3,160,8.7,14.7,20.8,11.7,12.74
2005,11,64.7,13.8,10.93,2,60,74.2,2.5,9.4,16.3,7.3,10.52
2005,12,74.2,9.8,25.15,1.2,37.2,34.9,-3.9,1,5.9,4.1,13.69
2006,1,66.4,11.9,18.45,1.6,49.6,73.8,-0.2,5.8,11.8,6,14.01
2006,2,73,11.6,22.12,1.8,50.4,57.2,-3.3,2.5,8.3,4.1,9.11
2006,3,70.9,13.5,16.06,2.7,83.7,2.7,0.7,7.4,14.2,5.4,3.56
2006,4,64,14.9,2.37,3.9,117,83.9,6.7,14.1,21.6,8.9,10.57
2006,5,66.7,14.3,0,4.1,127.1,59.1,9.9,17,24.2,11.9,13.85
2006,6,64.7,13.3,0,4.5,135,187.6,15.2,21.8,28.5,17.3,15.76
2006,7,66.5,12.8,0,4.4,136.4,78.1,19,25.4,31.8,23.4,9.75
2006,8,66.1,13.7,0,4.3,133.3,20.9,18.1,24.9,31.8,20.5,6.03
2006,9,65.8,11.8,0,2.9,87,172.1,13,18.9,24.8,15.9,9.42
2006,10,60.7,13.5,2.6,2.4,74.4,130.7,6.6,13.3,20.1,10.2,11.59
2006,11,72.7,12.1,7.36,1.8,54,118.7,4,10,16.1,8.3,10.3
2006,12,68.6,12.5,17.66,1.6,49.6,33.3,0.1,6.3,12.6,6.1,9.78
2007,1,68.6,11.1,22.01,1.4,43.4,39.9,-1.6,4,9.6,5.5,12.63
2007,2,76.2,11,25.15,1.5,42,78,-6.7,-1.2,4.3,3.1,7.76
2007,3,70.2,14.5,13.39,2.8,86.8,66.5,1.7,8.9,16.2,6.6,10.54
2007,4,69.6,13.2,5.26,3.4,102,85.8,5,11.6,18.2,7.7,11.08
2007,5,63.6,14.6,0,4.4,136.4,34.9,11.4,18.7,26,12.9,6.01
2007,6,62.7,13.6,0,4.8,144,93,15.9,22.7,29.5,17.3,10.15
2007,7,64,13.8,0,4.8,148.8,44.8,17,23.9,30.8,18.2,8.94
2007,8,64.9,13.9,0,4.3,133.3,89.8,18.2,25.1,32.1,21.7,14.27
2007,9,55.6,14.8,0,3.7,111,51.8,13.7,21.1,28.5,16,5.37
2007,10,57.3,14.4,0,2.8,86.8,84.7,10.4,17.6,24.8,13.2,8.04
2007,11,70.9,12.3,12.96,1.9,57,44.2,1.7,7.8,14,6.3,12.54
2007,12,75,9.8,19.75,1.2,37.2,77.6,-0.7,4.2,9.1,5.9,13.57
2008,1,69,11.4,24.26,1.5,46.5,29.4,-3.1,2.6,8.3,4.2,9.32
2008,2,73.3,12.4,22.48,1.5,43.5,57.9,-2.9,3.3,9.5,5.4,12.65
2008,3,73.3,13.1,15.26,2.5,77.5,50.2,1,7.5,14.1,6,12.8
2008,4,67.8,13.4,1.84,3.4,102,135.4,7.1,13.8,20.5,10,15.63
2008,5,65.9,14,0.06,4,124,138.4,9.5,16.5,23.5,11.7,14.72
2008,6,62.3,14,0,4.9,147,101,16.8,23.8,30.8,19.1,17
2008,7,65.1,13.4,0,4.5,139.5,97.4,17.7,24.4,31.1,20.6,10.34
2008,8,61.9,13.9,0,4.3,133.3,89.7,16.1,23,30,17.8,7.71
2008,9,62.2,12.9,0,3.3,99,103.4,14.2,20.6,27.1,16.7,11.58
2008,10,56.9,14,3.56,2.5,77.5,44.9,6,13,20,9.3,6.18
2008,11,76.1,10.6,12.19,1.7,51,47.7,2,7.3,12.6,6.6,7.95
2008,12,71.4,11.6,22.25,1.3,40.3,88,-1.7,4.1,9.9,5.5,16.5
2009,1,69.8,10.7,27.67,1.2,37.2,58.5,-6.5,-1.1,4.3,3.3,10.33
2009,2,71.4,13.4,22.22,2,56,10.8,-3.4,3.3,10,4.2,6.67
2009,3,72.7,12.8,16.06,2.3,71.3,49.9,0.7,7.1,13.5,6.4,13.74
2009,4,67,14.1,2.96,3.7,111,84.1,6.3,13.3,20.4,8.4,16.59
2009,5,67.8,12.7,0,3.8,117.8,168.7,12,18.3,24.7,14.5,13.94
2009,6,67.5,12.6,0,4.3,129,143.3,15.9,22.2,28.5,18.6,14.3
2009,7,67.4,12.9,0,4.4,136.4,77,16.6,23,29.5,18.4,11.34
2009,8,67.5,13.2,0,4.1,127.1,138.4,17.9,24.5,31.1,21.3,10.19
2009,9,64.8,12.3,0,3.2,96,51,13.7,19.8,26,15.6,11.82
2009,10,65.1,12.4,2.17,2.3,71.3,77.1,6.9,13.1,19.3,10.1,13.72
2009,11,72.9,11.2,6.07,1.8,54,111,4.6,10.2,15.8,8.4,13.29
2009,12,75.6,9.7,23.68,1.3,40.3,158.8,-2.6,2.3,7.2,4.5,18.22
2010,1,71,11.6,26.87,1.3,40.3,88.2,-5.6,0.2,6,3.7,8.69
2010,2,79.8,9.4,24.92,1.2,33.6,94.2,-6.4,-1.7,3,3.5,12.58
2010,3,72.9,13.4,13.92,2.6,80.6,78.1,1.5,8.2,14.9,6.4,13.15
2010,4,60.2,16.6,3.78,4.1,123,35.4,5.8,14.1,22.4,8.6,9.35
2010,5,68.2,13.4,0,3.9,120.9,77,11.7,18.4,25.1,14.6,14.44
2010,6,66,13.1,0,4.7,141,37.6,17.1,23.6,30.2,19.2,11.1
2010,7,61.4,14,0,4.7,145.7,70.9,17.7,24.7,31.7,20.7,9.09
2010,8,65.1,12.6,0,3.7,114.7,49.6,16.9,23.2,29.5,21.7,10.61
2010,9,58,15.1,0,3.6,108,82.3,12.5,20,27.6,14.7,8.02
2010,10,59.5,13.6,3.06,2.4,74.4,86.8,6.3,13.1,19.9,10,6.47
2010,11,67.3,13,16.06,1.7,51,57.6,0.5,7,13.5,6.6,7.91
2010,12,76.6,9.5,28.4,0.9,27.9,47.5,-7.4,-2.6,2.2,3.3,6.93
2011,1,72.6,10,27.92,1,31,45.8,-6.8,-1.8,3.2,3.5,9.84
2011,2,71.7,13,22.42,1.7,47.6,64.2,-3.6,2.9,9.4,4.8,12.91
2011,3,76.1,12.4,16.86,2.2,68.2,95.6,0.4,6.6,12.8,6.2,14.84
2011,4,69,13.8,2.37,3.2,96,108.5,6.7,13.6,20.5,10.8,15.46
2011,5,70,12.6,0,3.4,105.4,73.5,11.9,18.2,24.5,16.1,9.75
2011,6,65.3,13.8,0,4.5,135,64.2,15.3,22.2,29.1,18.2,9.38
2011,7,62.4,14.2,0,4.7,145.7,77.1,18.3,25.4,32.5,22.6,9.38
2011,8,65.3,13.8,0,3.9,120.9,141.3,16.2,23.1,30,20.2,13.62
2011,9,69,10.4,0,2.4,72,181.5,14,19.2,24.4,19.2,14.39
2011,10,64.1,11.9,3.56,1.9,58.9,111.7,6,11.9,17.9,10.5,10.21
2011,11,65.5,13.9,12.7,1.7,51,72.6,1.8,8.7,15.7,8,9.5
2011,12,71,11.9,22.25,1.1,34.1,95.7,-1.7,4.3,10.3,6.4,11.03
2012,1,66.6,12.2,24.71,1.3,40.3,62.2,-3.5,2.6,8.7,4.9,14.24
2012,2,73.8,12.4,21.6,1.7,49.3,56.8,-2.1,4.1,10.3,5.3,12.48
2012,3,68.9,14.7,6.71,2.9,89.9,64.1,4.4,11.7,19.1,8.9,9.67
2012,4,64.6,14.9,6.71,3.6,108,51.9,4.3,11.7,19.2,7.7,9.88
2012,5,68.8,12.9,0,3.7,114.7,90.7,12.9,19.3,25.8,16.5,11.21
2012,6,62.5,15.2,0,4.6,138,52.4,13.1,20.7,28.3,15.7,6.72
2012,7,64.8,13.1,0,4.7,145.7,96.9,19,25.5,32.1,21.9,11.37
2012,8,65.3,13.3,0,3.9,120.9,69.5,16.5,23.1,29.8,20.4,12.84
2012,9,61.2,13.9,0,3,90,106.6,11.7,18.6,25.6,16.3,14.8
2012,10,64.3,12.2,2.45,2,62,133.4,6.7,12.8,18.9,10.8,13.97
2012,11,71.5,12.6,21.07,1.7,51,14.7,-1.5,4.8,11.1,5.2,2.7
2012,12,74.8,10.4,19.5,1,31,76.4,-0.6,4.6,9.8,6.6,16.75
2013,1,70.9,10.9,24.49,1.1,34.1,84.1,-3.3,2.2,7.7,5.3,10.27
2013,2,80.2,9.8,21.7,1.6,44.8,41.6,-2.9,2,6.9,4.2,12.75
2013,3,79.7,12.2,23.45,2.1,65.1,68.4,-2.4,3.7,9.8,4.6,8.37
2013,4,66.8,14.4,4.13,3.4,102,80.2,5.6,12.8,20,9.2,9.03
2013,5,68.2,13.5,0.04,3.5,108.5,89.6,9.6,16.3,23.1,13.4,10.62
2013,6,67.5,11.9,0,4,120,214.3,15.8,21.7,27.7,19.7,15.15
2013,7,70.6,11.1,0,3.8,117.8,118.5,18.7,24.2,29.8,23.8,16.09
2013,8,66.5,12.2,0,3.4,105.4,52,15.5,21.6,27.7,20.4,9.21
2013,9,56,14.4,0,3.1,93,34.3,11,18.2,25.4,15.1,6.7
2013,10,61.3,12.6,1.78,2,62,128.9,7.2,13.5,19.8,12,10.67
2013,11,70.3,12,19.61,1.6,48,82,-0.9,5.1,11.1,5.6,9.63
2013,12,73.6,10.7,23.33,0.9,27.9,113.2,-2.3,3.1,8.5,6.1,15.38
2014,1,65.4,12.4,29.72,0.9,27.9,65.5,-9.4,-3.2,3,3.5,12.46
2014,2,74.2,11.5,24.68,1.4,39.2,85.6,-6.1,-0.3,5.5,3.8,14.6
2014,3,72.3,13.8,25.15,1.9,58.9,82.2,-3.9,3,9.9,5,13.43
2014,4,67.2,15.1,7.36,3.4,102,157.1,4,11.5,19.1,8.1,13.63
2014,5,67.2,13.9,0,3.8,117.8,134.5,10.2,17.1,24.1,13.5,13.92
2014,6,65.6,12.7,0,4.1,123,83.9,15.4,21.7,28.1,19.4,14.61
2014,7,66,12.8,0,4,124,133,15.7,22.1,28.5,19.9,12.07
2014,8,65.1,12.7,0,3.3,102.3,83.2,14.4,20.7,27.1,19.9,10.94
2014,9,61,12.1,0,2.8,84,50.3,12.7,18.7,24.8,17,8.11
2014,10,62.3,12.3,2.45,2.1,65.1,111.5,6.7,12.8,19,10.7,13.22
2014,11,71.1,11.6,20.59,1.5,45,65.2,-1.3,4.5,10.3,5.3,7.86
2014,12,76.4,9,22.01,0.9,27.9,71.2,-1.6,2.9,7.4,5.9,18.95
