Variable,Tmin,Tmean,Tmax,PPT
F1930.01,-4.9625001,0.4,5.7677002,63.0110016
F1930.02,-1.5124,4.6800003,10.8716002,46.3030014
F1930.03,-0.9053,5.4300003,11.7580004,84.9240036
F1930.04,4.0917001,10.9300003,17.7618008,63.1590042
F1930.05,10.4362001,18.2000008,25.9661007,38.807003
F1930.06,14.1798,21.8200016,29.4619007,82.0040054
F1930.07,16.5828991,24.9000015,33.2132988,12.8220005
F1930.08,14.8552999,23.0000019,31.1446991,13.7580004
F1930.09,14.8213997,22.4300003,30.0429001,19.2280006
F1930.10,3.8777001,11.6100006,19.3437996,4.1660004
F1930.11,0.7824,6.2500005,11.7202997,35.3900032
F1930.12,-4.8771,-0.27,4.3297,68.0510025
F1931.01,-3.8596001,1.2600001,6.3877001,45.1660004
F1931.02,-2.6008999,2.6500001,7.9036002,38.4230003
F1931.03,-0.491,3.3500001,7.1973,112.0040054
F1931.04,3.9449999,10.7700005,17.6044998,81.3930054
F1931.05,9.5762997,16.6500015,23.7313995,124.0310059
F1931.06,14.3274002,21.6200008,28.9034996,75.7710037
F1931.07,18.343399,25.1800003,32.0121002,117.0460052
F1931.08,16.4720993,22.4900017,28.5160999,121.6410065
F1931.09,14.4032001,21.4900017,28.5839005,56.9840012
F1931.10,6.6866999,14.5300007,22.3757992,30.4340019
F1931.11,4.6992002,10.6800003,16.6637001,28.7390022
F1931.12,0.122,5.2800002,10.4389,48.9940033
F1932.01,1.3523,6.0600004,10.7694998,128.977005
F1932.02,-1.2979,5.0500002,11.3984003,63.9350014
F1932.03,-2.3550999,2.9300001,8.2144003,123.6380081
F1932.04,3.3619001,10.4300003,17.4885006,59.2540016
F1932.05,9.7297001,16.6599998,23.5967007,154.5570068
F1932.06,14.2925997,21.1900005,28.0879993,69.3199997
F1932.07,16.3689995,23.6200008,30.8778992,79.4210052
F1932.08,15.2035999,23.210001,31.2199001,35.868
F1932.09,12.2805004,19.6400013,26.9899006,32.8590012
F1932.10,6.7525001,12.7300005,18.7080002,217.6300049
F1932.11,-0.6012,4.9200001,10.4348001,194.3130035
F1932.12,-3.1322,2.6000001,8.3232002,71.0699997
F1933.01,-1.1346999,4.3700004,9.8668003,106.5970078
F1933.02,-3.7261,1.9800001,7.6824999,45.5130005
F1933.03,-0.4211,4.27,8.9551001,91.6350021
F1933.04,5.0953999,11.7300005,18.3666992,116.1380081
F1933.05,12.1349001,18.1200008,24.0983009,140.125
F1933.06,14.5431004,21.9400005,29.3455009,41.6380005
F1933.07,15.9470997,22.7600002,29.5739994,122.3300095
F1933.08,16.2474995,22.3500004,28.4491997,150.8820038
F1933.09,14.7054005,20.5200005,26.3432999,94.4020081
F1933.10,4.9129,12.0600004,19.1996002,70.8800049
F1933.11,-0.1199,5.4400001,11.0087004,14.045001
F1933.12,-3.1422,2.48,8.1099005,40.4970016
F1934.01,-3.3597,2.24,7.8397999,30.8130016
F1934.02,-10.9104996,-4.9000001,1.1047,34.5610008
F1934.03,-2.6902001,3.5400002,9.7721996,102.7300034
F1934.04,4.1106,11.210001,18.3066998,67.9160004
F1934.05,10.4525003,17.6300011,24.8059006,105.291008
F1934.06,16.4797993,23.5000019,30.5272007,66.3170013
F1934.07,18.1233997,25.2800007,32.4362984,66.5870056
F1934.08,15.3465996,21.5800018,27.8192997,115.154007
F1934.09,13.8842001,19.5300007,25.1669998,169.7830048
F1934.10,5.5966001,12.6200008,19.6345997,22.7350006
F1934.11,2.3815999,8.25,14.1276999,86.2120056
F1934.12,-3.4031,1.35,6.1030002,82.3700027
F1935.01,-6.3565001,-1.2,3.9566,119.1530075
F1935.02,-5.0826001,0.37,5.8237,48.3880005
F1935.03,1.9947,8.0600004,14.1243,82.3040009
F1935.04,3.7153001,9.5,15.2798996,83.2110062
F1935.05,8.5586996,15.0600004,21.5645008,80.1990051
F1935.06,13.6450005,20.6300011,27.6173992,61.2240028
F1935.07,18.3446007,24.7800007,31.2194004,63.8120041
F1935.08,16.6394005,22.8200016,29.0028992,73.2470016
F1935.09,11.7180996,17.9400005,24.1576996,154.3350067
F1935.10,5.7460999,13.0700006,20.3932991,76.026001
F1935.11,3.3116,8.1090002,12.9130001,96.0250015
F1935.12,-5.7233,-1.83,2.0659001,55.6410027
F1936.01,-8.0207996,-3.3000002,1.4108,115.1440048
F1936.02,-8.6522999,-3.21,2.2293,79.5370026
F1936.03,2.5085001,8.4400005,14.3698997,236.5310059
F1936.04,3.1059,9.6800003,16.2553005,48.8470039
F1936.05,10.4635,18.4500008,26.427,42.3880005
F1936.06,13.9731998,20.960001,27.9550991,77.5740051
F1936.07,16.9647007,24.2600002,31.5620003,74.5440063
F1936.08,17.3150997,24.0900021,30.8572006,72.8080063
F1936.09,14.0794001,20.5400009,26.9923992,50.0000038
F1936.10,7.7753,14.1500006,20.5307999,120.5490036
F1936.11,0.3823,5.6300001,10.8799,23.7110004
F1936.12,-2.4052,1.9900001,6.3922,116.1810074
F1937.01,-0.0556,4.5700002,9.1995001,148.9920044
F1937.02,-3.9353001,1.12,6.1687002,89.5970078
F1937.03,-1.2144001,3.8800001,8.9771004,28.5410023
F1937.04,4.2667999,10.4200001,16.5690002,205.9340057
F1937.05,9.7816,17.1100006,24.4328003,58.2140045
F1937.06,15.7491999,22.2700005,28.7978992,136.8370056
F1937.07,16.2373009,22.7800007,29.3146,73.0330048
F1937.08,17.5540009,23.8800011,30.2075005,192.9210052
F1937.09,10.6136999,17.1500015,23.6921005,70.9300003
F1937.10,5.6329999,11.3300009,17.0305004,213.3690033
F1937.11,0.3701,6.0700002,11.7683001,91.0990067
F1937.12,-3.6617999,1.0700001,5.8044,11.9650002
F1938.01,-4.6897001,0.01,4.7019,49.7960014
F1938.02,-1.3559999,4.25,9.8636999,39.3930016
F1938.03,1.8687,8.0100002,14.1458998,64.2120056
F1938.04,5.5924001,12.4800005,19.3675995,48.6750031
F1938.05,10.1784,16.5,22.8265991,110.2510071
F1938.06,13.6546001,20.5700016,27.4808006,78.7730026
F1938.07,17.0403004,23.8300018,30.6240005,89.3930054
F1938.08,16.6840992,23.7200012,30.7640991,52.2990036
F1938.09,11.9694996,17.75,23.5380001,92.4830017
F1938.10,5.7010999,13.1800003,20.6637001,41.1530037
F1938.11,0.5581,7.4100003,14.2648001,88.5780029
F1938.12,-3.402,1.1,5.5943999,93.5230026
F1939.01,-3.8311999,1.0400001,5.9162998,85.8590012
F1939.02,-2.2138,3.4000001,9.0078001,109.314003
F1939.03,0.4225,6.5000005,12.5846004,77.4660034
F1939.04,3.5974,9.9200001,16.2406998,88.7670059
F1939.05,10.3098001,17.6500015,24.9979992,33.882
F1939.06,15.7917004,22.2200012,28.6518002,118.8920059
F1939.07,16.0674992,22.210001,28.3589993,122.3760071
F1939.08,16.6238995,23.0400009,29.4519997,67.0070038
F1939.09,12.6019001,19.6800003,26.7579002,44.0820007
F1939.10,6.3790998,13.420001,20.4524994,113.442009
F1939.11,0.0117,5.5900002,11.1723003,77.7770004
F1939.12,-1.8243001,2.8400002,7.5131998,45.6180038
F1940.01,-11.0011997,-6.4000001,-1.7897,58.5630035
F1940.02,-3.6552,1.0400001,5.7258,59.6380043
F1940.03,-1.7957,3.3800001,8.5558996,91.9630051
F1940.04,2.7985001,8.9800005,15.1671,121.8060074
F1940.05,9.4804001,16.4400005,23.3948994,118.5800018
F1940.06,14.7341003,21.3900013,28.0452995,92.5470047
F1940.07,15.6570997,22.8600006,30.0543003,111.2780075
F1940.08,15.3382998,20.6800003,26.0258999,141.7480011
F1940.09,10.2525997,17.25,24.2458992,71.6860046
F1940.10,5.2799001,11.8400002,18.3994999,81.503006
F1940.11,1.6883,6.6800003,11.6733999,129.8880005
F1940.12,-1.0302,4.0300002,9.0816002,67.7580032
F1941.01,-4.9285002,-0.8200001,3.2820001,66.4440002
F1941.02,-5.9535999,-0.8700001,4.2202001,11.4580002
F1941.03,-3.6903999,2.0400002,7.7751999,48.8060036
F1941.04,6.4629002,14.1600008,21.8596001,69.015007
F1941.05,9.0397997,17.6600018,26.2740993,40.493
F1941.06,13.7634001,20.6200008,27.4736996,108.5230026
F1941.07,17.3262005,23.3600006,29.4001999,134.1750031
F1941.08,14.5768995,21.7600002,28.9421997,113.9980087
F1941.09,12.5584002,20.1400013,27.7189007,21.3340015
F1941.10,9.2621002,16.4900017,23.7187996,26.3430004
F1941.11,1.2481,8.2700005,15.2952003,49.1830025
F1941.12,-1.187,3.9200001,9.0185003,87.3450012
F1942.01,-5.5251999,-0.43,4.6750998,57.8670044
F1942.02,-5.8898001,-0.53,4.8316002,33.2080002
F1942.03,1.1416,6.5300002,11.9090996,139.4530029
F1942.04,5.8695002,13.5100002,21.1506004,24.5900021
F1942.05,11.3459997,18.3200016,25.2968006,130.7070007
F1942.06,15.9336004,21.6900005,27.4384995,117.2580032
F1942.07,17.1504002,23.8700008,30.5839996,89.6380005
F1942.08,15.8353004,21.6000004,27.3708,202.0870056
F1942.09,12.3212996,18.75,25.1737003,111.8390045
F1942.10,7.9036002,13.8000002,19.6895008,381.1920166
F1942.11,2.2939999,7.5300002,12.7735004,49.576004
F1942.12,-4.8002,-0.45,3.8989,88.0830078
F1943.01,-3.6873,1.1,5.8815999,63.0780029
F1943.02,-3.8491001,2.0600002,7.9700999,24.670002
F1943.03,-1.1508,5.1000004,11.3463001,105.4070053
F1943.04,2.6686001,9.5800009,16.4997997,78.6190033
F1943.05,11.2468004,18.1300011,25.0053005,104.4210052
F1943.06,17.6208,24.210001,30.7901993,74.6600037
F1943.07,16.5655003,23.210001,29.8544998,70.2630005
F1943.08,15.8857002,23.6400013,31.3959007,38.5880013
F1943.09,10.1279001,17.6800003,25.2336006,35.6610031
F1943.10,5.6553998,11.960001,18.2679996,84.151001
F1943.11,-0.0454,6.3100004,12.6695004,101.3370056
F1943.12,-5.1816001,1.13,7.4487,33.3540001
F1944.01,-4.3778,0.96,6.2951999,61.9250031
F1944.02,-3.0869999,2.1500001,7.3836002,59.9570045
F1944.03,-1.4083,4.1700001,9.7433996,131.8930054
F1944.04,4.4323001,10.5700006,16.7164993,66.3220062
F1944.05,12.7419004,20.2700005,27.7910995,68.6050034
F1944.06,15.1199999,22.4400005,29.7672005,52.8480034
F1944.07,16.3241997,23.8500004,31.3691006,58.215004
F1944.08,15.6075001,22.7000008,29.7891998,81.6380005
F1944.09,13.0696001,18.9400005,24.8033009,194.332016
F1944.10,5.217,12.3600006,19.5128002,106.4480057
F1944.11,1.2348,6.3400002,11.4527998,39.5730019
F1944.12,-5.5359998,-0.96,3.6219001,77.0610046
F1945.01,-7.3622999,-2.8000002,1.757,53.5150032
F1945.02,-3.8108001,1.6400001,7.0876999,56.4370041
F1945.03,4.7620001,11.7300005,18.7075005,31.5250015
F1945.04,5.586,13.2900009,21.0014992,84.4330063
F1945.05,8.0453997,15.250001,22.4622002,98.904007
F1945.06,13.6455002,20.8400002,28.0326004,90.8930054
F1945.07,16.4708004,22.6000004,28.7268009,192.6520081
F1945.08,14.5896997,21.6900005,28.7852001,140.2830048
F1945.09,14.4412003,20.4500008,26.4608002,219.0370178
F1945.10,4.8119001,12.3300009,19.8528996,18.5170002
F1945.11,1.557,7.2800002,13.0032997,80.2930069
F1945.12,-5.7660999,-1.7,2.3645,75.2870026
F1946.01,-4.3586001,0.8700001,6.0931001,49.3950005
F1946.02,-3.9326,2,7.9394002,53.215004
F1946.03,3.6728001,9.7700005,15.8704004,74.4800034
F1946.04,4.1205001,11.4200001,18.7290001,30.9100018
F1946.05,9.7770004,16.3700008,22.9542999,157.7200012
F1946.06,13.0879002,20.2000008,27.3122005,94.0450058
F1946.07,14.9250002,22.0200005,29.1151009,82.6100006
F1946.08,13.5299997,20.0200005,26.5025997,86.8570023
F1946.09,11.0138998,18.7000008,26.3799992,98.0070038
F1946.10,6.8860002,14.1500006,21.4090996,81.3040009
F1946.11,2.5469999,8.9800005,15.4221001,21.5250015
F1946.12,-2.2386999,4.04,10.3247004,38.9050026
F1947.01,-1.6241,3.6500001,8.9272003,90.6690063
F1947.02,-7.6595998,-2.0600002,3.5455999,38.9850006
F1947.03,-3.6787,1.6600001,6.9970002,55.2970009
F1947.04,5.7504001,13.2300005,20.7040005,38.6640015
F1947.05,8.9091997,16.3400002,23.7623005,123.1190033
F1947.06,12.9982004,19.8700008,26.7469997,84.2780075
F1947.07,15.1004,21.6900005,28.2859001,112.1800079
F1947.08,17.5846004,23.8000011,30.0244999,87.8360062
F1947.09,13.0768003,19.1500015,25.2227993,112.3320084
F1947.10,8.948,16.0100002,23.0753002,55.3200035
F1947.11,1.0282,5.5700002,10.1202002,144.3990021
F1947.12,-4.5928001,0.83,6.2551999,19.4780006
F1948.01,-8.6110001,-3.4700003,1.678,85.9160004
F1948.02,-4.9951,1.33,7.6571999,23.0170002
F1948.03,1.6612999,7.8200002,13.9793997,84.3610077
F1948.04,6.0040998,12.7300005,19.4472008,98.166008
F1948.05,9.9959002,16.4099998,22.8150005,139.2480011
F1948.06,14.1548004,21.210001,28.2574005,82.9990005
F1948.07,16.6688995,22.9700012,29.2667007,95.6270065
F1948.08,15.0838003,21.4300003,27.7667007,197.3480072
F1948.09,11.6883001,17.8600006,24.0391006,91.2590027
F1948.10,5.2290001,11.210001,17.1965008,116.9810028
F1948.11,3.3673,8.8400002,14.3121004,139.6690063
F1948.12,-2.4748001,2.47,7.4175,101.9710083
F1949.01,-0.4728,4.48,9.4284,122.2220078
F1949.02,-0.8042,4.9200001,10.6381998,46.5470009
F1949.03,-0.036,5.7500005,11.5370998,65.6160049
F1949.04,4.2126999,10.7400007,17.2751999,89.9600067
F1949.05,9.6299,16.5600014,23.4897995,128.904007
F1949.06,14.6275997,21.3500004,28.0657997,132.7160034
F1949.07,18.6483994,24.6100006,30.5727005,98.6050034
F1949.08,16.1499004,22.2300014,28.3178997,148.7940063
F1949.09,10.3439999,16.6200008,22.9029999,70.538002
F1949.10,8.8775997,15.0700006,21.2535,121.6700058
F1949.11,0.7527,6.7100005,12.6604996,28.9690018
F1949.12,-2.4807,3.1000001,8.6885004,52.2190018
F1950.01,0.1548,6.5900002,13.0339003,48.6290016
F1950.02,-2.6069,1.84,6.2862,59.3680038
F1950.03,-2.6579001,3.3300002,9.3100996,88.0540009
F1950.04,2.2483001,9.3100004,16.3677006,26.0030022
F1950.05,10.3030996,16.4700012,22.6306992,134.4450073
F1950.06,13.4327002,20.3100014,27.1886005,89.9020081
F1950.07,15.2898998,21.6600018,28.0242004,107.1230087
F1950.08,14.6681995,21.4000015,28.1343002,58.1270027
F1950.09,11.8790998,17.1600018,22.4319992,134.9380035
F1950.10,7.0078001,13.3700008,19.7331009,74.2910004
F1950.11,-0.1441,6.2100005,12.5597,92.6830063
F1950.12,-5.8218999,-0.92,3.9909,116.8280029
F1951.01,-4.3120999,1.5000001,7.3211999,47.5970039
F1951.02,-3.7348001,1.9300001,7.5872002,73.2100067
F1951.03,-0.255,5.2500005,10.7490997,111.8760071
F1951.04,4.5124998,11.0300007,17.5412006,91.1800079
F1951.05,9.2659998,16.1800003,23.0902996,59.7290039
F1951.06,14.1829996,20.7600002,27.3398991,170.6320038
F1951.07,16.4265995,23.2700005,30.1224995,77.1460037
F1951.08,14.2326002,21.8500004,29.4703007,42.7980003
F1951.09,11.6947002,19.1900005,26.6863003,29.2150021
F1951.10,7.1830001,14.420001,21.6620007,23.3370018
F1951.11,-1.6846,3.9200001,9.5270996,125.303009
F1951.12,-3.4351001,2.1300001,7.6863999,101.0260086
F1952.01,-2.2958,2.8500001,7.9960999,102.0330048
F1952.02,-2.6112001,2.9200001,8.4491997,59.6100044
F1952.03,-0.9957,4.3600001,9.7213001,117.3560028
F1952.04,5.8511,11.750001,17.6506004,188.0650024
F1952.05,9.6760998,15.9900007,22.3054008,92.7040024
F1952.06,15.4415998,22.7400017,30.0387001,90.7740021
F1952.07,17.3358994,24.4100018,31.4867992,66.3759995
F1952.08,15.7845001,22.3000011,28.8066998,122.8450089
F1952.09,10.7142,18.0799999,25.4550991,104.154007
F1952.10,3.4331999,11.3000002,19.1644001,29.6660023
F1952.11,1.9723001,7.4600005,12.9377003,196.2330017
F1952.12,-3.0690999,1.4300001,5.9333,65.7200012
F1953.01,-2.3862,2.7500002,7.8938999,97.4240036
F1953.02,-2.0383,4,10.0288,38.125
F1953.03,0.821,6.3000002,11.7792997,145.7680054
F1953.04,4.7981,10.9800005,17.1695995,78.4070053
F1953.05,12.2880001,18.9200001,25.5562992,151.5160065
F1953.06,14.2673998,21.2800007,28.2943001,61.571003
F1953.07,15.6365004,23.8000011,31.9542007,36.8889999
F1953.08,14.5632,22.4000015,30.2434006,59.9740028
F1953.09,10.9539003,18.8200016,26.6933994,57.6470032
F1953.10,5.5602002,14.0800009,22.6019001,54.8030014
F1953.11,-0.3809,6.6100001,13.5964003,40.2150002
F1953.12,-2.7881,3.0300002,8.8409004,76.6210022
F1954.01,-6.0057998,-0.11,5.7940998,62.4760017
F1954.02,-2.6222999,3.9800003,10.5824003,31.0770016
F1954.03,-0.5215,5.2900004,11.1114998,114.5120087
F1954.04,6.4116998,13.6800003,20.9482994,85.4710007
F1954.05,8.0499001,14.5500011,21.0510006,91.1130066
F1954.06,13.8902998,21.1700001,28.4570007,69.4580002
F1954.07,14.8126001,22.8400002,30.8770008,73.8620071
F1954.08,15.6129999,22.0300007,28.4468002,116.5460052
F1954.09,12.5375004,20.1600018,27.780899,32.9029999
F1954.10,7.6588998,14.6400003,21.6266003,165.927002
F1954.11,-0.1134,5.0700002,10.2594004,63.9920044
F1954.12,-3.9092,0.97,5.8460002,86.4830017
F1955.01,-5.7126002,-0.59,4.5425,8.9370003
F1955.02,-5.2557001,1.09,7.4257998,57.1780014
F1955.03,0.9858,7.0400004,13.0894003,111.5920029
F1955.04,6.6011,13.3300009,20.0657005,72.7580032
F1955.05,10.1915998,17.6100006,25.0382996,69.3990021
F1955.06,11.5655003,18.5100002,25.4473991,116.4300079
F1955.07,18.2472992,25.2700005,32.2933006,28.8710022
F1955.08,17.8206005,23.6800003,29.5363998,320.4500122
F1955.09,12.5867004,18.4800014,24.3794994,41.2330017
F1955.10,6.0335002,13.3200006,20.6117992,58.1150017
F1955.11,-0.9076,5.3700004,11.6469002,41.1590004
F1955.12,-6.2585001,-0.77,4.7090001,5.1440001
F1956.01,-5.6195002,-0.7,4.2140999,55.432003
F1956.02,-2.3266001,3.2400002,8.7976999,74.4850006
F1956.03,-1.2519,4.75,10.7463999,83.5600052
F1956.04,3.8392,10.4500008,17.0533009,53.2160034
F1956.05,8.3466997,16.059,23.7730999,49.7770042
F1956.06,13.7320995,20.9200001,28.1042995,62.1380043
F1956.07,16.3255005,22.6400013,28.9610996,233.4850159
F1956.08,15.1527996,21.9100018,28.6602001,76.8920059
F1956.09,10.7153997,17.1600018,23.6077003,127.9180069
F1956.10,7.8397999,13.4800005,19.1282005,158.8320007
F1956.11,0.6462,6.6700006,12.6995001,56.7570038
F1956.12,0.4749,6.0200005,11.5608997,50.1330032
F1957.01,-6.5581999,-1.1600001,4.2323999,61.1950035
F1957.02,-1.6317,3.6800001,8.9990997,71.6210022
F1957.03,0.0636,5.5000005,10.9343996,52.0920029
F1957.04,6.4649,13.2400007,20.0172005,85.4150009
F1957.05,9.9874001,17.4800014,24.9806004,60.7500038
F1957.06,15.2880001,21.9700012,28.6602001,110.8880081
F1957.07,15.0423002,22.8500004,30.6502991,35.2940025
F1957.08,13.7484999,21.7000008,29.6557007,27.8370018
F1957.09,13.5349998,19.7400017,25.9538994,114.6810074
F1957.10,4.4566002,10.7400007,17.0177994,92.5870056
F1957.11,1.8724,7.3000002,12.7351999,86.5700073
F1957.12,-2.3905001,3.0000002,8.3816996,105.6530075
F1958.01,-5.9492998,-1.24,3.4712999,99.9610062
F1958.02,-7.3217001,-2.5900002,2.1501999,73.7610016
F1958.03,-1.0420001,2.9200001,6.8730001,153.9400024
F1958.04,5.1870999,11.7700005,18.3462009,105.8050079
F1958.05,9.1807003,16.0400009,22.9067993,100.9980011
F1958.06,12.4890003,19.25,26.0016003,101.1320038
F1958.07,17.4811001,23.5500011,29.6256008,178.6900024
F1958.08,15.1943998,21.5400009,27.8859997,111.4700089
F1958.09,11.1373997,18.3900013,25.6327991,35.6190033
F1958.10,5.5338001,12.6900005,19.8516998,61.3610039
F1958.11,2.0680001,8.1300001,14.1975002,46.4020004
F1958.12,-7.4608998,-1.7500001,3.9551001,27.229002
F1959.01,-7.0583,-1.01,5.0324998,52.7020035
F1959.02,-4.6880999,2.029,8.7486,26.6600018
F1959.03,-1.9531,5.1600003,12.2690001,76.663002
F1959.04,5.7563,13.0500002,20.3404007,108.6980057
F1959.05,11.2075996,18.4100018,25.6077003,73.6960068
F1959.06,14.0740995,21.1700001,28.2611008,103.6010056
F1959.07,16.7397003,23.1600018,29.5783005,129.8890076
F1959.08,17.2968006,24.0100002,30.7255001,77.4260025
F1959.09,12.6723003,19.9800014,27.2824001,56.5290031
F1959.10,8.2193003,14.3000011,20.3736,156.3860016
F1959.11,-0.0863,5.8600001,11.8141003,52.8530006
F1959.12,-1.9256999,3.1100001,8.1357002,64.614006
F1960.01,-3.5474,1.3100001,6.1687999,53.9700012
F1960.02,-4.0019002,0.85,5.6989999,109.2510071
F1960.03,-6.3596001,-0.96,4.4316001,68.5570068
F1960.04,5.9130001,13.750001,21.5872002,72.1550064
F1960.05,8.9005003,15.2000008,21.4923992,180.9060059
F1960.06,13.2649002,20.3900013,27.5219002,113.1700058
F1960.07,15.0459003,21.9000015,28.7572002,73.0110016
F1960.08,16.5951004,23.0900002,29.5893993,114.9200058
F1960.09,13.0754995,18.8800011,24.6886005,103.4430084
F1960.10,6.0496998,12.7200003,19.3922005,33.4660034
F1960.11,0.9815,7.6100001,14.2290001,36.0230026
F1960.12,-9.0530005,-2.6100001,3.8353,41.0830002
F1961.01,-8.9289999,-3.2500002,2.4193001,63.7560043
F1961.02,-3.5330999,1.9700001,7.4773998,134.4700012
F1961.03,1.1677001,6.8700004,12.5799999,90.0230026
F1961.04,3.0811,9,14.9259005,128.2710114
F1961.05,7.8706999,14.4400005,21.0091991,93.4620056
F1961.06,13.4441996,20.460001,27.4671001,112.6710052
F1961.07,16.3435993,22.9100018,29.4810009,68.9260025
F1961.08,16.4099007,22.6400013,28.8794003,92.2780075
F1961.09,14.4616003,21.2200012,27.9752007,61.7960014
F1961.10,6.0725002,13.750001,21.4272003,64.0870056
F1961.11,3.2839999,8.0799999,12.8792,62.2520027
F1961.12,-4.2465,0.6300001,5.5110998,103.8530045
F1962.01,-5.7961998,-0.31,5.1750998,57.5800018
F1962.02,-4.8168998,0.42,5.6475,77.387001
F1962.03,-1.5568,3.9900002,9.5436001,113.6320038
F1962.04,4.6998,11.4300003,18.1632996,85.2550049
F1962.05,11.7763996,18.5600014,25.3379002,97.3080063
F1962.06,14.1711998,20.6400013,27.1026001,115.916008
F1962.07,14.5443001,21.1000004,27.6518993,81.3000031
F1962.08,14.4158001,21.6900005,28.9703007,20.1080017
F1962.09,10.5992002,16.9500008,23.2954998,61.8950043
F1962.10,6.8855,13.8500004,20.8222008,49.1190033
F1962.11,-0.2133,4.8700004,9.9476995,156.2440033
F1962.12,-7.3374,-1.6800001,3.9742999,93.2170029
F1963.01,-8.2377005,-2.26,3.7244999,35.4860001
F1963.02,-9.1128998,-2.8200002,3.4751,47.5330009
F1963.03,0.7045,7.1300001,13.5653,129.5890045
F1963.04,4.7694001,12.2300005,19.6991005,28.7180004
F1963.05,8.3813,16.0790005,23.7693996,35.3540001
F1963.06,13.2321997,20.3700008,27.5163994,128.5780029
F1963.07,14.8852997,22.460001,30.0280991,36.6110001
F1963.08,14.1606998,21.5800018,29.007,59.3720016
F1963.09,9.4373999,16.9200001,24.3992004,70.875
F1963.10,5.5865002,14.5500011,23.5098991,0.565
F1963.11,2.5151999,8.0600004,13.5974998,216.3000031
F1963.12,-7.6048002,-2.73,2.1501999,49.7410011
F1964.01,-6.3304,-0.11,6.1171999,102.5000076
F1964.02,-6.1279001,-0.45,5.2196002,93.1430054
F1964.03,-0.2172,6.0300002,12.2788,65.012001
F1964.04,4.2907,10.6100006,16.9232998,133.5980072
F1964.05,9.9307003,17.5200005,25.1016006,35.5340004
F1964.06,13.8498001,21.5500011,29.2530994,44.7590027
F1964.07,16.3129997,23.2800007,30.2457008,80.989006
F1964.08,14.1431999,21.2800007,28.4232006,52.6180038
F1964.09,10.7236004,18.2400017,25.7576008,114.5170059
F1964.10,3.6463001,10.8100004,17.9689999,74.8280029
F1964.11,1.7429,8.4700003,15.1913996,72.7170029
F1964.12,-2.5446999,2.5100002,7.5735998,67.0450058
F1965.01,-6.8692002,-0.97,4.9366002,109.8730087
F1965.02,-5.3225002,1.3700001,8.0557003,87.4830017
F1965.03,-1.6983,3.7600002,9.2118998,112.1880035
F1965.04,4.2385998,10.6500006,17.0547009,62.2730026
F1965.05,11.7083998,19.1100006,26.5077991,63.4840012
F1965.06,12.4569998,19.7300014,27.0112,38.6020012
F1965.07,15.4737997,22.710001,29.9391994,50.3520012
F1965.08,14.9377003,22.2800007,29.6310005,64.8730011
F1965.09,13.2742996,19.8500004,26.4307995,71.0839996
F1965.10,4.6064,11.6100006,18.6093006,70.1380005
F1965.11,1.4058,7.3400002,13.2758999,19.8050003
F1965.12,-2.6738999,3.3100002,9.2994003,6.8590002
F1966.01,-7.4693999,-2.6300001,2.2028,96.6980057
F1966.02,-4.9081001,0.03,4.9615998,66.9970016
F1966.03,-0.5792,6.2800002,13.1328001,55.1620026
F1966.04,3.4073999,9.0800009,14.7493,104.1820068
F1966.05,8.3542004,15.7800007,23.2119999,73.6070023
F1966.06,12.8424997,20.8800011,28.927,39.5230026
F1966.07,16.1226997,24.0400009,31.9487991,39.5140038
F1966.08,15.3303003,22.7000008,30.0643997,33.5870018
F1966.09,11.0167999,17.1400013,23.2590008,256.8600159
F1966.10,3.8485,11.1100006,18.3731995,75.4720001
F1966.11,0.445,6.9400005,13.4392996,86.7080078
F1966.12,-4.3765001,0.49,5.349,68.7740021
F1967.01,-3.3519001,2.49,8.3365002,35.2860031
F1967.02,-7.5734,-1.4300001,4.7178001,37.3560028
F1967.03,-0.6861,5.4400001,11.5563002,123.5170059
F1967.04,5.2445998,12.5200005,19.8031998,22.9950008
F1967.05,6.5427999,13.3700008,20.2038994,111.1510086
F1967.06,12.9986,20.6500015,28.3010998,43.7170029
F1967.07,15.8306999,21.9400005,28.0464001,110.8180084
F1967.08,14.7768002,20.9500008,27.1210003,195.5050049
F1967.09,9.1091003,15.9900007,22.8696003,66.137001
F1967.10,4.7909002,11.6000004,18.4141006,105.1880035
F1967.11,-1.1433001,4.3600001,9.868,37.0290031
F1967.12,-3.2639,2.0700002,7.4053001,104.939003
F1968.01,-8.8620996,-3.3000002,2.2683001,91.4920044
F1968.02,-7.1841002,-1.2900001,4.6002998,3.7460003
F1968.03,0.7666,7.5400004,14.3170004,95.9340057
F1968.04,4.8874998,12.3200006,19.7605,48.4720039
F1968.05,7.2751999,14.3300009,21.3836002,127.852005
F1968.06,13.3023996,20.7200012,28.1303005,95.2950058
F1968.07,15.9161997,22.7800007,29.6476002,77.7000046
F1968.08,15.9343004,23.0000019,30.0739002,97.5730057
F1968.09,10.9547005,18.4300003,25.9085007,93.4920044
F1968.10,6.4590998,12.8800011,19.3094006,91.2030029
F1968.11,1.6682,6.9300003,12.1843996,110.6080017
F1968.12,-5.0558,-0.11,4.8385,33.6520004
F1969.01,-7.6128998,-2.3900001,2.8257,62.8420029
F1969.02,-4.2522998,-0.05,4.1469002,31.5770016
F1969.03,-2.7511001,3.1700001,9.0929003,72.2540054
F1969.04,5.2519999,12.500001,19.7558994,47.0330009
F1969.05,9.6127996,17.0799999,24.5373993,40.3540001
F1969.06,14.8664999,21.6200008,28.3656998,108.8710022
F1969.07,17.0776997,23.0900002,29.0976009,151.3480072
F1969.08,14.8374996,21.3600006,27.8735008,125.2210083
F1969.09,11.4485998,18.0500011,24.6457005,133.3800049
F1969.10,4.3221998,11.8900003,19.4580994,43.1060028
F1969.11,-0.0207,5.3100004,10.6392002,95.8620071
F1969.12,-4.3663001,-0.64,3.0945001,136.677002
F1970.01,-9.0143003,-3.8300002,1.3642,37.1850014
F1970.02,-5.1396999,0.55,6.2456002,57.151001
F1970.03,-2.0911,2.97,8.0235004,65.3460007
F1970.04,4.5815001,11.250001,17.9244995,91.6670074
F1970.05,10.4939003,17.9700012,25.4487991,55.0040016
F1970.06,13.9166002,20.6500015,27.3815002,108.9410019
F1970.07,16.0468006,22.5900002,29.1359005,171.7700043
F1970.08,15.4933004,22.3000011,29.1102009,66.1809998
F1970.09,13.0405998,20.4800014,27.9116993,30.5790024
F1970.10,7.4239001,13.7400007,20.0543995,147.8130035
F1970.11,1.9483,6.6400003,11.3371,196.9980164
F1970.12,-3.2355001,1.9300001,7.0935998,72.2340012
F1971.01,-8.5073004,-3.2300003,2.0485001,66.904007
F1971.02,-4.5218,0.92,6.3589001,88.3350067
F1971.03,-2.1812,3.7100003,9.6028004,44.0210037
F1971.04,1.9053,10.2800007,18.6625996,42.9210014
F1971.05,7.9308,14.8600006,21.7919006,196.654007
F1971.06,14.9914999,21.5500011,28.1032009,69.1380005
F1971.07,15.2205,22.1000004,28.9867992,92.9530029
F1971.08,14.2955999,21.0000019,27.6989994,103.2180023
F1971.09,14.3162003,19.6500015,24.9738998,118.4980087
F1971.10,10.1869001,15.2700005,20.3432007,159.4300079
F1971.11,0.8638,6.2600002,11.6653004,68.114006
F1971.12,-0.4959,5.2200003,10.9366999,13.9090004
F1972.01,-4.2189999,1.22,6.6609001,36.7680016
F1972.02,-5.8340001,-0.65,4.5346999,119.0050049
F1972.03,-0.8676,5.0900002,11.0460997,58.208004
F1972.04,3.4526999,10.750001,18.0547009,102.3890076
F1972.05,9.8181,15.8300009,21.8458996,133.9940033
F1972.06,12.3688002,18.6100006,24.8490009,279.1390076
F1972.07,16.7374001,22.6100006,28.4848995,67.1809998
F1972.08,14.4961996,21.1800003,27.8666,63.8190041
F1972.09,12.4722004,18.8700008,25.2744999,52.0890007
F1972.10,3.7223001,10.3500004,16.9874001,147.4880066
F1972.11,-0.1399,4.8100004,9.7617998,177.701004
F1972.12,-0.5334,4.0700002,8.6677999,133.1380005
F1973.01,-5.2860999,0.47,6.2195001,73.314003
F1973.02,-5.6823001,0.12,5.9187999,59.7850037
F1973.03,2.9368999,8.4100008,13.8790998,108.6170044
F1973.04,5.2505999,10.7900009,16.3362999,139.5550079
F1973.05,8.2575998,14.7000008,21.1448994,112.5690079
F1973.06,15.4419003,21.8700008,28.3012009,99.4840012
F1973.07,16.1928997,22.8800011,29.5650997,91.4430008
F1973.08,16.5114002,22.7000008,28.8855,143.7590027
F1973.09,13.1714001,19.7400017,26.3129005,65.2590027
F1973.10,6.5826001,13.7200003,20.8591003,112.0580063
F1973.11,1.9595,7.9400005,13.9151001,34.4160004
F1973.12,-2.9194,1.7900001,6.5046,144.9300079
F1974.01,-1.2084,3.7900002,8.7806997,88.7310028
F1974.02,-5.7526999,0.54,6.8316998,27.604002
F1974.03,0.4667,6.7000003,12.9354,86.538002
F1974.04,5.4496002,12.5400009,19.6401997,44.6750031
F1974.05,9.5293999,16.1100006,22.6926994,121.1510086
F1974.06,12.8154001,18.7900009,24.7595005,151.7140045
F1974.07,15.4013996,22.3900013,29.3791008,27.9780006
F1974.08,16.1457005,22.0900002,28.0400009,133.2400055
F1974.09,11.3275003,17.5400009,23.7523994,82.3460007
F1974.10,3.5641,11.1900005,18.8237991,26.5860004
F1974.11,1.6123,7.6700006,13.7341003,57.1730042
F1974.12,-1.8654,2.6300001,7.1251998,138.6900024
F1975.01,-3.6463001,1.3900001,6.4296999,72.7720032
F1975.02,-3.4175,1.72,6.8494,55.2030029
F1975.03,-1.4483,3.8000002,9.0389004,182.8990021
F1975.04,2.6616001,8.8700008,15.0866003,54.6450043
F1975.05,11.3915005,17.7600002,24.1198997,98.6030045
F1975.06,14.7476997,20.8200016,26.8936005,122.4480057
F1975.07,16.1861,22.210001,28.2329006,125.8010025
F1975.08,16.3236008,22.9700012,29.6149006,121.4990082
F1975.09,11.3023996,16.5300007,21.7595005,235.1560059
F1975.10,7.5426002,14.0800009,20.6240005,97.4640045
F1975.11,2.6661,8.9900007,15.3179998,37.9360008
F1975.12,-2.9899001,0.9900001,4.9612999,50.4490013
F1976.01,-7.0646,-2.02,3.0253999,124.7070084
F1976.02,-1.6555001,5.0800004,11.8214998,23.3740005
F1976.03,1.2868,7.7600002,14.2355003,56.5730019
F1976.04,4.6262002,12.4100008,20.1914997,45.2640038
F1976.05,8.099,15.0900011,22.0757008,106.4850082
F1976.06,14.5417995,21.2200012,27.8938007,94.9760056
F1976.07,14.9097004,21.6000004,28.2849998,101.8440018
F1976.08,13.5595999,20.6700001,27.7710991,63.5800018
F1976.09,10.8161001,17.5799999,24.3404007,120.4800034
F1976.10,5.3063998,9.9800005,14.6632004,318.5320129
F1976.11,-2.1266999,3.1200001,8.3569002,22.4410019
F1976.12,-7.0874,-1.1400001,4.8112001,40.0020027
F1977.01,-12.224,-6.9500003,-1.6796,27.0040016
F1977.02,-5.6001,0.91,7.4236999,8.9420004
F1977.03,2.2749,8.6600008,15.0429001,87.4340057
F1977.04,5.4495001,13.0900002,20.7378998,64.0310059
F1977.05,10.4871998,17.9800014,25.4775009,28.7250023
F1977.06,13.2777996,19.8200016,26.3593006,45.7190018
F1977.07,16.8903008,24.2500019,31.6002998,78.6650009
F1977.08,16.4083004,22.9100018,29.4190998,102.0810013
F1977.09,14.0230999,19.75,25.4813995,91.3000031
F1977.10,5.4008999,11.1900005,16.9888992,114.8330078
F1977.11,3.6531999,7.4900002,11.3254995,199.5460052
F1977.12,-4.9696999,0.07,5.1015,80.2740021
F1978.01,-9.1148005,-4.2200003,0.6781,201.951004
F1978.02,-10.0225,-4.6900001,0.6394,12.1350002
F1978.03,-1.8193001,3.2700002,8.3636999,85.5790024
F1978.04,4.2961998,11.0700006,17.8525009,44.6540031
F1978.05,9.2751999,15.4300003,21.5942001,134.7120056
F1978.06,13.9359999,20.8500004,27.7572994,90.7970047
F1978.07,15.8185997,21.7400017,27.6523991,129.0370026
F1978.08,17.2875996,23.2000008,29.1159992,125.3910065
F1978.09,13.2974005,19.4900017,25.6844006,39.939003
F1978.10,3.9210999,11.3800001,18.8405991,20.8490009
F1978.11,2.3392,7.7000003,13.0572004,74.8480072
F1978.12,-3.1289999,2.9400001,9.0031004,97.7240067
F1979.01,-6.5823002,-2.22,2.1485,183.2870026
F1979.02,-9.9454002,-5.0300002,-0.1164,113.7310028
F1979.03,0.4085,6.8300004,13.2456999,101.8880081
F1979.04,5.2090001,10.9500008,16.6823006,73.663002
F1979.05,9.9284,16.3900013,22.8484993,102.4660034
F1979.06,12.4419003,19.0800018,25.7268009,117.2850037
F1979.07,16.1975002,21.920002,27.6333008,97.4330063
F1979.08,15.6859999,21.8300018,27.9647007,128.8930054
F1979.09,12.0514002,17.8900013,23.7327995,231.832016
F1979.10,5.6419001,11.6900005,17.7451992,180.1620026
F1979.11,3.1564,8.7800007,14.3970003,84.1380005
F1979.12,-2.6859,2.95,8.5781002,33.5180016
F1980.01,-5.1961999,-0.79,3.6197,81.7740021
F1980.02,-6.9731998,-1.5400001,3.8843999,23.5000019
F1980.03,-1.4608001,3.8800001,9.2199001,142.3090057
F1980.04,5.1936998,11.7300005,18.2612,126.2680054
F1980.05,10.2670002,17.2000008,24.1359997,104.9410019
F1980.06,12.4617004,19.6700001,26.8852005,53.4350014
F1980.07,16.7735996,23.670002,30.5674992,98.6690063
F1980.08,16.6121998,23.3400021,30.0603008,73.0410004
F1980.09,13.5208998,20.4400005,27.3504009,51.2190018
F1980.10,4.4907999,11.6600008,18.8197002,62.2120018
F1980.11,-0.7091,5.0400004,10.7945995,93.2710037
F1980.12,-4.8018999,0.8700001,6.5481,11.5380001
F1981.01,-8.9459,-3.4800003,1.9818,7.5480003
F1981.02,-4.0183001,2.1400001,8.3030996,100.3930054
F1981.03,-1.8825001,3.8500001,9.5855999,28.6200008
F1981.04,6.0099001,13.3200006,20.6320992,73.6740036
F1981.05,8.3126001,15.1900005,22.0592003,110.0750046
F1981.06,14.9827995,21.5000019,28.0142002,93.7260056
F1981.07,16.1713009,22.3400002,28.5044994,99.4580078
F1981.08,13.4860001,20.6100006,27.7313995,80.2480011
F1981.09,11.5995998,17.7200012,23.8369007,78.5300064
F1981.10,3.6807001,10.5500002,17.4258003,90.7280045
F1981.11,0.7784,6.4200001,12.0699997,18.8560009
F1981.12,-4.7740002,-0.27,4.2367001,49.9720039
F1982.01,-10.0480003,-4.6000004,0.8398,72.9160004
F1982.02,-4.1478,1.08,6.3098998,95.8740082
F1982.03,-0.5511,5.2800002,11.1056004,81.8690033
F1982.04,2.6215999,9.9300003,17.2290001,83.5830002
F1982.05,10.9882002,18.1100006,25.2226009,73.2260056
F1982.06,13.6431999,19.5700016,25.4936008,156.0370026
F1982.07,16.4461002,22.7400017,29.0261993,86.6840057
F1982.08,13.7358999,20.3000011,26.8640003,70.6200027
F1982.09,11.1213999,17.75,24.3764,80.1520004
F1982.10,6.0992999,12.6500006,19.2000999,68.6560059
F1982.11,2.3257,8.1000004,13.8753996,102.9680023
F1982.12,-0.6799,4.6600003,10.0087004,47.7910004
F1983.01,-5.0165,-0.61,3.799,41.6110039
F1983.02,-5.1596999,0.62,6.4018002,88.1520004
F1983.03,1.0647,5.9800005,10.8906002,135.7400055
F1983.04,4.3733001,9.6500006,14.9191999,204.9380035
F1983.05,8.6310997,15.2800007,21.9246006,121.913002
F1983.06,13.9533005,20.6800003,27.4055004,103.4970016
F1983.07,15.8161001,23.3500004,30.8845997,31.5350018
F1983.08,16.3770008,23.5800018,30.7833004,49.4380035
F1983.09,10.7554998,18.5500011,26.3400002,74.3620071
F1983.10,6.335,12.5300007,18.7338009,179.5440063
F1983.11,1.2877001,7.0400004,12.802,156.102005
F1983.12,-5.3582001,-0.97,3.4201,134.9490051
F1984.01,-8.5949001,-3.2700002,2.0558,41.9020004
F1984.02,-1.5544,3.7500002,9.0471001,153.8280029
F1984.03,-2.7198,2.3500001,7.4098001,190.7720032
F1984.04,4.2049999,10.0200005,15.8337002,122.7890091
F1984.05,9.5073004,15.9700012,22.4325008,90.5930023
F1984.06,14.8094997,21.8300018,28.8472996,38.3740005
F1984.07,16.0044003,21.9000015,27.7893009,101.4280014
F1984.08,16.3330994,22.3400002,28.3437996,202.2610168
F1984.09,10.3638,17.0300007,23.6993008,48.9440041
F1984.10,10.2854004,15.9800005,21.6839008,86.0930023
F1984.11,-0.256,5.5800004,11.4074001,89.1090012
F1984.12,0.1,5.9700003,11.8385,32.901001
F1985.01,-7.7132001,-3.1200001,1.4779,51.8840027
F1985.02,-4.6606002,0.89,6.4428,83.5670013
F1985.03,0.6376,6.7000003,12.7599001,54.5060043
F1985.04,6.0693002,13.5200005,20.9612999,19.1970005
F1985.05,10.4460001,17.210001,23.9727993,123.2170029
F1985.06,13.0804005,19.6500015,26.2115002,50.7070007
F1985.07,15.8868999,22.5000019,29.1189995,93.1420059
F1985.08,15.1865997,21.4000015,27.6173,83.279007
F1985.09,11.1344004,18.8100014,26.4932003,42.9300003
F1985.10,7.4505,13.7200003,19.9888,158.5390015
F1985.11,5.309,9.8800001,14.4510002,248.227005
F1985.12,-5.4268999,-0.23,4.9741998,26.6940022
F1986.01,-6.8154001,-0.79,5.2386999,43.7030029
F1986.02,-4.5093999,0,4.5176001,86.5160065
F1986.03,-1.2516,5.3900003,12.0313997,48.4160042
F1986.04,5.2962999,12.000001,18.7089005,78.3490067
F1986.05,9.7614002,16.9400005,24.1128998,46.7470016
F1986.06,13.5566998,21.3600006,29.1537991,42.5910034
F1986.07,17.0639992,23.9400005,30.8132992,75.0270004
F1986.08,14.1555004,20.8000011,27.4466,101.4060059
F1986.09,12.4062996,18.7400017,25.0648003,34.8120003
F1986.10,6.4798002,13.6900005,20.9008999,39.1450005
F1986.11,0.2447,5.5600004,10.8774996,132.3930054
F1986.12,-3.1714001,1.7700001,6.7119999,109.4300079
F1987.01,-6.2591,-1.4300001,3.4059,109.6800079
F1987.02,-5.5050998,0.41,6.3221002,37.0960007
F1987.03,-0.4878,5.9600005,12.4154997,82.4920044
F1987.04,4.1557002,10.1000004,16.0534992,166.177002
F1987.05,10.3368998,17.1400013,23.9449005,81.7740021
F1987.06,15.3183002,22.0600014,28.7957993,94.5670013
F1987.07,17.3752003,24.5400009,31.7061005,55.7200012
F1987.08,15.4513998,22.6400013,29.8202991,42.1250038
F1987.09,13.0452995,18.8500004,24.6513996,222.0700073
F1987.10,2.4883001,9.8800001,17.2686996,54.1310043
F1987.11,1.903,7.8800006,13.8599997,131.4810028
F1987.12,-1.3555,3.2400002,7.8318,61.0490036
F1988.01,-8.9923,-3.2700002,2.4567001,60.826004
F1988.02,-5.1539001,0.84,6.8383999,34.1550026
F1988.03,-0.7148,5.8800001,12.4754,62.7310028
F1988.04,3.9468,10.8100004,17.6723003,66.1940002
F1988.05,9.8063002,16.3790016,22.9627991,194.4170074
F1988.06,12.809,20.4500008,28.0944996,34.8280029
F1988.07,17.2640991,24.6500015,32.0444984,94.276001
F1988.08,17.2819996,24.1400013,30.9901009,103.552002
F1988.09,10.5862999,17.4300003,24.2684994,67.3330002
F1988.10,2.6129,9.8400002,17.0662994,41.2210007
F1988.11,1.1683,7.3600001,13.5518999,137.2440033
F1988.12,-4.6265998,1.2900001,7.2087998,25.4930019
F1989.01,-3.3597,2.5100002,8.3841,59.8040047
F1989.02,-4.1869998,1.4300001,7.0475001,51.9550018
F1989.03,-0.565,5.2700005,11.1101999,103.3010025
F1989.04,3.2651999,10.2300005,17.1959,55.3720016
F1989.05,8.9923,15.170001,21.3472004,201.6640167
F1989.06,15.6531,21.710001,27.7759991,137.7440033
F1989.07,17.1408997,22.9400005,28.7404003,140.4700012
F1989.08,15.6358004,21.3700008,27.1133003,52.3650017
F1989.09,12.5356998,18.4900017,24.4344997,101.4820023
F1989.10,6.1483998,13.3700008,20.5909996,135.1490021
F1989.11,0.0998,6.3000002,12.4983997,58.6250038
F1989.12,-10.5417004,-4.8800001,0.7773,26.7830009
F1990.01,-1.4984,4.1600003,9.8104,89.166008
F1990.02,-1.9054,4.9400001,11.7923002,46.1760025
F1990.03,1.2086999,7.8000002,14.3957005,94.128006
F1990.04,4.5623002,11.5300007,18.5011005,89.0690079
F1990.05,9.2458,15.4700003,21.6846008,134.2960052
F1990.06,13.3691998,20.5800018,27.7873001,39.2680016
F1990.07,16.5662994,23.1000004,29.6240005,159.276001
F1990.08,15.5243998,21.4300003,27.3334007,106.3330078
F1990.09,11.6225996,18.0400009,24.4521999,69
F1990.10,7.2701998,14.0200005,20.7765999,206.6230164
F1990.11,1.7855999,8.8100004,15.8418999,47.8720016
F1990.12,-1.6818,4.27,10.2294998,108.9060059
F1991.01,-5.1124001,0.27,5.6599002,79.9600067
F1991.02,-2.4037001,3.7700002,9.9518995,26.3890018
F1991.03,1.1801,6.7600002,12.3430004,124.4020081
F1991.04,5.8294001,12.3700008,18.9129009,52.064003
F1991.05,12.8948002,19.8200016,26.7437992,44.6980019
F1991.06,14.1744003,21.3900013,28.6049004,71.3210068
F1991.07,17.6231003,24.170002,30.7192001,64.477005
F1991.08,15.7594995,23.1000004,30.4417,37.8120003
F1991.09,11.3913002,18.6600018,25.9340992,51.0840034
F1991.10,5.5050001,13.460001,21.4225998,60.7580032
F1991.11,-0.0024,6.1700001,12.3333998,65.6520004
F1991.12,-2.0881,3.5800002,9.2434998,115.8980026
F1992.01,-4.4633999,0.8,6.0622001,65.0250015
F1992.02,-2.6940999,2.96,8.6127996,51.4530029
F1992.03,-0.4928,4.8200002,10.1338997,133.0630035
F1992.04,4.8000998,11.1800003,17.5680008,107.2460022
F1992.05,7.8232999,14.3300009,20.8321991,105.2580032
F1992.06,12.4673996,18.8800011,25.2868004,78.8200073
F1992.07,17.1089993,23.1100006,29.1021004,135.0650024
F1992.08,13.6831999,20.0700016,26.4470005,77.1620026
F1992.09,11.4455004,17.7300014,24.0072994,156.4980011
F1992.10,4.0647001,11.670001,19.2789993,60.2220039
F1992.11,2.0636001,6.5800004,11.0913,148.0460052
F1992.12,-3.0478001,1.1600001,5.3723998,140.6060028
F1993.01,-3.1238,1.7500001,6.6266999,71.5270004
F1993.02,-5.8899002,-0.4,5.0861001,53.5890007
F1993.03,-1.6066,3.0700002,7.7438998,235.7640076
F1993.04,3.368,10.5800009,17.7849007,137.0610046
F1993.05,10.1396999,17.1400013,24.1394005,54.6590042
F1993.06,13.5816002,20.7300014,27.8717995,91.7640076
F1993.07,17.4060993,24.3400021,31.2728004,67.9320068
F1993.08,15.6702003,22.8600006,30.0496006,62.1300011
F1993.09,12.4783001,18.8200016,25.1530991,114.5610046
F1993.10,5.7055001,11.7400007,17.7754002,72.8610001
F1993.11,0.7835,6.4800005,12.1836004,170.9620056
F1993.12,-3.9256001,0.48,4.8852,104.477005
F1994.01,-9.0832996,-4.5900002,-0.0962,116.640007
F1994.02,-4.915,0.31,5.5405002,103.291008
F1994.03,-0.4327,4.3700004,9.1789999,225.3330078
F1994.04,6.1336999,13.7600002,21.3901005,70.3930054
F1994.05,6.7191,13.8800011,21.0382004,82.1260071
F1994.06,15.4224005,22.3800011,29.3339005,85.9700012
F1994.07,17.6735001,23.4700012,29.2639008,130.7880096
F1994.08,14.8175001,20.8800011,26.9410992,156.8280029
F1994.09,11.2924995,17.7300014,24.1672001,85.0130005
F1994.10,4.3313999,11.8900003,19.4540005,27.045002
F1994.11,3.3038001,9.5900002,15.8757,76.7130051
F1994.12,-1.2713,4.0190001,9.3027,57.182003
F1995.01,-2.7756,1.2700001,5.3249998,113.0470047
F1995.02,-6.2859001,-0.89,4.4981999,29.1520023
F1995.03,0.9598,6.9800005,12.9941998,55.5060043
F1995.04,3.7604001,10.6800003,17.5988007,42.2580032
F1995.05,9.9095001,15.960001,22.0070992,112.9730072
F1995.06,15.0451002,20.8000011,26.5449009,161.4300079
F1995.07,17.5466995,23.9300003,30.3111992,72.3880005
F1995.08,17.3799992,23.6100006,29.8355999,88.2280045
F1995.09,11.7332001,18.1600018,24.5911999,76.8600006
F1995.10,7.1859002,14.170001,21.1539993,180.1260071
F1995.11,-0.8505,4.0300002,8.9190998,127.7740097
F1995.12,-4.4489999,-0.12,4.2097998,51.9830017
F1996.01,-6.6234002,-1.35,3.9212999,236.8970184
F1996.02,-4.3913999,0.37,5.1371999,54.7820015
F1996.03,-3.1956999,2.8100002,8.8093004,101.7770081
F1996.04,5.1588998,11.6800003,18.1993008,60.2750015
F1996.05,9.1620998,15.0700006,20.9776993,154.1320038
F1996.06,15.5507002,21.6200008,27.6807003,144.5090027
F1996.07,16.0454006,21.6500015,27.2642002,146.0890045
F1996.08,15.4006004,21.2000008,26.9920998,125.6430054
F1996.09,12.8472004,17.9900017,23.1389008,300.1130066
F1996.10,6.5546999,12.3900003,18.2208004,135.3580017
F1996.11,-0.8809,3.8300002,8.5367002,113.9820023
F1996.12,-1.8714,2.7500002,7.3615999,84.7380066
F1997.01,-5.2529998,0.17,5.5994,39.6460037
F1997.02,-1.6083,3.9400003,9.4839001,43.6760025
F1997.03,0.8795,6.4600005,12.0317001,131.7770081
F1997.04,3.2012,9.6200008,16.0324993,36.1990013
F1997.05,7.2532001,14.0900011,20.9305992,43.9420013
F1997.06,13.6106997,19.8400002,26.0778999,93.0170059
F1997.07,16.0639992,22.6500015,29.2399998,73.6490021
F1997.08,15.1230001,21.4000015,27.6725998,55.7290039
F1997.09,11.9273005,18.0100002,24.0953007,150.8560028
F1997.10,5.7235999,11.9800005,18.243,53.5010033
F1997.11,0.9825,5.3700004,9.7565002,223.7720032
F1997.12,-2.2256999,2.4000001,7.0208001,53.9230042
F1998.01,-0.3454,4.0100002,8.3668003,173.0440063
F1998.02,-0.3591,3.9400003,8.2299004,175.5800018
F1998.03,1.4287,6.3400002,11.2588997,106.0510025
F1998.04,5.7876,12.2000008,18.6156998,106.3720016
F1998.05,12.2893,18.0500011,23.8145008,123.4710083
F1998.06,15.3423004,20.710001,26.0748005,137.5550079
F1998.07,16.6674004,23.420002,30.1711006,18.9100018
F1998.08,16.2679996,23.1500015,30.0256996,48.4780006
F1998.09,14.2278996,21.5600014,28.8841,40.8930016
F1998.10,6.5778999,12.8800011,19.1739006,33.6120033
F1998.11,1.7031,7.8600006,14.0241003,22.7150002
F1998.12,-0.441,4.8400002,10.1189003,39.0760002
F1999.01,-4.4837999,1.2900001,7.0681,138.1190033
F1999.02,-2.9201,2.72,8.3593998,40.9570007
F1999.03,-1.1773,4.2400002,9.6489,92.5630035
F1999.04,4.7704,11.5900002,18.4064999,55.8590012
F1999.05,9.7296,16.6599998,23.5918007,48.7900009
F1999.06,14.3948002,21.1000004,27.8043003,31.9890022
F1999.07,18.3995991,25.7000008,33.0040016,64.6740036
F1999.08,15.6743002,22.6400013,29.6152,65.3130035
F1999.09,12.5608997,18.3400002,24.1187992,292.1900024
F1999.10,5.1206002,11.5900002,18.0655003,55.0390015
F1999.11,3.3775001,9.4300003,15.4779997,82.2750015
F1999.12,-2.7009001,2.5,7.7069998,65.2830048
F2000.01,-5.7447,-0.3,5.1349001,57.4860039
F2000.02,-1.6806,3.8400002,9.3701,42.439003
F2000.03,2.1447001,8.25,14.3578997,77.2550049
F2000.04,4.4102001,10.7800007,17.1537991,85.4900055
F2000.05,11.2046003,17.8600006,24.5184994,74.0740051
F2000.06,16.0284996,21.9500008,27.8801994,144.8650055
F2000.07,15.5233002,21.1600018,26.8031006,86.4860077
F2000.08,16.2110996,21.6400013,27.0737,99.6390076
F2000.09,11.6110001,17.2800007,22.9479008,166.177002
F2000.10,6.8383999,13.7600002,20.6807995,4.5300002
F2000.11,-0.0416,5.1700001,10.3732996,62.0400047
F2000.12,-7.7986999,-2.7600002,2.2711999,54.2650032
F2001.01,-5.6599998,-0.45,4.7543001,52.9940033
F2001.02,-3.2895,2.8300002,8.9449997,32.6450005
F2001.03,-1.8207,3.5800002,8.9715996,159.2030029
F2001.04,5.6150999,12.5300007,19.4487,51.4480019
F2001.05,9.2114,15.6900005,22.1618996,115.3280029
F2001.06,14.7409,21.0300007,27.3164997,136.0850067
F2001.07,14.5628004,21.0100002,27.4577007,126.2820053
F2001.08,17.3833008,23.1400013,28.9053001,151.2850037
F2001.09,10.5853004,17.1800003,23.7747993,58.7130013
F2001.10,5.5956001,13.0300007,20.4617996,22.5270004
F2001.11,2.7755001,9.8200006,16.8579998,20.7090015
F2001.12,-0.8139,4.5600004,9.9286003,37.7360001
F2002.01,-1.3518,3.9100001,9.1768999,35.3930016
F2002.02,-2.9229,3.2600002,9.4463997,8.2060003
F2002.03,0.2893,6.5000005,12.7181997,100.0320053
F2002.04,5.9032998,12.750001,19.5981998,111.6960068
F2002.05,8.7362003,15.5900011,22.4360008,114.7060089
F2002.06,15.1157999,21.7700005,28.4335995,97.0610046
F2002.07,17.6406002,23.9900017,30.3348007,78.9120026
F2002.08,16.7639999,23.3500004,29.9384003,49.6670036
F2002.09,13.3371,19.8000011,26.2630005,95.5770035
F2002.10,7.0042,12.0500002,17.1026993,154.2030029
F2002.11,1.6568,6.1300001,10.5946999,103.4260025
F2002.12,-4.1785002,0.4,4.9706998,82.8600006
F2003.01,-7.5362,-2.9900002,1.5463001,62.3610039
F2003.02,-6.2104998,-1.7,2.8018999,167.3930054
F2003.03,-1.196,5.6300001,12.4500999,120.3000031
F2003.04,5.2581,11.4500008,17.6380997,93.8370056
F2003.05,10.7343998,15.000001,19.2591,156.1000061
F2003.06,14.2962999,19.5200005,24.7385006,186.7460022
F2003.07,16.9111996,22.8700008,28.8267002,130.1870117
F2003.08,18.0604,23.6200008,29.1870003,113.7100067
F2003.09,13.0832005,18.1600018,23.2429008,281.9240112
F2003.10,5.3987999,11.6800003,17.9521008,80.4610062
F2003.11,3.6908,9.5100002,15.3259001,112.6670074
F2003.12,-2.8067,1.9700001,6.7433,105.5240021
F2004.01,-8.1468,-2.7700002,2.6156001,27.6740017
F2004.02,-5.4085999,0.26,5.9190998,65.651001
F2004.03,0.8149,6.6100001,12.4055996,54.8190041
F2004.04,6.1489,11.5600004,16.9692001,126.0320053
F2004.05,13.7378998,20,26.2600994,120.9110031
F2004.06,14.7699003,20.4800014,26.1805992,110.6270065
F2004.07,17.441,23.1100006,28.7833996,91.3360062
F2004.08,15.6134996,21.7900009,27.9596004,66.6240005
F2004.09,13.3176003,19,24.6788998,303.3160095
F2004.10,7.5978999,12.750001,17.9073009,40.1620026
F2004.11,3.4774001,8.25,13.0135002,140.0110016
F2004.12,-3.5315001,2.0500002,7.6231999,65.7639999
F2005.01,-3.7479,1.1400001,6.0338998,60.6330032
F2005.02,-3.4642,1.9100001,7.2817001,35.3330002
F2005.03,-1.4301,2.7600002,6.9523001,87.378006
F2005.04,5.7848001,12.6300011,19.4682007,96.2500076
F2005.05,8.0077,14.2400007,20.4659004,99.2170029
F2005.06,15.9449997,21.7900009,27.6292992,53.3610039
F2005.07,18.8619003,24.0000019,29.1285992,132.7480011
F2005.08,18.0709991,23.5000019,28.9230003,74.5920029
F2005.09,13.4485998,20.1800003,26.9104004,16.5790005
F2005.10,8.5332003,13.1900005,17.8397999,207.6340027
F2005.11,1.7308,7.8900003,14.0544996,102.2950058
F2005.12,-5.2340002,-0.53,4.1687002,45.6290016
F2006.01,-1.6226,3.5300002,8.6850996,70.3320007
F2006.02,-4.0451999,1.3200001,6.6900001,42.9360008
F2006.03,1.1745,6.6600003,12.1427002,3.5850003
F2006.04,5.9473,13.1400003,20.3379002,94.2510071
F2006.05,8.7285995,15.5900011,22.4503994,47.5020027
F2006.06,14.5248003,20.9100018,27.2987003,206.727005
F2006.07,18.5860004,24.420002,30.2534008,71.5790024
F2006.08,17.2227001,24.0800018,30.9300995,32.618
F2006.09,12.3687,17.460001,22.5468006,179.5700073
F2006.10,6.2835999,12.2300005,18.1686001,140.2070007
F2006.11,3.4382999,8.4100008,13.3781004,189.8910065
F2006.12,-0.5175,5.2500005,11.0170002,42.4020004
F2007.01,-2.0399001,2.6400001,7.3151002,60.3120041
F2007.02,-7.7793999,-2.8400002,2.1075001,80.8740005
F2007.03,0.3518,6.9300003,13.5142002,85.015007
F2007.04,5.2716999,10.7900009,16.3087997,85.0660019
F2007.05,10.7003002,17.8100014,24.9211998,44.0970039
F2007.06,14.6617002,21.5800018,28.5007992,89.9870071
F2007.07,15.9263,22.6000004,29.2754993,42.1120033
F2007.08,17.5335999,23.9700012,30.4123001,107.1160049
F2007.09,12.9420004,20.2300014,27.5247002,43.1040039
F2007.10,9.849,16.2600002,22.6671009,112.8250046
F2007.11,1.465,6.5400004,11.6104002,38.2340012
F2007.12,-1.4013,2.73,6.8565001,84.7630005
F2008.01,-4.5002999,0.86,6.2178998,24.6620007
F2008.02,-3.125,1.8900001,6.9138999,56.8060036
F2008.03,-7.00E-04,6.0800004,12.1597004,87.439003
F2008.04,6.7733002,12.9100008,19.0408001,153.1080017
F2008.05,8.6316996,15.2000008,21.7602997,144.7850037
F2008.06,15.592,22.3900013,29.1891994,119.8930054
F2008.07,17.0195999,23.5000019,29.9806004,109.9570084
F2008.08,14.9709997,21.3800011,27.7952995,80.1110001
F2008.09,13.5302,19.2400017,24.9461994,112.1160049
F2008.10,5.6210999,12.1800003,18.7315998,45.4530029
F2008.11,1.4049,6.1400003,10.8732004,51.8890038
F2008.12,-3.2674999,1.96,7.1847,87.3740005
F2009.01,-6.8364,-2.1300001,2.5804999,61.8950043
F2009.02,-4.1048002,2.1600001,8.4152002,12.6610003
F2009.03,0.0941,5.5300002,10.9643002,61.5320015
F2009.04,5.6370001,12.250001,18.8675995,110.9910049
F2009.05,10.5391998,16.6800003,22.8276005,169.5690155
F2009.06,14.993,20.8700008,26.7558002,156.0820007
F2009.07,15.1385002,21.3400002,27.5450993,61.0850029
F2009.08,17.3167,23.460001,29.5976009,99.4450073
F2009.09,13.0664997,18.5900002,24.1152992,53.2280006
F2009.10,6.1476002,11.9500008,17.7500992,101.0430069
F2009.11,3.8325,8.8300009,13.8210001,141.852005
F2009.12,-3.8478999,0.72,5.2972999,173.9550018
F2010.01,-4.8369999,-0.8,3.2465999,115.6940079
F2010.02,-5.4828,-1.59,2.3009,88.7380066
F2010.03,2.3192999,7.5600004,12.8083,206.9730072
F2010.04,6.5451002,14.1200008,21.6940002,39.651001
F2010.05,11.5864,17.8700008,24.1581001,100.0810013
F2010.06,17.1355991,23.6000004,30.0704002,39.4490013
F2010.07,18.1842003,25.3400021,32.5029984,70.4600067
F2010.08,17.9580994,23.6600018,29.3661003,96.3590012
F2010.09,13.0817003,20.6600018,28.2423,92.1530075
F2010.10,8.1196003,14.1900005,20.2695007,128.8960114
F2010.11,0.9218,6.8600001,12.8000002,59.6190033
F2010.12,-4.9296999,-1.72,1.4858,72.3830032
F2011.01,-5.8385,-1.5100001,2.8139999,42.4440002
F2011.02,-2.8283999,2.7900002,8.4064999,44.6870003
F2011.03,0.455,6.1900001,11.9244003,144.6170044
F2011.04,7.3688998,13.5300007,19.6945992,200.4300079
F2011.05,11.8477001,17.8100014,23.7670002,143.8630066
F2011.06,15.7568998,21.8700008,27.9850006,89.5000076
F2011.07,18.2763004,24.8400021,31.4116993,62.6530037
F2011.08,16.8484001,22.8900013,28.9330006,86.9730072
F2011.09,14.6719999,18.9000015,23.1296005,148.4340057
F2011.10,6.8758001,12.0900002,17.3073006,128.9609985
F2011.11,3.073,8.7700005,14.4667997,69.7140045
F2011.12,-0.461,4.4200001,9.2924995,85.128006
F2012.01,-3.6077001,1.6400001,6.8936,43.4310036
F2012.02,-1.1936001,4.0300002,9.2455997,23.3290005
F2012.03,4.7809,11.1100006,17.4398994,41.2450027
F2012.04,5.079,11.7700005,18.4671001,57.5960045
F2012.05,13.0726004,18.7700005,24.4762001,92.5270081
F2012.06,14.2172003,20.4500008,26.6917992,74.3310013
F2012.07,18.9986992,25.0500011,31.1023998,92.5610046
F2012.08,16.9255009,22.6000004,28.2656002,105.765007
F2012.09,12.6097002,18.8900013,25.1653996,121.2350082
F2012.10,7.1036,12.7200003,18.3306007,168.8500061
F2012.11,-0.353,4.6100001,9.5671997,35.8560028
F2012.12,0.0579,4.5600004,9.0566998,53.7520027
F2013.01,-2.6565001,2.0500002,6.7516999,102.3190079
F2013.02,-4.2195001,0.42,5.0496001,37.3560028
F2013.03,-1.4286,2.9100001,7.2400999,89.1880035
F2013.04,6.1952,12.5300007,18.8719997,40.8880005
F2013.05,9.5999002,15.6400003,21.6730003,108.5330048
F2013.06,16.0314999,21.4300003,26.8337002,153.3450012
F2013.07,18.7625999,23.7900009,28.8115997,96.6960068
F2013.08,15.9300003,21.0000019,26.0636005,108.9550018
F2013.09,11.5629997,17.9100018,24.2560005,31.2680016
F2013.10,7.6577001,13.2300005,18.7975006,174.201004
F2013.11,-0.1717,5.0100002,10.1968002,77.6100006
F2013.12,-1.5373,2.8400002,7.2231998,132.7460022
F2014.01,-9.3318005,-3.8900001,1.5523,47.3170013
F2014.02,-4.9864998,0.11,5.2042999,90.1340027
F2014.03,-3.8343999,2.0090001,7.8474002,114.5100021
F2014.04,4.8313999,11.2800007,17.7241001,101.1520081
F2014.05,10.5784998,17.0400009,23.4944992,157.2100067
F2014.06,15.8982,21.5600014,27.2276993,122.6320038
F2014.07,16.5650997,22.210001,27.8623009,86.8740005
F2014.08,14.8331003,20.6000004,26.3743,92.4219971
F2014.09,13.1538,18.6800003,24.2049999,42.618
F2014.10,8.5370998,13.6200008,18.7119999,128.3560028
F2014.11,-0.261,4.5600004,9.3737001,55.519001
F2014.12,-1.2415,3.2,7.6410999,79.3730011
F2015.01,-6.5500002,-1.95,2.6600001,81.5090027
F2015.02,-9.8500004,-4.0100002,1.83,41.8460007
F2015.03,-1.9200001,4.2200003,10.3600006,93.5510025
F2015.04,5.7600002,12.2900009,18.8100014,95.5440063
F2015.05,12.8500004,19.1900005,25.5200005,106.0690079
F2015.06,16.6100006,21.7000008,26.7900009,172.253006
F2015.07,17.5400009,22.8700008,28.2000008,112.5240021
F2015.08,15.3800011,21.8300018,28.2700005,37.4510002
F2015.09,13.4500008,19.3100014,25.170002,142.6360016
F2015.10,6.2600002,12.2900009,18.3200016,150.5690002
F2015.11,3.1500001,8.96,14.7600002,69.9160004
F2015.12,2.95,7.5500002,12.1400003,97.9920044
