treeID,stemID,tag,StemTag,sp,quadrat,gx,gy,DBHID,CensusID,dbh,pom,hom,ExactDate,DFstatus,codes,countPOM,date,status,agb
104,104,40024,1,juni,401,66.90000153,12.60000038,374,1,281.7999878,1.3,1.299999952,10/30/08,alive,M,1,17835,A,0.523529104
116,116,40873,1,fagr,412,75.90000153,233.3999939,406,1,640.7000122,1.3,1.299999952,10/27/08,alive,M,1,17832,A,4.519280272
509,509,121455,1,fram,1216,236.5,303.6000061,1656,1,229.6000061,1.3,1.299999952,11/14/08,alive,M,1,17850,A,0.331133114
752,752,160665,1,litu,1604,300.7999878,76.19999695,2337,1,666.0999756,1.3,1.299999952,11/24/08,alive,M,1,17860,A,3.101485294
897,897,182686,1,quve,1829,355.1000061,575.9000244,2769,1,530.5999756,1.3,1.299999952,12/3/08,alive,M,1,17869,A,2.854107114
992,992,202162,1,litu,2024,393.3999939,477.2000122,3054,1,260.5,1.3,1.299999952,12/18/09,alive,M,1,18249,A,0.292968583
1009,1009,10010,1,juni,101,7.300000191,12.19999981,3088,1,541.9000244,1.3,1.299999952,10/21/08,alive,NA,1,17826,A,2.737568439
1049,1049,10057,1,fram,104,6.199999809,69.69999695,3158,1,184.8000031,1.3,1.299999952,10/21/08,alive,NA,1,17826,A,0.187156404
1104,1104,10122,1,juni,101,15.60000038,13.60000038,3287,1,761.9000244,1.3,1.299999952,10/21/08,alive,NA,1,17826,A,6.222362063
1165,1165,10194,1,fagr,104,14.89999962,73.19999695,3409,1,275.7999878,1.3,1.299999952,10/21/08,alive,NA,1,17826,A,0.543664113
1257,1257,10296,1,juni,106,9.699999809,109.1999969,3588,1,550.9000244,1.3,1.299999952,10/21/08,alive,NA,1,17826,A,2.850540248
1465,1465,10517,1,quve,107,4.5,120.5999985,3964,1,181.1000061,1.3,1.299999952,10/22/08,alive,L,1,17827,A,0.180654648
1483,1483,10539,1,fram,108,4.300000191,152,3987,1,463.3999939,1.3,1.299999952,10/22/08,alive,NA,1,17827,A,2.003690538
1558,1558,10619,1,fagr,111,4.300000191,208.3000031,4078,1,189.8999939,1.3,1.299999952,10/22/08,alive,NA,1,17827,A,0.204743712
1575,1575,10636,1,quru,112,20,220.3999939,4095,1,367.2000122,1.3,1.299999952,10/22/08,alive,NA,1,17827,A,1.134699577
1586,1586,10647,1,fagr,112,9.5,233.5,4108,1,142.5,1.3,1.299999952,10/22/08,alive,NA,1,17827,A,0.095778148
1603,1603,10664,1,fagr,114,16.79999924,269.7000122,4127,1,135,1.3,1.299999952,10/23/08,alive,NA,1,17828,A,0.082976354
1613,1613,10675,1,fagr,114,12.10000038,271.5,4137,1,186.5,1.3,1.299999952,10/23/08,alive,NA,1,17828,A,0.195218517
1664,1664,10726,1,qupr,115,4,288.1000061,4189,1,706.2000122,1.3,1.299999952,10/23/08,alive,NA,1,17828,A,5.57904243
1668,1668,10730,1,fagr,115,9.800000191,295.7000122,4194,1,137.3000031,1.3,1.299999952,10/23/08,alive,NA,1,17828,A,0.086781665
1669,1669,10731,1,qupr,115,8.399999619,295.8999939,4195,1,605.7000122,1.3,1.299999952,10/23/08,alive,NA,1,17828,A,3.856559436
1681,1681,10743,1,fagr,115,18.70000076,299.7999878,4207,1,116.0999985,1.3,1.299999952,10/23/08,alive,NA,1,17828,A,0.055590683
1720,1720,12032,1,fagr,118,8.800000191,348.6000061,4246,1,159,1.3,1.299999952,9/8/08,alive,NA,1,17783,A,0.128053622
1767,1767,12080,1,cato,119,7.099999905,377.7999878,4298,1,315.8999939,1.3,1.299999952,9/8/08,alive,NA,1,17783,A,0.882316187
1853,1853,12171,1,frni,122,14.19999981,432,4396,1,135.5,1.3,1.299999952,9/8/08,alive,NA,1,17783,A,0.081916714
1898,1898,12221,1,frni,123,11.10000038,455.2000122,4478,1,308.2000122,1.3,1.299999952,9/8/08,alive,NA,1,17783,A,0.708268465
1911,1911,12234,1,fram,124,14.19999981,461.2000122,4503,1,311.3999939,1.3,1.299999952,9/8/08,alive,NA,1,17783,A,0.730752902
1940,1940,12267,1,fram,125,19.89999962,492.6000061,4538,1,206.6000061,1.3,1.299999952,9/8/08,alive,NA,1,17783,A,0.251043742
1972,1972,12303,1,fram,126,3.799999952,508.1000061,4584,1,276.1000061,1.3,1.299999952,9/9/08,alive,NA,1,17784,A,0.535463627
2015,2015,12354,1,juni,128,3.200000048,546.5,4639,1,509.2000122,1.3,1.299999952,9/9/08,alive,NA,1,17784,A,2.348179646
2023,2023,12366,1,litu,128,16,554.0999756,4647,1,100.5,1.3,1.299999952,9/9/08,alive,NA,1,17784,A,0.023684376
2025,2025,12369,1,litu,128,20,556.2000122,4649,1,116.0999985,1.3,1.299999952,9/9/08,alive,NA,1,17784,A,0.034744177
2042,2042,12387,1,juni,129,4.599999905,560.9000244,4668,1,204,1.3,1.299999952,9/9/08,alive,NA,1,17784,A,0.225162249
2097,2097,12445,1,quve,130,10,587.7999878,4746,1,170.1999969,1.3,1.299999952,9/9/08,alive,NA,1,17784,A,0.153327828
2111,2111,12460,1,quru,130,13.39999962,595.9000244,4761,1,375.7999878,1.3,1.299999952,9/9/08,alive,NA,1,17784,A,1.203505707
2139,2139,12490,1,litu,131,19.10000038,602.2999878,4790,1,312.8999939,1.3,1.299999952,9/9/08,alive,NA,1,17784,A,0.470813211
2336,2336,20040,1,fram,201,32.09999847,12.69999981,5019,1,273.3999939,1.3,1.299999952,10/23/08,alive,NA,1,17828,A,0.521984797
2418,2418,20155,1,frni,203,38.40000153,40.40000153,5134,1,231.1999969,1.3,1.299999952,10/23/08,alive,M,1,17828,A,0.335642862
2661,2661,20432,1,fram,204,23.5,79.80000305,5468,1,543.2000122,1.3,1.299999952,10/23/08,alive,NA,1,17828,A,2.969710305
2795,2795,20605,1,caco,208,24.70000076,156.6999969,5664,1,154.1999969,1.3,1.299999952,10/24/08,alive,NA,1,17829,A,0.126500018
2817,2817,20627,1,fagr,209,36,175.6999969,5691,1,185.6000061,1.3,1.299999952,10/24/08,alive,M,1,17829,A,0.192743311
2878,2878,20693,1,fagr,211,36.09999847,219.8000031,5779,1,199.8000031,1.3,1.299999952,10/24/08,alive,NA,1,17829,A,0.234069479
2988,2988,20804,1,litu,215,27.39999962,290.5,5893,1,312.7000122,1.3,1.299999952,10/24/08,alive,NA,1,17829,A,0.470039037
3003,3003,20820,1,fagr,216,25.60000038,304.6000061,5910,1,181.5,1.3,1.299999952,10/24/08,alive,NA,1,17829,A,0.181709871
3016,3016,20835,1,qual,216,25.29999924,313,5925,1,415.6000061,1.3,1.299999952,10/24/08,alive,NA,1,17829,A,1.746748282
3028,3028,20847,1,fagr,216,37.5,314.6000061,5937,1,100.5,1.3,1.299999952,10/24/08,alive,NA,1,17829,A,0.037895002
3062,3062,22031,1,qupr,217,35.70000076,337.7999878,5978,1,676,1.3,1.299999952,6/19/08,alive,NA,1,17702,A,5.025858085
3095,3095,22064,1,qupr,218,38.40000153,357.7000122,6013,1,678.2000122,1.3,1.299999952,6/19/08,alive,NA,1,17702,A,5.065124789
3233,3233,22208,1,frni,222,30.20000076,431.8999939,6178,1,172.8000031,1.3,1.299999952,9/4/08,alive,NA,1,17779,A,0.156021361
3357,3357,22336,1,quru,226,23.89999962,507.5,6334,1,774.7999878,1.3,1.299999952,9/4/08,alive,NA,1,17779,A,7.108125709
3392,3392,22371,1,quve,227,25.39999962,526.5999756,6371,1,377,1.3,1.299999952,9/4/08,alive,NA,1,17779,A,1.2132926
3563,3563,22545,1,litu,230,37.20000076,586.9000244,6549,1,590.2000122,1.3,1.299999952,9/5/08,alive,NA,1,17780,A,2.315028064
3616,3616,22600,1,qupr,231,36.90000153,609.7999878,6603,1,106.0999985,1.3,1.299999952,9/5/08,alive,NA,1,17780,A,0.042782164
3619,3619,22603,1,litu,231,33,618.7999878,6606,1,130.6999969,1.3,1.299999952,9/5/08,alive,NA,1,17780,A,0.04758961
3620,3620,22604,1,litu,231,33.09999847,620,6607,1,275.6000061,1.3,1.299999952,9/5/08,alive,NA,1,17780,A,0.339151385
3702,3702,30039,1,fram,302,44.59999847,22.70000076,6706,1,920.2000122,1.3,1.299999952,10/24/08,alive,NA,1,17829,A,10.41410914
3724,3724,30062,1,fram,303,44.20000076,57.59999847,6753,1,197.8999939,1.3,1.299999952,10/24/08,alive,NA,1,17829,A,0.224179828
3766,3766,30109,1,fram,301,53.70000076,2.5,6804,1,525,1.3,1.299999952,10/24/08,alive,NA,1,17829,A,2.730809182
3783,3783,30135,1,juni,302,53.29999924,24.10000038,6822,1,248.1000061,1.3,1.299999952,10/24/08,alive,NA,1,17829,A,0.375964986
3788,3788,30141,1,frni,302,60,33.09999847,6828,1,137.6000061,1.3,1.299999952,10/24/08,alive,NA,1,17829,A,0.085329686
3789,3789,30142,1,frni,302,57.40000153,31.20000076,6829,1,158.1000061,1.3,1.299999952,10/24/08,alive,NA,1,17829,A,0.123316054
3818,3818,30174,1,fram,303,48.40000153,50.29999924,6873,1,96.69999695,1.3,1.299999952,10/24/08,alive,NA,1,17829,A,0.033599357
3855,3855,30214,1,fagr,305,54.59999847,84.69999695,6930,1,122.0999985,1.3,1.299999952,10/24/08,alive,NA,1,17829,A,0.063552052
3867,3867,30226,1,juni,306,51.59999847,104.5,6943,1,378.7000122,1.3,1.299999952,10/24/08,alive,NA,1,17829,A,1.117660889
3874,3874,30233,1,fagr,306,55.59999847,116.1999969,6951,1,1030.400024,1.3,1.299999952,10/24/08,alive,NA,1,17829,A,13.71716493
3954,3954,30315,1,juni,306,44.70000076,105.4000015,7041,1,242.6999969,1.3,1.299999952,10/24/08,alive,NA,1,17829,A,0.354983423
3969,3969,30333,1,fagr,306,54,119.3000031,7061,1,206.6999969,1.3,1.299999952,10/24/08,alive,NA,1,17829,A,0.255933489
3979,3979,30343,1,quru,307,57.90000153,128,7079,1,571.2000122,1.3,1.299999952,10/24/08,alive,NA,1,17829,A,3.419933499
4052,4052,30421,1,fagr,311,53.09999847,202.8000031,7165,1,618.0999756,1.3,1.299999952,10/24/08,alive,NA,1,17829,A,4.143634078
4101,4101,30472,1,fagr,314,55.40000153,267.2999878,7222,1,103.4000015,1.3,1.299999952,10/24/08,alive,M,1,17829,A,0.040867715
4112,4112,30483,1,fagr,314,55.59999847,275.5,7234,1,164.3000031,1.3,1.299999952,10/24/08,alive,NA,1,17829,A,0.139665784
4150,4150,30525,1,caco,314,48,266.7999878,7274,1,182.3000031,1.3,1.299999952,10/24/08,alive,NA,1,17829,A,0.196962455
4159,4159,30534,1,fagr,314,45.09999847,275.3999939,7283,1,111.6999969,1.3,1.299999952,10/24/08,alive,NA,1,17829,A,0.050168702
4190,4190,30567,1,cagl,316,48.40000153,303.2999878,7316,1,184.3000031,1.3,1.299999952,10/24/08,alive,NA,1,17829,A,0.22298797
4267,4267,32032,1,qupr,319,50.20000076,371.6000061,7405,1,119,1.3,1.299999952,8/21/08,alive,NA,1,17765,A,0.058025624
4366,4366,32138,1,qual,321,54.29999924,410.5,7528,1,624.7000122,1.3,1.299999952,8/26/08,alive,NA,1,17770,A,4.7829663
4404,4404,32177,1,quve,322,59.20000076,436.2000122,7575,1,598.9000244,1.3,1.299999952,8/26/08,alive,NA,1,17770,A,3.838260474
4416,4416,32189,1,litu,322,41.79999924,438.6000061,7595,1,509.7000122,1.3,1.299999952,8/26/08,alive,NA,1,17770,A,1.615411621
4593,4593,32368,1,quve,327,55.59999847,530.2999878,7802,1,512,1.3,1.299999952,8/27/08,alive,NA,1,17771,A,2.613587327
4606,4606,32381,1,qupr,327,44.59999847,532.7999878,7817,1,807.2999878,1.3,1.299999952,8/27/08,alive,NA,1,17771,A,7.652381913
4714,4714,32493,1,quve,331,46.09999847,605.7000122,7927,1,363.2999878,1.3,1.299999952,8/27/08,alive,NA,1,17771,A,1.104264502
4719,4719,32498,1,quve,331,56,605.7999878,7932,1,551.9000244,1.3,1.299999952,8/27/08,alive,NA,1,17771,A,3.143958214
4734,4734,32513,1,qupr,332,41.09999847,620.4000244,7947,1,474.5,1.3,1.299999952,8/27/08,alive,M,1,17771,A,2.11562927
4737,4737,32516,1,quru,332,48.40000153,620.7999878,7952,1,340.2999878,1.3,1.299999952,8/27/08,alive,NA,1,17771,A,0.934429883
4863,4863,40113,1,frni,402,63.09999847,35.20000076,8136,1,69.30000305,1.3,1.299999952,10/30/08,alive,NA,1,17835,A,0.013854751
4876,4876,40131,1,fram,403,65.19999695,41,8149,1,609.7999878,1.3,1.299999952,11/3/08,alive,NA,1,17839,A,3.938464828
4956,4956,40479,1,fagr,405,61.59999847,80,8264,1,151.3999939,1.3,1.299999952,10/27/08,alive,NA,1,17832,A,0.112469957
4957,4957,40480,1,fagr,405,62.20000076,81.30000305,8265,1,159.3999939,1.3,1.299999952,10/27/08,alive,NA,1,17832,A,0.128908451
4962,4962,40485,1,fagr,405,67.5,85.80000305,8270,1,163.5,1.3,1.299999952,10/27/08,alive,NA,1,17832,A,0.137873238
4970,4970,40493,1,fagr,405,69.30000305,88.90000153,8279,1,140.8000031,1.3,1.299999952,10/27/08,alive,NA,1,17832,A,0.092776517
4999,4999,40522,1,cagl,404,74.09999847,75.59999847,8315,1,227.1000061,1.3,1.299999952,10/27/08,alive,NA,1,17832,A,0.386131541
5006,5006,40529,1,qupr,405,73.80000305,80.40000153,8322,1,481.2000122,1.3,1.299999952,10/27/08,alive,NA,1,17832,A,2.190748655
5010,5010,40533,1,quve,405,79,83.80000305,8326,1,487.1000061,1.3,1.299999952,10/27/08,alive,NA,1,17832,A,2.309880408
5013,5013,40536,1,fagr,405,78.69999695,88.09999847,8331,1,127,1.3,1.299999952,10/27/08,alive,NA,1,17832,A,0.070552745
5015,5015,40538,1,qupr,405,78.5,92.69999695,8333,1,519.5,1.3,1.299999952,10/27/08,alive,M,1,17832,A,2.648448136
5026,5026,40549,1,fagr,406,75.80000305,100.9000015,8347,1,159.8999939,1.3,1.299999952,10/27/08,alive,NA,1,17832,A,0.129981926
5031,5031,40554,1,fagr,406,78,110.3000031,8352,1,406.2000122,1.3,1.299999952,10/27/08,alive,NA,1,17832,A,1.465602063
5040,5040,40563,1,fagr,406,63.59999847,117.8000031,8362,1,344.5,1.3,1.299999952,10/27/08,alive,NA,1,17832,A,0.964219281
5062,5062,40585,1,fagr,408,64.59999847,148.6000061,8389,1,141,1.3,1.299999952,10/27/08,alive,NA,1,17832,A,0.09312658
5094,5094,40617,1,quru,406,73,112.1999969,8422,1,530.2000122,1.3,1.299999952,10/27/08,alive,NA,1,17832,A,2.848811822
5123,5123,40649,1,quru,409,75.09999847,160.6000061,8453,1,581.7000122,1.3,1.299999952,10/27/08,alive,NA,1,17832,A,3.575416627
5321,5321,40853,1,fram,411,74.5,219,8712,1,427.1000061,1.3,1.299999952,10/27/08,alive,M,1,17832,A,1.633388218
5353,5353,40889,1,fagr,413,74.90000153,244.1999969,8749,1,130.1000061,1.3,1.299999952,10/27/08,alive,NA,1,17832,A,0.075218782
5395,5395,40934,1,fram,414,70.90000153,274.7999878,8829,1,163.3000031,1.3,1.299999952,10/27/08,alive,NA,1,17832,A,0.13497327
5396,5396,40935,1,fram,414,69.90000153,274,8830,1,342.2999878,1.3,1.299999952,10/27/08,alive,D,1,17832,A,0.931609143
5413,5413,40952,1,caco,414,71.5,267.2999878,8848,1,605,1.3,1.299999952,10/27/08,alive,NA,1,17832,A,4.214904594
5461,5461,41006,1,fram,415,77.30000305,294.5,8912,1,553,1.3,1.299999952,10/28/08,alive,NA,1,17833,A,3.102928878
5474,5474,41025,1,fram,416,79.19999695,306.7999878,8930,1,513.2999878,1.3,1.299999952,10/28/08,alive,NA,1,17833,A,2.583052713
5482,5482,41039,1,frni,416,75.59999847,317,8940,1,383.6000061,1.3,1.299999952,10/28/08,alive,NA,1,17833,A,1.239521777
5483,5483,41040,1,frni,416,75.80000305,318,8941,1,309.1000061,1.3,1.299999952,10/28/08,alive,NA,1,17833,A,0.713609192
5580,5580,42092,1,quru,420,70.09999847,380.3999939,9063,1,413.7000122,1.3,1.299999952,8/13/08,alive,NA,1,17757,A,1.534836233
5693,5693,42207,1,quve,423,64,442.5,9203,1,213.1999969,1.3,1.299999952,8/19/08,alive,NA,1,17763,A,0.277621223
5718,5718,42232,1,litu,423,67.30000305,450.2000122,9231,1,120.9000015,1.3,1.299999952,8/19/08,alive,NA,1,17763,A,0.038691579
5734,5734,42248,1,quve,424,60.5,462.5,9251,1,786.7000122,1.3,1.299999952,8/19/08,alive,NA,1,17763,A,7.367490083
5735,5735,42250,1,litu,424,60.59999847,460.1000061,9252,1,181.3000031,1.3,1.299999952,8/19/08,alive,NA,1,17763,A,0.113238619
5768,5768,42283,1,quve,425,62.29999924,489.8999939,9285,1,471.1000061,1.3,1.299999952,8/19/08,alive,NA,1,17763,A,2.125708421
5789,5789,42304,1,quve,425,63.40000153,491.2000122,9306,1,355.7999878,1.3,1.299999952,8/19/08,alive,NA,1,17763,A,1.047075691
5873,5873,42389,1,qupr,428,61.20000076,545.0999756,9393,1,369.5,1.3,1.299999952,8/19/08,alive,NA,1,17763,A,1.127035841
5926,5926,42544,1,litu,430,71.5,593,9448,1,308.5,1.3,1.299999952,8/19/08,alive,NA,1,17763,A,0.453952161
5944,5944,42565,1,litu,431,74.30000305,608.5,9466,1,377.8999939,1.3,1.299999952,8/19/08,alive,M,1,17763,A,0.762914127
6010,6010,50025,1,fram,501,91.09999847,11.30000019,9554,1,130,1.3,1.299999952,11/3/08,alive,NA,1,17839,A,0.0737249
6031,6031,50046,1,quru,501,96.90000153,12.89999962,9580,1,258.2999878,1.3,1.299999952,11/3/08,alive,NA,1,17839,A,0.458517438
6122,6122,50234,1,qual,504,95.40000153,60.5,9690,1,261.2999878,1.3,1.299999952,10/28/08,alive,NA,1,17833,A,0.531566868
6132,6132,50244,1,cagl,504,90.69999695,67.80000305,9706,1,244,1.3,1.299999952,10/28/08,alive,A,1,17833,A,0.465841867
6134,6134,50246,1,cagl,504,89.69999695,69.30000305,9708,1,250.8999939,1.3,1.299999952,10/28/08,alive,NA,1,17833,A,0.500990436
6150,6150,50262,1,caovl,505,81.19999695,80.90000153,9729,1,164.3999939,1.3,1.299999952,10/28/08,alive,A,1,17833,A,0.136755777
6162,6162,50274,1,quru,505,92.59999847,81.59999847,9741,1,506.2000122,1.3,1.299999952,10/28/08,alive,NA,1,17833,A,2.540978943
6169,6169,50281,1,litu,505,97.5,88.40000153,9749,1,136.3000031,1.3,1.299999952,10/28/08,alive,NA,1,17833,A,0.053196371
6187,6187,50299,1,fagr,506,93.90000153,102.3000031,9772,1,176.5,1.3,1.299999952,10/28/08,alive,A,1,17833,A,0.168787801
6189,6189,50301,1,fagr,505,83.40000153,81.19999695,9774,1,103,1.3,1.299999952,10/28/08,alive,NA,1,17833,A,0.040449304
6201,6201,50314,1,qual,505,87.19999695,97,9789,1,417.2000122,1.3,1.299999952,10/28/08,alive,NA,1,17833,A,1.763741327
6209,6209,50322,1,qual,506,84.09999847,100.3000031,9797,1,496.3999939,1.3,1.299999952,10/28/08,alive,NA,1,17833,A,2.723481137
6210,6210,50323,1,qupr,506,82.69999695,101.8000031,9798,1,543,1.3,1.299999952,10/28/08,alive,NA,1,17833,A,2.953268603
6217,6217,50330,1,fagr,506,89.5,108.0999985,9806,1,146.1999969,1.3,1.299999952,10/28/08,alive,NA,1,17833,A,0.102516683
6222,6222,50336,1,caovl,506,83.69999695,114.3000031,9811,1,330.2999878,1.3,1.299999952,10/28/08,alive,NA,1,17833,A,0.84628152
6226,6226,50340,1,fagr,506,87.69999695,117.8000031,9815,1,152.6999969,1.3,1.299999952,10/28/08,alive,NA,1,17833,A,0.115047617
6242,6242,50356,1,caovl,507,87.69999695,132.1000061,9835,1,387.7999878,1.3,1.299999952,10/28/08,alive,NA,1,17833,A,1.274221972
6252,6252,50367,1,qupr,508,90.69999695,143,9848,1,189.3000031,1.3,1.299999952,10/28/08,alive,NA,1,17833,A,0.198492381
6288,6288,50404,1,quve,506,95,103.5999985,9904,1,237.1999969,1.3,1.299999952,10/28/08,alive,NA,1,17833,A,0.367130208
6290,6290,50406,1,litu,506,97.90000153,107.0999985,9906,1,324.2000122,1.3,1.299999952,10/28/08,alive,NA,1,17833,A,0.515777052
6316,6316,50433,1,fagr,507,97.90000153,130.3000031,9936,1,127.1999969,1.3,1.299999952,10/28/08,alive,NA,1,17833,A,0.070848186
6317,6317,50434,1,qupr,507,98.5,136.6999969,9937,1,122,1.3,1.299999952,10/28/08,alive,NA,1,17833,A,0.061992748
6325,6325,50442,1,caovl,507,89.40000153,138.1999969,9945,1,399.8999939,1.3,1.299999952,10/28/08,alive,NA,1,17833,A,1.377277428
6338,6338,50455,1,qual,508,99.5,158.5,9968,1,318.1000061,1.3,1.299999952,10/28/08,alive,A,1,17833,A,0.884171587
6356,6356,50474,1,litu,509,94.5,178,9994,1,317.6000061,1.3,1.299999952,10/28/08,alive,"A,M",1,17833,A,0.489223522
6369,6369,50488,1,caco,510,99.59999847,199.3999939,10015,1,344.7000122,1.3,1.299999952,10/28/08,alive,NA,1,17833,A,1.034626578
6380,6380,50499,1,quru,511,87.69999695,212,10027,1,609.9000244,1.3,1.299999952,10/28/08,alive,NA,1,17833,A,4.011668979
6386,6386,50506,1,quru,510,81.30000305,192.8999939,10037,1,281,1.3,1.299999952,10/28/08,alive,NA,1,17833,A,0.570637092
6397,6397,50517,1,qual,511,82.40000153,215.1999969,10050,1,167.3000031,1.3,1.299999952,10/28/08,alive,NA,1,17833,A,0.164829253
6435,6435,50555,1,litu,513,88.59999847,255.8000031,10099,1,476.2000122,1.3,1.299999952,10/28/08,alive,M,1,17833,A,1.364677558
6437,6437,50557,1,fagr,513,89.19999695,258.3999939,10102,1,265.2999878,1.3,1.299999952,10/28/08,alive,NA,1,17833,A,0.491543063
6439,6439,50559,1,fagr,514,85.59999847,267.6000061,10104,1,206.6000061,1.3,1.299999952,10/28/08,alive,NA,1,17833,A,0.255608174
6443,6443,50563,1,fagr,514,82.59999847,274.8999939,10108,1,208.6999969,1.3,1.299999952,10/28/08,alive,NA,1,17833,A,0.262493094
6523,6523,50652,1,fagr,514,89.09999847,274.8999939,10215,1,175.1999969,1.3,1.299999952,10/28/08,alive,NA,1,17833,A,0.165523081
6562,6562,52010,1,fagr,517,89.90000153,325.7000122,10263,1,161.3999939,1.3,1.299999952,8/4/08,alive,NA,1,17748,A,0.133235255
6610,6610,52059,1,caco,518,89.69999695,355.7999878,10321,1,185,1.3,1.299999952,8/4/08,alive,NA,1,17748,A,0.204754104
6662,6662,52111,1,qual,520,95.09999847,381.3999939,10390,1,494.6000061,1.3,1.299999952,8/4/08,alive,NA,1,17748,A,2.699058637
6681,6681,52130,1,fagr,520,85.90000153,394.1000061,10409,1,161.6999969,1.3,1.299999952,8/4/08,alive,NA,1,17748,A,0.133891866
6787,6787,52237,1,litu,523,83.59999847,452.2999878,10520,1,316,1.3,1.299999952,8/4/08,alive,NA,1,17748,A,0.482909706
6796,6796,52246,1,litu,524,100,477.8999939,10530,1,100,1.3,1.299999952,8/4/08,alive,NA,1,17748,A,0.023372889
6826,6826,52276,1,quve,525,87.30000305,490.7000122,10561,1,823.2999878,1.3,1.299999952,8/5/08,alive,NA,1,17749,A,8.195226061
6837,6837,52287,1,quru,526,84,508.5,10572,1,633,1.3,1.299999952,8/5/08,alive,NA,1,17749,A,4.389327033
6873,6873,52323,1,qupr,527,98.19999695,532.0999756,10609,1,481,1.3,1.299999952,8/5/08,alive,NA,1,17749,A,2.188484902
6893,6893,52343,1,quru,528,96.19999695,542.4000244,10630,1,377.7999878,1.3,1.299999952,8/5/08,alive,NA,1,17749,A,1.21984239
6938,6938,52388,1,litu,530,87.40000153,586.9000244,10675,1,251.1000061,1.3,1.299999952,8/5/08,alive,NA,1,17749,A,0.266229168
6952,6952,52403,1,quve,530,86.59999847,597.7000122,10689,1,757.0999756,1.3,1.299999952,8/5/08,alive,NA,1,17749,A,6.731243903
7009,7009,52462,1,qupr,532,98,630.4000244,10748,1,363.1000061,1.3,1.299999952,8/6/08,alive,NA,1,17750,A,1.078004086
7027,7027,60016,1,qual,601,112.9000015,11.69999981,10774,1,502.1000061,1.3,1.299999952,10/29/08,alive,NA,1,17834,A,2.801628727
7034,7034,60023,1,qupr,602,114.3000031,22.29999924,10781,1,157.6999969,1.3,1.299999952,10/29/08,alive,NA,1,17834,A,0.122491436
7068,7068,60059,1,cagl,603,114,53.59999847,10825,1,523.0999756,1.3,1.299999952,10/29/08,alive,NA,1,17834,A,3.247805747
7069,7069,60060,1,qual,603,113.3000031,54.79999924,10826,1,235.1999969,1.3,1.299999952,10/29/08,alive,NA,1,17834,A,0.403979428
7084,7084,60078,1,qual,604,118,77.80000305,10855,1,575.9000244,1.3,1.299999952,10/29/08,alive,NA,1,17834,A,3.925198236
7089,7089,60083,1,litu,604,115.9000015,79.59999847,10860,1,187.3000031,1.3,1.299999952,10/29/08,alive,NA,1,17834,A,0.123396816
7091,7091,60086,1,fagr,605,110.6999969,80.80000305,10862,1,170.5,1.3,1.299999952,10/29/08,alive,NA,1,17834,A,0.154043476
7113,7113,60111,1,fagr,605,110.4000015,94.59999847,10914,1,410.2000122,1.3,1.299999952,10/29/08,alive,NA,1,17834,A,1.502300148
7118,7118,60116,1,quru,606,114.4000015,104.1999969,10924,1,367.8999939,1.3,1.299999952,10/29/08,alive,NA,1,17834,A,1.140212727
7123,7123,60121,1,qual,606,116.1999969,107.6999969,10933,1,683.2000122,1.3,1.299999952,10/29/08,alive,NA,1,17834,A,5.932288058
7126,7126,60124,1,caovl,606,114.1999969,115.8000031,10937,1,303.2999878,1.3,1.299999952,10/29/08,alive,NA,1,17834,A,0.679603211
7127,7127,60125,1,litu,606,119.5999985,115.8000031,10938,1,103,1.3,1.299999952,10/29/08,alive,NA,1,17834,A,0.025280815
7131,7131,60129,1,fagr,606,109.5,117.4000015,10942,1,146.8000031,1.3,1.299999952,10/29/08,alive,NA,1,17834,A,0.10363619
7145,7145,60143,1,quru,607,116.1999969,133.8999939,10958,1,267.6000061,1.3,1.299999952,10/29/08,alive,NA,1,17834,A,0.502693801
7147,7147,60145,1,fagr,607,113,136.1000061,10960,1,205.1999969,1.3,1.299999952,10/29/08,alive,NA,1,17834,A,0.251079606
7163,7163,60161,1,qupr,608,117.5,151.6999969,10977,1,845.9000244,1.3,1.299999952,10/29/08,alive,NA,1,17834,A,8.533258613
7174,7174,60172,1,cagl,609,115.4000015,162.5,10991,1,254.6000061,1.3,1.299999952,10/29/08,alive,NA,1,17834,A,0.520470576
7188,7188,60187,1,qupr,609,110,171.5,11009,1,592.2999878,1.3,1.299999952,10/29/08,alive,NA,1,17834,A,3.652473101
7210,7210,60210,1,qual,601,104.1999969,14.80000019,11039,1,217.8999939,1.3,1.299999952,10/29/08,alive,NA,1,17834,A,0.330718373
7249,7249,60252,1,cagl,604,106.5,60.20000076,11087,1,188.6999969,1.2,1.200000048,10/29/08,alive,A,1,17834,A,0.237305717
7282,7282,60287,1,litu,605,102.0999985,89,11124,1,434.2999878,1.3,1.299999952,10/29/08,alive,NA,1,17834,A,1.084012073
7289,7289,60295,1,fagr,605,103.1999969,94.19999695,11133,1,109.5999985,1.3,1.299999952,10/29/08,alive,NA,1,17834,A,0.047702371
7309,7309,60315,1,qual,606,101.8000031,112.1999969,11155,1,524.7999878,1.3,1.299999952,10/29/08,alive,NA,1,17834,A,3.125080689
7325,7325,60331,1,qual,607,103.3000031,128.3000031,11171,1,427.1000061,1.3,1.299999952,10/29/08,alive,NA,1,17834,A,1.870971959
7327,7327,60333,1,qupr,607,102.8000031,129.1000061,11173,1,361.2000122,1.3,1.299999952,10/29/08,alive,NA,1,17834,A,1.063689886
7333,7333,60339,1,fagr,607,106.1999969,127.5999985,11179,1,157.3000031,1.3,1.299999952,10/29/08,alive,NA,1,17834,A,0.124459476
7338,7338,60345,1,quru,608,103.8000031,143.5,11184,1,214.1999969,1.2,1.200000048,10/29/08,alive,A,1,17834,A,0.281052817
7341,7341,60348,1,qupr,608,104.1999969,147.3999939,11187,1,559.7000122,1.3,1.299999952,10/29/08,alive,M,1,17834,A,3.181038933
7346,7346,60353,1,quru,608,112.3000031,153.1000061,11193,1,396.7999878,1.3,1.299999952,10/29/08,alive,NA,1,17834,A,1.381395073
7351,7351,60358,1,caovl,608,100.0999985,147.3000031,11201,1,236.6000061,1.3,1.299999952,10/29/08,alive,NA,1,17834,A,0.356534455
7370,7370,60377,1,qual,609,102.6999969,168.8999939,11227,1,430.8999939,1.3,1.299999952,10/29/08,alive,NA,1,17834,A,1.913087835
7378,7378,60386,1,cagl,609,107.5999985,177.3999939,11235,1,262.3999939,1.3,1.299999952,10/29/08,alive,NA,1,17834,A,0.562997785
7413,7413,60426,1,fagr,612,102.5999985,223,11295,1,282.7000122,1.3,1.299999952,10/29/08,alive,NA,1,17834,A,0.579623378
7452,7452,60467,1,fagr,615,101.1999969,294.7000122,11344,1,153.6000061,1.3,1.299999952,10/29/08,alive,NA,1,17834,A,0.116853293
7471,7471,60486,1,fagr,616,106,315.7000122,11367,1,152.8000031,1.3,1.299999952,10/29/08,alive,NA,1,17834,A,0.115247403
7488,7488,60507,1,qual,610,111.5,199.5,11390,1,354.1000061,1.3,1.299999952,10/29/08,alive,M,1,17834,A,1.163651887
7502,7502,60522,1,quru,611,113.1999969,216.6999969,11414,1,285.2000122,1.3,1.299999952,10/29/08,alive,NA,1,17834,A,0.592989589
7529,7529,60549,1,quve,613,115.5999985,248.1000061,11452,1,395.1000061,1.3,1.299999952,10/29/08,alive,NA,1,17834,A,1.366470073
7530,7530,60550,1,quru,613,119.4000015,250,11453,1,514.5,1.3,1.299999952,10/29/08,alive,NA,1,17834,A,2.645234418
7586,7586,62007,1,quve,617,101.1999969,328.3999939,11519,1,354.2999878,1.3,1.299999952,7/25/08,alive,NA,1,17738,A,1.03584873
7598,7598,62019,1,quru,617,119,329.7999878,11531,1,695.5999756,1.3,1.299999952,7/25/08,alive,NA,1,17738,A,5.504765064
7678,7678,62100,1,cato,619,100.8000031,365.1000061,11619,1,119.5,1.3,1.299999952,7/28/08,alive,NA,1,17741,A,0.068594961
7726,7726,62148,1,qual,620,110.4000015,394.7999878,11669,1,349.1000061,1.3,1.299999952,7/28/08,alive,NA,1,17741,A,1.122154391
7825,7825,62248,1,litu,623,120,458.6000061,11775,1,215.1999969,1.3,1.299999952,7/28/08,alive,NA,1,17741,A,0.177818695
7858,7858,62281,1,quru,624,103.1999969,472.2999878,11809,1,769.7999878,1.3,1.299999952,7/28/08,alive,NA,1,17741,A,7.000583006
7945,7945,62369,1,cato,628,114,551.9000244,11898,1,296.1000061,1.3,1.299999952,7/28/08,alive,NA,1,17741,A,0.746724039
7948,7948,62372,1,quru,628,115.1999969,556.9000244,11901,1,510.7999878,1.3,1.299999952,7/28/08,alive,NA,1,17741,A,2.598471557
7949,7949,62373,1,qupr,628,114,552.4000244,11902,1,279.7000122,1.3,1.299999952,7/28/08,alive,NA,1,17741,A,0.55118571
8055,8055,70018,1,fagr,701,128.3999939,17,12010,1,199.1000061,1.3,1.299999952,10/31/08,alive,NA,1,17836,A,0.231917296
8097,8097,70065,1,cagl,703,125.8000031,48.5,12065,1,186.6999969,1.3,1.299999952,10/31/08,alive,NA,1,17836,A,0.230730313
8101,8101,70069,1,qual,703,124.9000015,51.40000153,12071,1,654.2999878,1.3,1.299999952,10/31/08,alive,NA,1,17836,A,5.347998038
8114,8114,70083,1,qupr,704,126.0999985,62.29999924,12086,1,541.0999756,1.3,1.299999952,10/31/08,alive,M,1,17836,A,2.927942215
8126,8126,70096,1,quru,704,123.3000031,72.69999695,12102,1,843.7999878,1.3,1.299999952,10/31/08,alive,NA,1,17836,A,8.678568577
8152,8152,70126,1,quru,705,129.3000031,92.5,12173,1,789.4000244,1.3,1.299999952,10/31/08,alive,NA,1,17836,A,7.427005756
8168,8168,70148,1,qupr,706,125.3000031,106.4000015,12212,1,104,1.3,1.299999952,10/31/08,alive,NA,1,17836,A,0.040570338
8172,8172,70152,1,cagl,706,121.3000031,108.5,12223,1,235.8999939,1.3,1.299999952,10/31/08,alive,NA,1,17836,A,0.426517641
8182,8182,70162,1,caovl,706,126,119.8000031,12255,1,451.7999878,1.3,1.299999952,10/31/08,alive,NA,1,17836,A,1.871990537
8199,8199,70180,1,fagr,707,133.1000061,137.3999939,12281,1,147,1.3,1.299999952,10/31/08,alive,NA,1,17836,A,0.104011019
8201,8201,70182,1,fagr,707,126.5,139.3999939,12283,1,193.6000061,1.3,1.299999952,10/31/08,alive,NA,1,17836,A,0.21542502
8217,8217,70198,1,qupr,708,124.9000015,157.6000061,12299,1,130.6000061,1.3,1.299999952,10/31/08,alive,NA,1,17836,A,0.074285838
8246,8246,70228,1,quve,702,135.6000061,30.29999924,12330,1,684.9000244,1.3,1.299999952,10/31/08,alive,M,1,17836,A,5.30458801
8273,8273,70256,1,cagl,703,140,50.40000153,12368,1,220,1.3,1.299999952,10/31/08,alive,NA,1,17836,A,0.355293037
8285,8285,70269,1,cagl,704,133.8999939,68.90000153,12381,1,410.8999939,1.3,1.299999952,10/31/08,alive,NA,1,17836,A,1.778199595
8316,8316,70308,1,qupr,705,139.6000061,97.09999847,12454,1,599.5,1.3,1.299999952,10/31/08,alive,NA,1,17836,A,3.761384127
8339,8339,70332,1,cagl,706,138.3999939,112.0999985,12517,1,237,1.3,1.299999952,10/31/08,alive,NA,1,17836,A,0.431736261
8341,8341,70334,1,qupr,706,135.6000061,119.5999985,12519,1,584.4000244,1.3,1.299999952,10/31/08,alive,NA,1,17836,A,3.534970051
8375,8375,70371,1,qual,708,137.3000031,153.6000061,12563,1,564,1.3,1.299999952,10/31/08,alive,NA,1,17836,A,3.729929433
8410,8410,70407,1,quru,709,126.0999985,165.3999939,12608,1,672,1.3,1.299999952,10/31/08,alive,NA,1,17836,A,5.068468063
8424,8424,70421,1,quru,709,128.8000031,179.5,12631,1,575.2000122,1.3,1.299999952,10/31/08,alive,NA,1,17836,A,3.478720918
8436,8436,70433,1,litu,710,131.3999939,193.8000031,12645,1,691.5,1.3,1.299999952,10/31/08,alive,NA,1,17836,A,3.392248945
8447,8447,70444,1,qupr,711,129.1999969,206.3999939,12661,1,265.8999939,1.3,1.299999952,10/31/08,alive,NA,1,17836,A,0.483356925
8472,8472,70469,1,litu,712,132.3999939,237,12690,1,131,1.3,1.299999952,10/31/08,alive,NA,1,17836,A,0.047880197
8474,8474,70471,1,qual,712,136.5,237.1000061,12692,1,343.3999939,1.3,1.299999952,10/31/08,alive,NA,1,17836,A,1.075910321
8504,8504,70502,1,quru,710,137.8000031,180.3999939,12730,1,555.5,1.3,1.299999952,10/31/08,alive,M,1,17836,A,3.194471553
8520,8520,70519,1,qual,711,135.5,203.3000031,12753,1,334.3999939,1.3,1.299999952,10/31/08,alive,NA,1,17836,A,1.005186033
8536,8536,70535,1,qual,711,135.1999969,215.8999939,12775,1,382.2999878,1.3,1.299999952,10/31/08,alive,NA,1,17836,A,1.414197174
8537,8537,70536,1,qual,711,131.8999939,207.3999939,12776,1,564.5,1.3,1.299999952,10/31/08,alive,NA,1,17836,A,3.738024528
8559,8559,70559,1,qual,712,139.6999969,233.3000031,12802,1,585.0999756,1.3,1.299999952,10/31/08,alive,NA,1,17836,A,4.079892147
8598,8598,70599,1,fram,715,139.8000031,283.7999878,12845,1,88.69999695,1.3,1.299999952,10/31/08,alive,NA,1,17836,A,0.02672275
8600,8600,70601,1,qual,715,138.8999939,286.3999939,12847,1,161.6000061,1.3,1.299999952,10/31/08,alive,NA,1,17836,A,0.150381897
8601,8601,70602,1,qual,715,138.3999939,286.7000122,12848,1,269.2000122,1.3,1.299999952,10/31/08,alive,M,1,17836,A,0.574355964
8620,8620,70622,1,caco,716,134.3000031,316.8999939,12869,1,307.8999939,1.3,1.299999952,10/31/08,alive,M,1,17836,A,0.774309985
8624,8624,70626,1,cagl,716,131.1000061,311.2999878,12874,1,149.3000031,1.3,1.299999952,10/31/08,alive,NA,1,17836,A,0.127735756
8785,8785,72140,1,quru,720,129.3999939,388.2999878,13054,1,488.7000122,1.3,1.299999952,7/21/08,alive,NA,1,17734,A,2.328769058
8855,8855,72212,1,litu,721,129.8000031,420,13124,1,195.1999969,1.3,1.299999952,7/21/08,alive,NA,1,17734,A,0.137591619
8875,8875,72232,1,qual,722,134.5,432.6000061,13144,1,711.4000244,1.3,1.299999952,7/21/08,lost_stem,"M,lost",1,17734,A,6.53346511
8985,8985,72345,1,litu,727,135.1000061,523.5999756,13259,1,194,1.3,1.299999952,7/21/08,alive,NA,1,17734,A,0.135374731
9001,9001,72361,1,qupr,728,121.0999985,545,13276,1,323.8999939,1.3,1.299999952,7/21/08,alive,NA,1,17734,A,0.804833101
9035,9035,72396,1,quru,729,138.6000061,578.2000122,13310,1,743.0999756,1.3,1.299999952,7/24/08,alive,NA,1,17737,A,6.440695888
9063,9063,72424,1,juni,730,127,599.5,13338,1,599,1.3,1.299999952,7/24/08,alive,NA,1,17737,A,3.496976984
9096,9096,72458,1,pist,732,124.1999969,633,13372,1,279.1000061,1.3,1.299999952,7/24/08,alive,NA,1,17737,A,0.340420085
9147,9147,80046,1,quve,802,151.8000031,37.70000076,13428,1,592.7999878,1.3,1.299999952,10/31/08,alive,NA,1,17836,A,3.743883394
9156,9156,80056,1,quve,802,159,30.70000076,13437,1,459.7999878,1.3,1.299999952,10/31/08,alive,NA,1,17836,A,2.00078316
9187,9187,80089,1,qual,804,146.8999939,60,13481,1,512.0999756,1.3,1.299999952,10/31/08,alive,M,1,17836,A,2.941704955
9237,9237,80148,1,quve,803,156.1999969,40.5,13535,1,727.5,1.3,1.299999952,10/31/08,alive,NA,1,17836,A,6.124814742
9245,9245,80156,1,quve,803,158,45.90000153,13544,1,345.1000061,1.3,1.299999952,10/31/08,alive,NA,1,17836,A,0.968519343
9248,9248,80159,1,quve,803,154,48.29999924,13548,1,265.8999939,1.3,1.299999952,10/31/08,alive,NA,1,17836,A,0.494437625
9315,9315,80230,1,qupr,805,149,86.90000153,13650,1,346.6000061,1.3,1.299999952,11/4/08,alive,NA,1,17840,A,0.95737083
9318,9318,80233,1,quru,805,152.6000061,83.69999695,13660,1,713.0999756,1.3,1.299999952,11/4/08,alive,NA,1,17840,A,5.840607881
9320,9320,80235,1,quru,805,153.6999969,89.40000153,13662,1,776.7000122,1.3,1.299999952,11/4/08,alive,NA,1,17840,A,7.149215015
9332,9332,80248,1,litu,805,157.6000061,88.69999695,13677,1,132.6999969,1.3,1.299999952,11/4/08,alive,NA,1,17840,A,0.049547636
9364,9364,80282,1,litu,806,147.1000061,109.3000031,13723,1,260.7999878,1.3,1.299999952,11/4/08,alive,NA,1,17840,A,0.293847133
9370,9370,80288,1,cagl,806,148.8000031,100.1999969,13733,1,320.6000061,1.3,1.299999952,11/4/08,alive,NA,1,17840,A,0.945104031
9383,9383,80301,1,cagl,804,140.1000061,78,13755,1,152.1999969,1.3,1.299999952,10/31/08,alive,NA,1,17836,A,0.134418371
9397,9397,80316,1,quru,806,150.3999939,114.1999969,13777,1,784.2000122,1.3,1.299999952,11/4/08,alive,NA,1,17840,A,7.312603458
9410,9410,80330,1,quru,806,156.8999939,113.8000031,13795,1,498.7000122,1.3,1.299999952,11/4/08,alive,NA,1,17840,A,2.448770237
9449,9449,80371,1,qual,807,158.6999969,128.3000031,13847,1,306.2000122,1.3,1.299999952,11/4/08,alive,NA,1,17840,A,0.801507251
9474,9474,80398,1,caco,807,140.1999969,139.6999969,13887,1,194.6999969,1.3,1.299999952,11/4/08,alive,NA,1,17840,A,0.234283291
9478,9478,80402,1,qupr,807,147.3999939,136.6000061,13891,1,384.7999878,1.3,1.299999952,11/4/08,alive,NA,1,17840,A,1.249379886
9513,9513,80437,1,qupr,808,153.5,146.8000031,13929,1,259.2999878,1.3,1.299999952,11/4/08,alive,NA,1,17840,A,0.452772214
9527,9527,80451,1,qual,808,140.1999969,151.8999939,13955,1,531.4000244,1.3,1.299999952,11/4/08,alive,NA,1,17840,A,3.222805045
9534,9534,80458,1,qupr,808,149,153.3000031,13966,1,655.2999878,1.3,1.299999952,11/4/08,alive,NA,1,17840,A,4.664341284
9541,9541,80465,1,qupr,808,152.8000031,157,13974,1,127.0999985,1.3,1.299999952,11/4/08,alive,NA,1,17840,A,0.069115924
9555,9555,80479,1,cato,809,151.6000061,163.5,13994,1,186,1.3,1.299999952,11/4/08,alive,NA,1,17840,A,0.22153259
9557,9557,80481,1,fram,809,147,165,13996,1,91.69999695,1.3,1.299999952,11/4/08,alive,NA,1,17840,A,0.029185903
9567,9567,80491,1,quru,809,145.1999969,177.6999969,14009,1,1366.199951,1.3,1.299999952,11/4/08,alive,I,1,17840,A,25.52681092
9579,9579,80503,1,caovl,809,152.6999969,177.8999939,14024,1,255.6000061,1.3,1.299999952,11/4/08,alive,NA,1,17840,A,0.4361449
9616,9616,80540,1,qual,813,147.8999939,248.6999969,14063,1,167.8000031,1.3,1.299999952,11/4/08,alive,NA,1,17840,A,0.166135512
9630,9630,80554,1,caovl,813,146.8999939,251.1999969,14078,1,456.7999878,1.3,1.299999952,11/4/08,alive,NA,1,17840,A,1.924218496
9651,9651,80576,1,quve,815,143.5,288,14116,1,549.2000122,1.3,1.299999952,11/4/08,alive,NA,1,17840,A,3.106362456
9697,9697,80625,1,cagl,810,156,199.6999969,14172,1,376,1.3,1.299999952,11/4/08,alive,NA,1,17840,A,1.420336229
9712,9712,80640,1,caovl,811,140.6999969,214.3999939,14189,1,548.9000244,1.3,1.299999952,11/4/08,alive,NA,1,17840,A,3.032678126
9713,9713,80641,1,litu,811,141.3999939,216.5,14190,1,101.8000031,1.3,1.299999952,11/4/08,alive,NA,1,17840,A,0.024506383
9735,9735,80663,1,qupr,812,149.6999969,227.3000031,14213,1,138.8999939,1.3,1.299999952,11/4/08,alive,NA,1,17840,A,0.087485842
9764,9764,80694,1,juni,816,144.3999939,304.2999878,14245,1,345.8999939,1.3,1.299999952,11/4/08,alive,NA,1,17840,A,0.887281525
9780,9780,80711,1,litu,810,155.8999939,188.1999969,14270,1,516.4000244,1.3,1.299999952,11/4/08,alive,NA,1,17840,A,1.668392361
9787,9787,80719,1,litu,810,158,194.8000031,14277,1,200.5,1.3,1.299999952,11/4/08,alive,NA,1,17840,A,0.147646087
9813,9813,80745,1,qual,812,151.8999939,229,14307,1,600.5999756,1.2,1.200000048,11/4/08,alive,A,1,17840,A,4.347886949
9814,9814,80746,1,litu,812,152.3000031,231.8999939,14308,1,215.8000031,1.3,1.299999952,11/4/08,alive,NA,1,17840,A,0.179122785
9906,9906,82058,1,qual,818,141.6999969,348.6000061,14423,1,200,1.3,1.299999952,6/30/08,alive,NA,1,17713,A,0.264022424
9907,9907,82059,1,quve,818,140.8999939,346.6000061,14424,1,160,1.3,1.299999952,6/30/08,alive,NA,1,17713,A,0.130197292
9962,9962,82115,1,quru,819,154.8000031,378.5,14479,1,177.8000031,1.3,1.299999952,6/30/08,alive,NA,1,17713,A,0.172091594
9967,9967,82120,1,quve,819,148.3999939,378.2000122,14484,1,246,1.3,1.299999952,6/30/08,alive,NA,1,17713,A,0.403770748
9984,9984,82138,1,quru,820,141.1000061,382.7000122,14502,1,586.7999878,1.3,1.299999952,6/30/08,alive,NA,1,17713,A,3.652296618
10060,10060,82218,1,litu,822,159.3000031,436,14579,1,613.9000244,1.3,1.299999952,6/30/08,alive,M,1,17713,A,2.547346648
10070,10070,82228,1,quru,823,156.6000061,441.6000061,14590,1,549.7000122,1.3,1.299999952,6/30/08,alive,NA,1,17713,A,3.113305875
10081,10081,82239,1,litu,823,146.3999939,458.7000122,14603,1,355.6000061,1.3,1.299999952,6/30/08,alive,NA,1,17713,A,0.653484281
10156,10156,82317,1,litu,827,143.6000061,522.0999756,14680,1,145,1.3,1.299999952,6/30/08,alive,NA,1,17713,A,0.06268761
10206,10206,82368,1,litu,829,156.8000031,563.4000244,14732,1,975.5,1.3,1.299999952,6/30/08,alive,M,1,17713,A,7.572986205
10219,10219,82381,1,litu,829,140.3000031,576,14748,1,135.5,1.3,1.299999952,6/30/08,alive,NA,1,17713,A,0.052371632
10241,10241,82403,1,litu,830,144.6000061,599.7000122,14770,1,190.1000061,1.3,1.299999952,6/30/08,alive,NA,1,17713,A,0.128320423
10256,10256,82418,1,quve,831,141.8999939,610.5999756,14785,1,315.8999939,1.3,1.299999952,6/30/08,alive,NA,1,17713,A,0.772026664
10272,10272,82434,1,quve,832,146,635.5999756,14802,1,805.9000244,1.3,1.299999952,6/30/08,alive,NA,1,17713,A,7.796071354
10331,10331,90062,1,fagr,902,164.6999969,29,14866,1,216.8000031,1.3,1.299999952,11/4/08,alive,NA,1,17840,A,0.290094473
10351,10351,90084,1,quve,902,176.1999969,39.29999924,14886,1,1092.099976,1.3,1.299999952,11/4/08,alive,NA,1,17840,A,15.63025477
10370,10370,90104,1,quve,902,171.6999969,31.79999924,14910,1,493.8999939,1.3,1.299999952,11/4/08,alive,NA,1,17840,A,2.390750096
10386,10386,90121,1,fagr,903,162.1999969,49.29999924,14929,1,216.5,1.3,1.299999952,11/4/08,alive,NA,1,17840,A,0.289042367
10395,10395,90130,1,qual,903,170.6000061,51.5,14939,1,158,1.3,1.299999952,11/4/08,alive,NA,1,17840,A,0.141673269
10529,10529,90273,1,qual,903,173.6000061,46.20000076,15088,1,164.5,1.3,1.299999952,11/4/08,alive,NA,1,17840,A,0.157630651
10532,10532,90276,1,fagr,903,174.5,47.09999847,15091,1,242.8999939,1.3,1.299999952,11/4/08,alive,NA,1,17840,A,0.390624892
10534,10534,90278,1,fagr,903,178.1999969,52,15094,1,161,1.3,1.299999952,11/4/08,alive,NA,1,17840,A,0.132362879
10538,10538,90283,1,qual,903,177.1000061,58.79999924,15098,1,462,1.3,1.299999952,11/4/08,alive,NA,1,17840,A,2.277868546
10540,10540,90285,1,litu,904,179.1999969,60.09999847,15100,1,179.5,1.3,1.299999952,11/4/08,alive,NA,1,17840,A,0.110294457
10542,10542,90287,1,litu,904,179.3999939,64.90000153,15103,1,493.1000061,1.3,1.299999952,11/4/08,alive,NA,1,17840,A,1.488222224
10622,10622,90369,1,litu,905,172.6000061,94.59999847,15201,1,122.6999969,1.3,1.299999952,11/4/08,alive,NA,1,17840,A,0.04024057
10768,10768,90522,1,cagl,910,170.8000031,187.1999969,15378,1,324.1000061,1.3,1.299999952,11/5/08,alive,NA,1,17841,A,0.971837872
10775,10775,90529,1,quru,910,172.6999969,198.5,15386,1,304.8999939,1.3,1.299999952,11/5/08,alive,NA,1,17841,A,0.704679159
10788,10788,90542,1,cagl,911,173.8999939,212.3999939,15402,1,376.3999939,1.2,1.200000048,11/5/08,alive,A,1,17841,A,1.424177994
10792,10792,90546,1,qual,911,176.1000061,219.6999969,15406,1,639.7999878,1.3,1.299999952,11/5/08,alive,NA,1,17841,A,5.066983767
10798,10798,90552,1,caovl,912,179.1000061,226.6000061,15412,1,402.7000122,1.3,1.299999952,11/5/08,alive,NA,1,17841,A,1.401780502
10804,10804,90558,1,qual,912,177.8999939,232.8999939,15418,1,401.8999939,1.3,1.299999952,11/5/08,alive,NA,1,17841,A,1.605069337
10813,10813,90567,1,fagr,912,170.3000031,232.3000031,15427,1,155.6999969,1.3,1.299999952,11/5/08,alive,NA,1,17841,A,0.121134056
10823,10823,90577,1,quve,913,175.6000061,248.1999969,15438,1,629.9000244,1.3,1.299999952,11/5/08,alive,NA,1,17841,A,4.337582911
10852,10852,90607,1,litu,910,165.3999939,187.3000031,15476,1,150.8000031,1.3,1.299999952,11/5/08,alive,NA,1,17841,A,0.069557757
10861,10861,90616,1,fagr,910,160.1999969,193.8000031,15485,1,209.6999969,1.3,1.299999952,11/5/08,alive,M,1,17841,A,0.265810642
10876,10876,90631,1,quve,911,161.5,213.8999939,15505,1,162.8999939,1.3,1.299999952,11/5/08,alive,NA,1,17841,A,0.136538139
10878,10878,90634,1,quve,911,163.6000061,217.6000061,15507,1,379.1000061,1.3,1.299999952,11/5/08,alive,NA,1,17841,A,1.230529419
10883,10883,90639,1,cato,912,165.6000061,225.6000061,15512,1,133.1000061,1.3,1.299999952,11/5/08,alive,NA,1,17841,A,0.091328257
10889,10889,90645,1,litu,912,161.1999969,224.5,15518,1,155.1999969,1.3,1.299999952,11/5/08,alive,NA,1,17841,A,0.075066384
10894,10894,90650,1,quve,912,160.6000061,232.3000031,15524,1,705.2999878,1.3,1.299999952,11/5/08,alive,NA,1,17841,A,5.689623471
10897,10897,90653,1,qupr,912,163.6000061,236,15527,1,422.6000061,1.3,1.299999952,11/5/08,alive,NA,1,17841,A,1.583073158
10902,10902,90658,1,fagr,913,160.3000031,245.3999939,15532,1,220.8000031,1.3,1.299999952,11/5/08,alive,NA,1,17841,A,0.304343598
10955,10955,90716,1,frni,916,167.6000061,308.2000122,15608,1,355.7000122,1.3,1.299999952,11/5/08,alive,B,1,17841,A,1.022876333
10957,10957,90718,1,frni,916,169,311.2999878,15610,1,107.4000015,1.3,1.299999952,11/5/08,alive,NA,1,17841,A,0.044188393
10963,10963,90752,1,qual,916,172.3999939,307.3999939,15616,1,484.7000122,1.3,1.299999952,11/5/08,alive,NA,1,17841,A,2.566922123
10969,10969,90759,1,frni,916,169.5,314.8999939,15623,1,89.90000153,1.2,1.200000048,11/5/08,alive,A,1,17841,A,0.027563251
10975,10975,91302,1,caovl,906,174.1999969,105.6999969,15631,1,603.2000122,1.3,1.299999952,11/4/08,alive,NA,1,17840,A,3.818027482
10993,10993,91321,1,cagl,907,169.1999969,123.5999985,15658,1,345.7000122,1.3,1.299999952,11/5/08,alive,NA,1,17841,A,1.146550261
10999,10999,91327,1,cagl,907,161,125.3000031,15665,1,398.7000122,1.3,1.299999952,11/5/08,alive,NA,1,17841,A,1.64786239
11004,11004,91332,1,caovl,907,169.8000031,129,15673,1,477.8999939,1.3,1.299999952,11/5/08,alive,NA,1,17841,A,2.153566086
11045,11045,91377,1,litu,908,165.6000061,158.3999939,15730,1,369.7000122,1.3,1.299999952,11/5/08,alive,NA,1,17841,A,0.721537986
11053,11053,91385,1,caovl,909,168,169.6000061,15740,1,420.7999878,1.3,1.299999952,11/5/08,alive,NA,1,17841,A,1.566157105
11059,11059,91391,1,cato,909,164,174.3000031,15748,1,444.1000061,1.3,1.299999952,11/5/08,alive,NA,1,17841,A,2.096282951
11153,11153,91487,1,cagl,908,174,151.8000031,15862,1,345,1.3,1.299999952,11/5/08,alive,NA,1,17841,A,1.140623618
11157,11157,91491,1,litu,908,174.5,154.6000061,15866,1,125.0999985,1.3,1.299999952,11/5/08,alive,NA,1,17841,A,0.042365092
11159,11159,91493,1,quve,908,178,157.6000061,15868,1,319,1.3,1.299999952,11/5/08,alive,NA,1,17841,A,0.791660002
11165,11165,91499,1,quve,909,172.3000031,162.3999939,15874,1,302.7999878,1.3,1.299999952,11/5/08,alive,NA,1,17841,A,0.692230664
11210,11210,92046,1,qual,918,169.3000031,340.7999878,15925,1,560,1.3,1.299999952,6/30/08,alive,NA,1,17713,A,3.665514084
11346,11346,92183,1,cagl,921,177.3000031,401,16067,1,130.6000061,1.3,1.299999952,7/8/08,alive,NA,1,17721,A,0.08955823
11410,11410,92250,1,quru,922,166.1999969,434.7999878,16131,1,298.2000122,1.3,1.299999952,7/8/08,alive,NA,1,17721,A,0.665417536
11510,11510,92360,1,litu,924,179,466.5,16237,1,103.9000015,1.3,1.299999952,7/8/08,alive,NA,1,17721,A,0.025871577
11536,11536,92389,1,litu,925,162.8999939,483.8999939,16263,1,260.7999878,1.3,1.299999952,6/30/08,alive,NA,1,17713,A,0.293847133
11586,11586,92442,1,litu,926,160.8000031,513.4000244,16317,1,191.1000061,1.3,1.299999952,6/30/08,alive,NA,1,17713,A,0.130107346
11630,11630,92486,1,litu,928,170.3000031,558.0999756,16363,1,180.3999939,1.3,1.299999952,6/30/08,alive,NA,1,17713,A,0.111760605
11637,11637,92493,1,litu,928,162.3999939,555.4000244,16370,1,187.3000031,1.3,1.299999952,6/30/08,alive,NA,1,17713,A,0.123396816
11645,11645,92501,1,litu,929,178.1000061,563.2999878,16378,1,186.6999969,1.3,1.299999952,6/30/08,alive,NA,1,17713,A,0.122356984
11705,11705,92562,1,fagr,932,175.1999969,636.9000244,16441,1,146.8999939,1.3,1.299999952,6/30/08,alive,NA,1,17713,A,0.103823486
12202,12202,100540,1,quru,1004,191.1000061,68.30000305,17067,1,447.2000122,1.3,1.299999952,11/5/08,alive,NA,1,17841,A,1.866484641
12213,12213,100551,1,quve,1004,196.6000061,71.30000305,17081,1,400.8999939,1.3,1.299999952,11/5/08,alive,NA,1,17841,A,1.417773429
12214,12214,100552,1,quru,1004,193.8000031,72,17082,1,443.3999939,1.3,1.299999952,11/5/08,alive,NA,1,17841,A,1.827012012
12332,12332,100680,1,cagl,1004,181.6000061,61,17236,1,277.7999878,1.3,1.299999952,11/5/08,alive,NA,1,17841,A,0.652865844
12422,12422,100771,1,quru,1005,188.5,97,17367,1,876.5,1.3,1.299999952,11/6/08,alive,NA,1,17842,A,9.478688632
12565,12565,100942,1,qupr,1009,196.1999969,167.3999939,17566,1,274.7000122,1.3,1.299999952,11/6/08,alive,NA,1,17842,A,0.525999145
12579,12579,100956,1,fagr,1010,191.6999969,181.3000031,17580,1,158,1.3,1.299999952,11/6/08,alive,NA,1,17842,A,0.125931794
12584,12584,100961,1,cagl,1010,198.3000031,194.1999969,17585,1,224.5,1.1,1.100000024,11/6/08,alive,A,1,17842,A,0.374659014
12586,12586,100963,1,caovl,1010,191.1000061,194.6999969,17587,1,182.3999939,1.3,1.299999952,11/6/08,alive,NA,1,17842,A,0.179972111
12597,12597,100974,1,cagl,1011,198.3000031,204.3000031,17598,1,168.5,1.3,1.299999952,11/6/08,alive,NA,1,17842,A,0.175973705
12613,12613,100990,1,qual,1011,185.5,211.5,17617,1,613.0999756,1.3,1.299999952,11/6/08,alive,NA,1,17842,A,4.570754453
12619,12619,100997,1,litu,1012,190.1000061,225.8000031,17624,1,123.5999985,1.3,1.299999952,11/6/08,alive,NA,1,17842,A,0.041029303
12695,12695,101075,1,qupr,1008,183,153.1000061,17736,1,352.1000061,1.3,1.299999952,11/6/08,alive,NA,1,17842,A,0.996661427
12712,12712,101092,1,caco,1009,184.6999969,164.6999969,17755,1,107,1.3,1.299999952,11/6/08,alive,NA,1,17842,A,0.047952517
12720,12720,101100,1,fagr,1010,181.1000061,180.5,17765,1,154.8000031,1.3,1.299999952,11/6/08,alive,I,1,17842,A,0.119287833
12740,12740,101121,1,qupr,1011,180,216.6999969,17789,1,112.1999969,1.3,1.299999952,11/6/08,alive,NA,1,17842,A,0.049629672
12742,12742,101123,1,quve,1012,184.8000031,221.1999969,17791,1,377.2999878,1.3,1.299999952,11/6/08,alive,NA,1,17842,A,1.21574633
12755,12755,101136,1,quru,1012,184,234.1000061,17804,1,179.8000031,1.3,1.299999952,11/6/08,alive,NA,1,17842,A,0.177250988
12769,12769,101150,1,fagr,1013,193.6000061,242.3999939,17818,1,115.8000031,1.3,1.299999952,11/6/08,alive,NA,1,17842,A,0.055209941
12778,12778,101159,1,cagl,1013,183.1999969,246.8000031,17830,1,223.8000031,1.3,1.299999952,11/6/08,alive,NA,1,17842,A,0.371605818
12830,12830,101212,1,qual,1012,190.3000031,235.1000061,17894,1,694.2999878,1.3,1.299999952,11/6/08,alive,NA,1,17842,A,6.165264718
12833,12833,101215,1,quve,1013,199,253.5,17897,1,751,1.3,1.299999952,11/6/08,alive,NA,1,17842,A,6.603827757
12876,12876,101259,1,fram,1015,192.3999939,297.6000061,17949,1,436.8999939,1.2,1.200000048,11/6/08,alive,A,1,17842,A,1.72915729
12905,12905,101292,1,fram,1016,195,309.3999939,17983,1,550,1.3,1.299999952,11/6/08,alive,NA,1,17842,A,3.061806631
12939,12939,102001,1,frni,1017,186,323.7000122,18019,1,278.7999878,1.3,1.299999952,6/30/08,alive,NA,1,17713,A,0.546600446
13095,13095,102157,1,fagr,1020,200,382.2000122,18186,1,222.1000061,1.3,1.299999952,6/27/08,alive,NA,1,17710,A,0.309063533
13175,13175,102238,1,quve,1022,181,421,18267,1,740.2000122,1.3,1.299999952,6/30/08,alive,NA,1,17713,A,6.381346766
13208,13208,102271,1,qual,1023,193,442.5,18301,1,723,1.3,1.299999952,6/30/08,alive,NA,1,17713,A,6.789643877
13209,13209,102273,1,pist,1023,193.8000031,440.7000122,18302,1,219.1999969,1.3,1.299999952,6/30/08,alive,M,1,17713,A,0.181289487
13215,13215,102279,1,pist,1023,194.6999969,451.7999878,18309,1,331,1.3,1.299999952,6/30/08,alive,NA,1,17713,A,0.528454127
13307,13307,102371,1,qual,1026,181.6000061,506.6000061,18402,1,767.2999878,1.3,1.299999952,6/30/08,alive,NA,1,17713,A,7.815521358
13348,13348,102412,1,litu,1027,196.1999969,533.0999756,18444,1,557,1.3,1.299999952,6/30/08,alive,NA,1,17713,A,2.009780782
13389,13389,102453,1,fram,1029,199.3000031,577.7000122,18490,1,218.5,1.3,1.299999952,6/30/08,alive,NA,1,17713,A,0.290812488
13406,13406,102470,1,litu,1030,181.3000031,583.2999878,18509,1,234.5,1.3,1.299999952,6/30/08,alive,NA,1,17713,A,0.222690591
13565,13565,110128,1,litu,1101,212.6999969,18,18696,1,713.4000244,1.3,1.299999952,11/7/08,alive,NA,1,17843,A,3.654035936
13756,13756,110331,1,quru,1102,201.8000031,28.70000076,18939,1,220.6000061,1.3,1.299999952,11/7/08,alive,NA,1,17843,A,0.303621351
13802,13802,110379,1,litu,1102,206.1000061,37.20000076,19011,1,752,1.3,1.299999952,11/7/08,alive,NA,1,17843,A,4.140393067
14101,14101,110727,1,quru,1103,206.8000031,55.59999847,19425,1,197.5,1.3,1.299999952,11/7/08,alive,NA,1,17843,A,0.22704322
14158,14158,110791,1,litu,1104,211.3000031,70,19501,1,634.5999756,1.3,1.299999952,11/11/08,alive,NA,1,17847,A,2.760101531
14162,14162,110795,1,fagr,1104,209.5,76.40000153,19506,1,169.1000061,1.3,1.299999952,11/11/08,alive,NA,1,17847,A,0.150721276
14164,14164,110797,1,fagr,1104,213.1000061,78,19508,1,195.3999939,1.3,1.299999952,11/11/08,alive,NA,1,17847,A,0.220741161
14165,14165,110798,1,litu,1104,216,75.5,19509,1,683.5999756,1.3,1.299999952,11/11/08,alive,NA,1,17847,A,3.300333543
14178,14178,110811,1,quru,1104,201.3999939,76.80000305,19528,1,583.4000244,1.3,1.299999952,11/11/08,alive,I,1,17847,A,3.600944752
14186,14186,110819,1,quve,1105,205,88.09999847,19536,1,710.2000122,1.3,1.299999952,11/11/08,alive,NA,1,17847,A,5.784230206
14235,14235,110870,1,qual,1106,204.1000061,102.4000015,19597,1,205,1.3,1.299999952,11/11/08,alive,NA,1,17847,A,0.281741267
14263,14263,110899,1,litu,1107,204.3999939,122.5,19636,1,133.8999939,1.3,1.299999952,11/11/08,alive,NA,1,17847,A,0.050746037
14266,14266,110902,1,litu,1105,214.8000031,82.69999695,19639,1,130.8999939,1.3,1.299999952,11/11/08,alive,NA,1,17847,A,0.047783208
14277,14277,110914,1,litu,1105,211,90.5,19659,1,543.9000244,1.3,1.299999952,11/11/08,alive,NA,1,17847,A,1.895803415
14281,14281,110920,1,quve,1105,219.1000061,96.5,19664,1,777,1.3,1.299999952,11/11/08,alive,NA,1,17847,A,7.155713653
14309,14309,110950,1,litu,1106,219.3000031,104,19713,1,282.7999878,1.3,1.299999952,11/11/08,alive,NA,1,17847,A,0.362596524
14311,14311,110952,1,litu,1106,217.5,107.5999985,19715,1,102.4000015,1.3,1.299999952,11/11/08,alive,NA,1,17847,A,0.024891713
14365,14365,111014,1,litu,1107,213.8999939,132.1999969,19780,1,549.9000244,1.3,1.299999952,11/11/08,alive,NA,1,17847,A,1.947553622
14380,14380,111030,1,litu,1107,215.1000061,139.8999939,19796,1,581.5,1.3,1.299999952,11/11/08,alive,NA,1,17847,A,2.232762284
14383,14383,111033,1,litu,1107,208.6000061,138.8000031,19800,1,128.8000031,1.3,1.299999952,11/11/08,alive,NA,1,17847,A,0.045774659
14400,14400,111051,1,litu,1108,216.8999939,155.5,19822,1,461,1.3,1.299999952,11/11/08,alive,NA,1,17847,A,1.258655084
14430,14430,111081,1,caovl,1110,215.6000061,185,19853,1,429.6000061,1.3,1.299999952,11/11/08,alive,NA,1,17847,A,1.64984051
14443,14443,111094,1,cagl,1110,210.1000061,196.8999939,19866,1,343.7999878,1.3,1.299999952,11/11/08,alive,NA,1,17847,A,1.130505221
14481,14481,111134,1,litu,1108,200.3999939,148.3000031,19921,1,550.4000244,1.3,1.299999952,11/11/08,alive,NA,1,17847,A,1.951900707
14510,14510,111163,1,quve,1109,202.6999969,172.3999939,19957,1,493.7999878,1.3,1.299999952,11/11/08,alive,NA,1,17847,A,2.389549511
14513,14513,111166,1,litu,1110,205.1000061,182.6999969,19960,1,226.8000031,1.3,1.299999952,11/11/08,alive,NA,1,17847,A,0.204059089
14518,14518,111171,1,fagr,1110,206.8000031,198.5,19965,1,113.5999985,1.3,1.299999952,11/11/08,alive,NA,1,17847,A,0.052467445
14519,14519,111172,1,qupr,1110,208.5,198.6999969,19966,1,313,1.3,1.299999952,11/11/08,alive,NA,1,17847,A,0.737025112
14520,14520,111173,1,qupr,1111,202.5,200.8999939,19967,1,209.3999939,1.3,1.299999952,11/11/08,alive,NA,1,17847,A,0.258878078
14537,14537,111190,1,caco,1112,207.3999939,228,19985,1,338.2999878,1.3,1.299999952,11/11/08,alive,NA,1,17847,A,0.986180646
14542,14542,111195,1,qual,1113,201.1999969,242.6999969,19990,1,113,1.3,1.299999952,11/11/08,alive,NA,1,17847,A,0.058201401
14543,14543,111196,1,qupr,1113,203.8000031,244.6999969,19991,1,461.7999878,1.3,1.299999952,11/11/08,alive,F,1,17847,A,1.977256905
14555,14555,111208,1,fagr,1112,212.1999969,222.3999939,20003,1,246.3999939,1.3,1.299999952,11/11/08,alive,NA,1,17847,A,0.405485949
14558,14558,111212,1,cagl,1112,212,229.8999939,20006,1,153,1.3,1.299999952,11/11/08,alive,NA,1,17847,A,0.136298939
14573,14573,111227,1,cato,1113,215.5,247.3000031,20021,1,172.8000031,1.3,1.299999952,11/11/08,alive,NA,1,17847,A,0.182397792
14586,14586,111240,1,qupr,1113,208.5,258.7000122,20035,1,267.6000061,1.3,1.299999952,11/11/08,alive,NA,1,17847,A,0.491428074
14598,14598,111252,1,quru,1114,210.8999939,270,20047,1,317,1.3,1.299999952,11/11/08,alive,NA,1,17847,A,0.778960314
14633,14633,111290,1,fram,1116,217.3999939,308.2999878,20092,1,379.3999939,1.3,1.299999952,11/11/08,alive,NA,1,17847,A,1.210985227
14656,14656,111314,1,quru,1114,201.3999939,271.3999939,20118,1,694.2000122,1.3,1.299999952,11/11/08,alive,NA,1,17847,A,5.47835124
14809,14809,112082,1,quru,1118,202.3999939,340.8999939,20320,1,324.1000061,1.3,1.299999952,11/14/08,alive,NA,1,17850,A,0.82458971
14862,14862,112136,1,pist,1120,213.8999939,382.5,20381,1,262.2000122,1.3,1.299999952,11/14/08,alive,NA,1,17850,A,0.289454637
14868,14868,112142,1,qual,1120,216,383.5,20387,1,367.1000061,1.3,1.299999952,11/14/08,alive,NA,1,17850,A,1.275652321
14871,14871,112145,1,pist,1120,218.5,389.1000061,20390,1,239.3999939,1.3,1.299999952,11/14/08,alive,NA,1,17850,A,0.228343313
14894,14894,112170,1,pist,1121,204.3999939,401.7999878,20413,1,324.7000122,1.3,1.299999952,11/14/08,alive,NA,1,17850,A,0.503027261
14903,14903,112180,1,pist,1121,210.1000061,408.2999878,20422,1,188.6000061,1.3,1.299999952,11/14/08,alive,NA,1,17850,A,0.12207767
14927,14927,112206,1,quve,1121,216,419.8999939,20447,1,521.4000244,1.3,1.299999952,11/14/08,alive,NA,1,17850,A,2.733677096
14936,14936,112215,1,pist,1122,216.1999969,421.1000061,20456,1,157.6000061,1.3,1.299999952,11/14/08,alive,NA,1,17850,A,0.075946999
14973,14973,112256,1,cagl,1122,210.8000031,439.6000061,20493,1,103.8000031,1.3,1.299999952,11/14/08,alive,NA,1,17850,A,0.04866183
14975,14975,112258,1,pist,1123,200.6000061,440.5,20495,1,157.8999939,1.3,1.299999952,11/14/08,alive,NA,1,17850,A,0.076330484
15039,15039,112323,1,juni,1125,216.1000061,487.2999878,20562,1,603,1.3,1.299999952,11/14/08,alive,NA,1,17850,A,3.553980141
15051,15051,112336,1,qual,1125,217,493.7999878,20576,1,505.8999939,1.3,1.299999952,11/14/08,alive,NA,1,17850,A,2.85441072
15131,15131,112421,1,litu,1128,205.1999969,556.5,20657,1,209.3999939,1.3,1.299999952,11/14/08,alive,NA,1,17850,A,0.16550795
15150,15150,112440,1,quve,1130,205.3999939,583.0999756,20676,1,636.7999878,1.3,1.299999952,11/14/08,alive,NA,1,17850,A,4.453205301
15355,15355,120162,1,quve,1202,227.1999969,28.39999962,20947,1,472.2999878,1.3,1.299999952,11/14/08,alive,NA,1,17850,A,2.13922438
16032,16032,120911,1,quru,1206,240,107,21900,1,240.3000031,1.3,1.299999952,11/14/08,alive,NA,1,17850,A,0.379799698
16044,16044,120924,1,litu,1206,232.3000031,105,21917,1,136.1000061,1.3,1.299999952,11/14/08,alive,NA,1,17850,A,0.052989441
16130,16130,121017,1,litu,1205,222.8999939,97.19999695,22033,1,151.1999969,1.3,1.299999952,11/14/08,alive,NA,1,17850,A,0.07004787
16137,16137,121026,1,quru,1206,229.1999969,102.4000015,22044,1,597.2000122,1.3,1.299999952,11/14/08,alive,NA,1,17850,A,3.811830572
16195,16195,121088,1,cagl,1207,224.3999939,126.6999969,22128,1,208.3000031,1.3,1.299999952,11/14/08,alive,NA,1,17850,A,0.307811212
16211,16211,121105,1,cagl,1207,239.8999939,134.3000031,22145,1,493.3999939,1.3,1.299999952,11/14/08,alive,NA,1,17850,A,2.810599273
16262,16262,121162,1,caovl,1208,238.1999969,158.1999969,22205,1,307.8999939,1.3,1.299999952,11/14/08,alive,NA,1,17850,A,0.706493336
16284,16284,121186,1,quru,1210,238.8999939,184.5,22235,1,207.3000031,1.3,1.299999952,11/14/08,alive,NA,1,17850,A,0.257890841
16309,16309,121212,1,litu,1207,232.6999969,132.5,22263,1,816.2000122,1.3,1.299999952,11/14/08,alive,NA,1,17850,A,5.019450071
16379,16379,121284,1,litu,1209,233.1999969,173.3000031,22359,1,616.2000122,1.3,1.299999952,11/14/08,alive,NA,1,17850,A,2.570532525
16396,16396,121301,1,caovl,1211,221.1999969,202.5,22376,1,230.8000031,1.3,1.299999952,11/14/08,alive,NA,1,17850,A,0.334125433
16400,16400,121305,1,quru,1211,221.1000061,211.1999969,22380,1,729.7999878,1.3,1.299999952,11/14/08,alive,NA,1,17850,A,6.170864752
16405,16405,121310,1,quru,1211,229.3000031,218.1000061,22385,1,245,1.3,1.299999952,11/14/08,alive,NA,1,17850,A,0.399501694
16424,16424,121329,1,quru,1213,221.1999969,254.5,22404,1,405.3999939,1.3,1.299999952,11/14/08,alive,NA,1,17850,A,1.458324387
16471,16471,121379,1,quve,1206,232.5,119.3000031,22453,1,682,1.3,1.299999952,10/14/09,alive,NA,1,18184,A,5.251009401
16494,16494,121423,1,litu,1213,238.3999939,256.3999939,22476,1,176.6999969,1.3,1.299999952,11/14/08,alive,NA,1,17850,A,0.105808451
16505,16505,121434,1,quru,1214,229,273.1000061,22487,1,723.2999878,1.3,1.299999952,11/14/08,alive,NA,1,17850,A,6.041188952
16513,16513,121442,1,litu,1215,232.5,283.8999939,22497,1,254.6999969,1.3,1.299999952,11/14/08,alive,NA,1,17850,A,0.276289565
16594,16594,122060,1,quru,1218,231.6000061,358.1000061,22596,1,640.0999756,1.3,1.299999952,10/7/08,alive,NA,1,17812,A,4.509080371
16658,16658,122128,1,pist,1219,238.3000031,376.6000061,22663,1,206.8999939,1.3,1.299999952,10/7/08,alive,NA,1,17812,A,0.155783701
16661,16661,122131,1,pist,1219,230.6999969,375.8999939,22666,1,293.2999878,1.3,1.299999952,10/7/08,alive,NA,1,17812,A,0.387077295
16675,16675,122146,1,pist,1220,225.6999969,397.3999939,22680,1,357.1000061,1.3,1.299999952,10/7/08,alive,NA,1,17812,A,0.64166658
16678,16678,122149,1,pist,1220,222,397.3999939,22683,1,150.1000061,1.3,1.299999952,10/7/08,alive,NA,1,17812,A,0.066742144
16679,16679,122150,1,pist,1221,220.8000031,400.7000122,22684,1,329,1.3,1.299999952,10/7/08,alive,NA,1,17812,A,0.520302757
16684,16684,122157,1,pist,1221,228.3999939,406.3999939,22689,1,438.8999939,1.3,1.299999952,10/7/08,alive,NA,1,17812,A,1.081250969
16690,16690,122164,1,pist,1221,229,414.2999878,22695,1,191.6000061,1.3,1.299999952,10/7/08,alive,NA,1,17812,A,0.127263412
16691,16691,122165,1,pist,1221,225.8000031,416.7000122,22696,1,217,1.3,1.299999952,10/7/08,alive,NA,1,17812,A,0.176555408
16692,16692,122166,1,pist,1221,227.3999939,419,22697,1,374.2000122,1.3,1.299999952,10/7/08,alive,NA,1,17812,A,0.722820447
16706,16706,122180,1,pist,1222,222.8000031,428.2999878,22711,1,297.1000061,1.3,1.299999952,10/7/08,alive,NA,1,17812,A,0.400166557
16710,16710,122184,1,pist,1222,222.8999939,433.8999939,22715,1,206.3000031,1.3,1.299999952,10/7/08,alive,NA,1,17812,A,0.154598992
16713,16713,122187,1,pist,1222,229.5,434.8999939,22718,1,288.8999939,1.3,1.299999952,10/7/08,alive,NA,1,17812,A,0.372241082
16736,16736,122211,1,qual,1220,232.1999969,391.5,22741,1,299.3999939,1.3,1.299999952,10/7/08,alive,NA,1,17812,A,0.756396141
16750,16750,122229,1,pist,1221,232.3000031,416.7000122,22755,1,221.3999939,1.3,1.299999952,10/7/08,alive,NA,1,17812,A,0.186099334
16774,16774,122256,1,pist,1222,234.1999969,438.7999878,22779,1,501.8999939,1.3,1.299999952,10/7/08,alive,NA,1,17812,A,1.510498956
16791,16791,122275,1,pist,1223,234.6000061,449.6000061,22796,1,156.6999969,1.3,1.299999952,10/7/08,alive,NA,1,17812,A,0.074803606
16794,16794,122278,1,pist,1223,235.3999939,455.3999939,22799,1,346.8999939,1.3,1.299999952,10/7/08,alive,NA,1,17812,A,0.595902243
16808,16808,122295,1,juni,1224,229.6000061,479.7999878,22814,1,545.7999878,1.3,1.299999952,10/7/08,alive,NA,1,17812,A,2.78621427
16813,16813,122302,1,pist,1223,227.1999969,448.2999878,22820,1,200,1.3,1.299999952,10/7/08,alive,NA,1,17812,A,0.142488292
16855,16855,122404,1,qual,1226,235.3999939,500.2999878,22862,1,494.2000122,1.3,1.299999952,10/7/08,alive,NA,1,17812,A,2.6936481
16923,16923,122474,1,qual,1227,222.3000031,532,22930,1,600,1.3,1.299999952,10/7/08,alive,NA,1,17812,A,4.337341214
16968,16968,122521,1,quve,1232,230.8999939,638.7999878,22976,1,582.5999756,1.3,1.299999952,10/7/08,alive,NA,1,17812,A,3.588918558
16976,16976,122554,1,litu,1230,228.6000061,593,22984,1,137.8999939,1.3,1.299999952,10/7/08,alive,NA,1,17812,A,0.054869854
17541,17541,130579,1,litu,1304,251,69.19999695,23682,1,679,1.3,1.299999952,11/17/08,alive,NA,1,17853,A,3.247429405
17734,17734,130788,1,caovl,1309,247.6999969,167.6999969,23938,1,151.1000061,1.3,1.299999952,11/18/08,alive,NA,1,17854,A,0.109372928
17844,17844,130911,1,quve,1305,256.1000061,95.19999695,24110,1,370.5,1.3,1.299999952,11/17/08,alive,NA,1,17853,A,1.160825866
17919,17919,130991,1,quve,1307,255.1000061,120.5999985,24221,1,698.0999756,1.3,1.299999952,11/17/08,alive,NA,1,17853,A,5.552100788
17920,17920,130992,1,cato,1307,252.6999969,124,24222,1,159.6000061,1.3,1.299999952,11/17/08,alive,NA,1,17853,A,0.147813955
17936,17936,131009,1,quve,1308,253.8999939,140.6999969,24250,1,736.5,1.3,1.299999952,11/18/08,alive,NA,1,17854,A,6.306040705
17944,17944,131017,1,litu,1308,256.8999939,147.1000061,24259,1,205,1.3,1.299999952,11/18/08,alive,NA,1,17854,A,0.156522926
17958,17958,131032,1,cagl,1308,254.5,157.6999969,24274,1,333.2999878,1.3,1.299999952,11/18/08,alive,NA,1,17854,A,1.044196968
17973,17973,131047,1,litu,1309,252.5,163.3999939,24295,1,118.6999969,1.3,1.299999952,11/18/08,alive,NA,1,17854,A,0.036849489
17987,17987,131061,1,caovl,1309,257,172,24311,1,291.6000061,1.3,1.299999952,11/18/08,alive,NA,1,17854,A,0.613956485
18006,18006,131080,1,litu,1310,250.1999969,188.1999969,24333,1,265.5,1.3,1.299999952,11/18/08,alive,NA,1,17854,A,0.307816777
18013,18013,131087,1,quru,1310,257.2999878,197.8000031,24340,1,630.0999756,1.3,1.299999952,11/18/08,alive,NA,1,17854,A,4.340910508
18017,18017,131091,1,caovl,1311,252.1999969,202.3000031,24346,1,219.5,1.3,1.299999952,11/18/08,alive,NA,1,17854,A,0.292951627
18039,18039,131113,1,cagl,1310,246.6000061,180.8999939,24379,1,508.7000122,1.3,1.299999952,11/18/08,alive,NA,1,17854,A,3.03144661
18064,18064,131138,1,caovl,1311,243.3999939,202,24412,1,206.3999939,1.3,1.299999952,11/18/08,alive,NA,1,17854,A,0.249244402
18104,18104,131179,1,cato,1313,242.1999969,245.6999969,24460,1,292.7999878,1.3,1.299999952,11/18/08,alive,NA,1,17854,A,0.725410096
18108,18108,131183,1,cato,1313,240.5,252.1000061,24464,1,176.8999939,1.3,1.299999952,11/18/08,alive,NA,1,17854,A,0.194057333
18117,18117,131192,1,litu,1314,249.1000061,262.2999878,24473,1,153.5,1.3,1.299999952,11/18/08,alive,NA,1,17854,A,0.072907373
18227,18227,131304,1,litu,1314,241.5,278.2000122,24618,1,613.7000122,1.3,1.299999952,11/18/08,alive,NA,1,17854,A,2.545335708
18282,18282,131360,1,juni,1316,251.8999939,310.7000122,24691,1,314.8999939,1.3,1.299999952,11/18/08,alive,M,1,17854,A,0.697383903
18352,18352,132010,1,caco,1317,248.6999969,339.5,24781,1,269,1.3,1.299999952,10/9/08,alive,NA,1,17814,A,0.545950741
18360,18360,132018,1,caco,1317,257.1000061,334.1000061,24790,1,379.6000061,1.3,1.299999952,10/9/08,alive,NA,1,17814,A,1.322843617
18506,18506,132177,1,qual,1320,253.8000031,389.6000061,24961,1,144.8999939,1.3,1.299999952,10/10/08,alive,NA,1,17815,A,0.112631405
18521,18521,132194,1,pist,1321,251,411.1000061,24977,1,169.3999939,1.3,1.299999952,10/9/08,alive,NA,1,17814,A,0.091939288
18532,18532,132206,1,qual,1320,243.1000061,396.2999878,24990,1,467,1.3,1.299999952,10/10/08,alive,NA,1,17815,A,2.339876596
18558,18558,132232,1,quve,1322,246.3000031,424.6000061,25016,1,258.2999878,1.3,1.299999952,10/9/08,alive,NA,1,17814,A,0.458517438
18559,18559,132233,1,pist,1322,249.8999939,427.6000061,25017,1,315.7999878,1.3,1.299999952,10/9/08,alive,NA,1,17814,A,0.468348845
18562,18562,132236,1,pist,1322,241.6000061,430.5,25020,1,253.1999969,1.3,1.299999952,10/9/08,alive,NA,1,17814,A,0.264297199
18567,18567,132241,1,pist,1322,254.3999939,422.3999939,25025,1,284.6000061,1.3,1.299999952,10/9/08,alive,NA,1,17814,A,0.358071744
18576,18576,132250,1,quve,1323,240.5,444.5,25034,1,265.1000061,1.3,1.299999952,10/9/08,alive,NA,1,17814,A,0.490580552
18705,18705,132386,1,quve,1326,259.2000122,510.7000122,25163,1,544.7999878,1.3,1.299999952,10/10/08,alive,NA,1,17815,A,3.045626925
18714,18714,132396,1,quve,1327,250.6999969,522.4000244,25172,1,622.9000244,1.3,1.299999952,10/10/08,alive,NA,1,17815,A,4.221952864
18818,18818,132525,1,fram,1329,260,561.2000122,25280,1,514,1.3,1.299999952,10/9/08,alive,NA,1,17814,A,2.591765105
18825,18825,132532,1,fagr,1330,259.6000061,589.2000122,25287,1,145.6999969,1.3,1.299999952,10/9/08,alive,NA,1,17814,A,0.101589499
18835,18835,132542,1,quve,1332,255.3999939,622.9000244,25297,1,705,1.3,1.299999952,10/9/08,alive,NA,1,17814,A,5.683858176
19111,19111,140280,1,libe,1402,261.6000061,24.29999924,25602,1,44,1.3,1.299999952,11/19/08,lost_stem,"M,lost",1,17855,A,0.003985493
19527,19527,140733,1,quve,1407,264.2000122,127,26095,1,690.5,1.3,1.299999952,11/20/08,alive,NA,1,17856,A,5.408864387
19529,19529,140735,1,litu,1407,268.7999878,126.5,26098,1,228.5,1.3,1.299999952,11/20/08,alive,NA,1,17856,A,0.208088497
19530,19530,140736,1,quve,1407,262.3999939,133.6000061,26099,1,618.4000244,1.3,1.299999952,11/20/08,alive,NA,1,17856,A,4.148506601
19547,19547,140756,1,quve,1408,261.2999878,146.1999969,26123,1,694.9000244,1.3,1.299999952,11/20/08,alive,NA,1,17856,A,5.491550337
19552,19552,140761,1,quve,1408,271.7000122,151.1000061,26132,1,620,1.3,1.299999952,11/20/08,alive,NA,1,17856,A,4.174540879
19555,19555,140764,1,qupr,1408,268.1000061,153.3999939,26136,1,226.1999969,1.3,1.299999952,11/20/08,alive,NA,1,17856,A,0.31697079
19598,19598,140810,1,caovl,1410,265.2000122,188.3999939,26185,1,214.6999969,1.3,1.299999952,11/20/08,alive,NA,1,17856,A,0.276440912
19667,19667,140881,1,fram,1414,267.2000122,273.2999878,26263,1,601.5,1.3,1.299999952,11/20/08,alive,NA,1,17856,A,3.809607857
19712,19712,140931,1,quve,1408,275.2999878,146.3000031,26316,1,373.3999939,1.3,1.299999952,11/20/08,alive,NA,1,17856,A,1.18406897
19714,19714,140934,1,quve,1408,277.1000061,150.1000061,26318,1,489.6000061,1.3,1.299999952,11/20/08,alive,NA,1,17856,A,2.339431551
19719,19719,140939,1,fram,1408,278.2000122,158.1000061,26326,1,68.5,1.3,1.299999952,11/20/08,alive,NA,1,17856,A,0.013500178
19804,19804,141031,1,qupr,1411,278.8999939,219.3000031,26433,1,425.6000061,1.3,1.299999952,11/20/08,alive,NA,1,17856,A,1.61149601
19893,19893,141124,1,fram,1416,278.2999878,300.3999939,26534,1,184.3000031,1.3,1.299999952,11/20/08,alive,NA,1,17856,A,0.185823308
19967,19967,141255,1,fram,1416,268.8999939,309.2000122,26622,1,137.8999939,1.3,1.299999952,11/20/08,alive,NA,1,17856,A,0.086224056
19986,19986,142015,1,quve,1417,268.5,334.3999939,26644,1,493.6000061,1.3,1.299999952,10/10/08,alive,NA,1,17815,A,2.387149716
20015,20015,142046,1,pist,1418,273.5,345.2000122,26675,1,331.7999878,1.3,1.299999952,10/10/08,alive,NA,1,17815,A,0.531735338
20135,20135,142178,1,fram,1419,267.2999878,364.6000061,26823,1,534.9000244,1.3,1.299999952,10/10/08,alive,NA,1,17815,A,2.859391294
20164,20164,142210,1,caco,1419,269.5,378,26857,1,104.0999985,1.3,1.299999952,10/10/08,alive,NA,1,17815,A,0.044578316
20174,20174,142220,1,caco,1420,277,381.7000122,26869,1,290.7999878,1.3,1.299999952,10/10/08,alive,NA,1,17815,A,0.668127608
20312,20312,142363,1,qual,1424,265.2000122,478.7000122,27024,1,474.8999939,1.3,1.299999952,10/10/08,alive,NA,1,17815,A,2.439758602
20423,20423,142484,1,pist,1421,269.2000122,405.2000122,27146,1,509.6000061,1.3,1.299999952,10/10/08,alive,NA,1,17815,A,1.568495766
20428,20428,142490,1,quru,1421,266,407.2000122,27151,1,451.8999939,1.3,1.299999952,10/10/08,alive,L,1,17815,A,1.915965381
20457,20457,142521,1,pist,1422,266.3999939,431.1000061,27180,1,418,1.3,1.299999952,10/10/08,alive,NA,1,17815,A,0.956464696
20472,20472,142538,1,cato,1423,260.3999939,449.7999878,27196,1,265.1000061,1.3,1.299999952,10/10/08,alive,NA,1,17815,A,0.560663488
20473,20473,142539,1,qual,1423,261.2999878,454.3999939,27197,1,586.9000244,1.3,1.299999952,10/10/08,alive,NA,1,17815,A,4.110540216
20498,20498,142565,1,qual,1425,260.1000061,491.3999939,27224,1,302.3999939,1.3,1.299999952,10/10/08,alive,NA,1,17815,A,0.776108639
20501,20501,142568,1,quve,1425,260.8999939,498.7999878,27227,1,441,1.3,1.299999952,10/10/08,alive,NA,1,17815,A,1.802327449
20508,20508,142575,1,quve,1426,261.7999878,506.3999939,27234,1,457,1.3,1.299999952,10/10/08,alive,NA,1,17815,A,1.970484555
20516,20516,142583,1,qupr,1427,263.2999878,524.5999756,27242,1,483.2999878,1.3,1.299999952,10/10/08,alive,NA,1,17815,A,2.214595361
20533,20533,142602,1,qupr,1427,273.2999878,526.0999756,27259,1,584.2000122,1.3,1.299999952,10/10/08,alive,NA,1,17815,A,3.532022187
20594,20594,142703,1,fram,1428,269.6000061,558,27321,1,177.8999939,1.3,1.299999952,10/10/08,alive,NA,1,17815,A,0.1692697
20672,20672,150048,1,juni,1501,289.7999878,5.699999809,27415,1,439.6000061,1.3,1.299999952,11/20/08,alive,NA,1,17856,A,1.628371494
21312,21312,150761,1,juni,1503,299.6000061,59.29999924,28253,1,366.1000061,1.3,1.299999952,11/21/08,alive,NA,1,17857,A,1.025525242
21322,21322,150776,1,fram,1504,281.8999939,73.19999695,28264,1,107.8000031,1.3,1.299999952,11/21/08,alive,NA,1,17857,A,0.044834685
21430,21430,150890,1,quru,1510,290.8999939,182.3000031,28398,1,750,1.3,1.299999952,11/21/08,alive,NA,1,17857,A,6.583060666
21451,21451,150911,1,fagr,1506,289.1000061,119,28435,1,177.5,1.3,1.299999952,11/21/08,alive,NA,1,17857,A,0.171325698
21479,21479,150941,1,fagr,1508,284.5,148.6000061,28469,1,137.8999939,1.3,1.299999952,11/21/08,alive,NA,1,17857,A,0.087791766
21487,21487,150951,1,quve,1508,287.3999939,158,28477,1,520.5,1.3,1.299999952,11/21/08,alive,NA,1,17857,A,2.722049475
21492,21492,150957,1,quve,1509,281.8999939,162.3999939,28482,1,571.2999878,1.3,1.299999952,11/21/08,alive,NA,1,17857,A,3.421396166
21537,21537,151006,1,caco,1510,285.6000061,192.5,28541,1,189.6000061,1.3,1.299999952,11/21/08,alive,NA,1,17857,A,0.21845588
21549,21549,151021,1,quru,1510,283.7000122,196.6999969,28557,1,500.3999939,1.3,1.299999952,11/21/08,alive,NA,1,17857,A,2.469504605
21578,21578,151051,1,litu,1512,280.1000061,234.8000031,28597,1,203.8000031,1.3,1.299999952,11/21/08,alive,NA,1,17857,A,0.154125024
21643,21643,151120,1,qupr,1511,296.5,207.8000031,28677,1,577.0999756,1.3,1.299999952,11/21/08,alive,NA,1,17857,A,3.428245207
21646,21646,151123,1,fagr,1511,291.5,212.1000061,28680,1,158.3000031,1.3,1.299999952,11/21/08,alive,NA,1,17857,A,0.12656606
21663,21663,151140,1,fagr,1512,296.7000122,230.1000061,28699,1,165.6000061,1.3,1.299999952,11/21/08,alive,NA,1,17857,A,0.142609043
21806,21806,152044,1,qupr,1518,284.6000061,344.5,28867,1,350,1.3,1.299999952,10/10/08,alive,M,1,17815,A,0.981551295
21814,21814,152053,1,cagl,1518,299.3999939,349.5,28877,1,210,1.3,1.299999952,10/10/08,alive,NA,1,17815,A,0.314455629
21818,21818,152057,1,cato,1518,282.5,353.3999939,28881,1,253.8000031,1.3,1.299999952,10/10/08,alive,NA,1,17815,A,0.500577978
21826,21826,152069,1,qupr,1518,299.7000122,355.5,28889,1,584.7999878,1.3,1.299999952,10/10/08,alive,NA,1,17815,A,3.54086889
21873,21873,152118,1,caco,1519,281.7999878,368.7999878,28945,1,116,1.3,1.299999952,10/10/08,alive,NA,1,17815,A,0.059425272
21904,21904,152151,1,caco,1520,280.6000061,380,28983,1,302.8999939,1.3,1.299999952,10/14/08,alive,NA,1,17819,A,0.742307707
21936,21936,152185,1,cato,1520,293.2999878,388.8999939,29020,1,316.2999878,1.3,1.299999952,10/14/08,alive,NA,1,17819,A,0.885192843
22206,22206,152464,1,cato,1523,287.5,459.7999878,29346,1,194.6999969,1.3,1.299999952,10/15/08,alive,NA,1,17820,A,0.249902177
22230,22230,152490,1,quve,1524,294.2999878,477.7999878,29372,1,510.1000061,1.3,1.299999952,10/15/08,alive,NA,1,17820,A,2.589676799
22264,22264,152529,1,fagr,1526,296.5,502.5,29409,1,283.1000061,1.3,1.299999952,10/15/08,alive,NA,1,17820,A,0.581749833
22344,22344,152623,1,juni,1528,292.3999939,556.7000122,29492,1,484.6000061,1.3,1.299999952,10/15/08,alive,NA,1,17820,A,2.076919302
22363,22363,152645,1,quve,1529,284.2000122,571.5999756,29511,1,641.5,1.3,1.299999952,10/16/08,alive,NA,1,17821,A,4.532898312
22369,22369,152651,1,quve,1529,289.3999939,575.4000244,29517,1,537.4000244,1.3,1.299999952,10/16/08,alive,NA,1,17821,A,2.944966727
22373,22373,152656,1,quve,1529,299,577.2000122,29521,1,436.7000122,1.3,1.299999952,10/16/08,alive,NA,1,17821,A,1.758575188
22376,22376,152659,1,fram,1530,287,584.4000244,29524,1,175.6999969,1.3,1.299999952,10/16/08,alive,NA,1,17821,A,0.163796016
22378,22378,152661,1,fagr,1530,289.3999939,581.2999878,29526,1,114.1999969,1.3,1.299999952,10/16/08,alive,NA,1,17821,A,0.053206758
22441,22441,160001,1,fram,1601,300.7999878,2.099999905,29592,1,57.79999924,1.3,1.299999952,11/24/08,alive,NA,1,17860,A,0.0086453
23072,23072,160760,1,fagr,1606,319.6000061,112.6999969,30501,1,187.5,1.3,1.299999952,11/24/08,alive,NA,1,17860,A,0.197991376
23089,23089,160777,1,litu,1608,312.3999939,149.3000031,30519,1,434.2000122,1.3,1.299999952,11/24/08,alive,NA,1,17860,A,1.083385739
23194,23194,160921,1,quve,1608,301,140.5,30631,1,556.5,1.3,1.299999952,11/24/08,alive,NA,1,17860,A,3.208581498
23203,23203,160930,1,litu,1608,304.7999878,148,30640,1,490.5,1.3,1.299999952,11/24/08,alive,NA,1,17860,A,1.468825767
23208,23208,160935,1,quve,1609,306.2999878,160.8999939,30645,1,565.5,1.3,1.299999952,11/24/08,alive,NA,1,17860,A,3.337105342
23231,23231,160962,1,litu,1611,308.8999939,212.1999969,30672,1,134.8000031,1.3,1.299999952,11/24/08,alive,NA,1,17860,A,0.05165653
23257,23257,160989,1,caco,1612,312.5,235,30700,1,113.9000015,1.3,1.299999952,11/24/08,alive,NA,1,17860,A,0.056610321
23289,23289,161024,1,fram,1614,303.6000061,267.3999939,30732,1,724.5999756,1.3,1.299999952,11/24/08,alive,NA,1,17860,A,5.958668976
23317,23317,161524,1,quru,1616,319.7999878,301.7999878,30762,1,309.2999878,1.3,1.299999952,12/2/08,alive,NA,1,17868,A,0.731185509
23333,23333,161554,1,juni,1615,310.6000061,290.6000061,30779,1,405,1.3,1.299999952,12/2/08,alive,NA,1,17868,A,1.324810101
23351,23351,161573,1,qual,1616,307,307.2999878,30797,1,127.8000031,1.3,1.299999952,12/2/08,alive,NA,1,17868,A,0.080706534
23354,23354,161576,1,quru,1616,304.2000122,310.2999878,30800,1,539.4000244,1.3,1.299999952,12/2/08,alive,NA,1,17868,A,2.97198878
23385,23385,162030,1,qupr,1618,301.6000061,359.7999878,30833,1,140.1999969,1.3,1.299999952,10/15/08,alive,NA,1,17820,A,0.089675427
23599,23599,162252,1,caco,1622,301.1000061,420.6000061,31077,1,116.8000031,1.3,1.299999952,10/15/08,alive,NA,1,17820,A,0.06052013
23641,23641,162295,1,qual,1623,303.3999939,452.6000061,31123,1,511.2999878,1.3,1.299999952,10/15/08,alive,NA,1,17820,A,2.930359299
23697,23697,162355,1,juni,1621,318,419.1000061,31183,1,444,1.3,1.299999952,10/15/08,alive,NA,1,17820,A,1.669533172
23738,23738,162397,1,qual,1624,317.8999939,463.8999939,31228,1,353.8999939,1.3,1.299999952,10/15/08,alive,NA,1,17820,A,1.161975099
23739,23739,162398,1,qual,1624,318.6000061,465.3999939,31229,1,522,1.3,1.299999952,10/15/08,alive,NA,1,17820,A,3.084123993
23754,23754,162415,1,qupr,1625,319.2999878,488,31246,1,357.5,1.3,1.299999952,10/15/08,alive,M,1,17820,A,1.036131712
23771,23771,162432,1,pist,1626,306,511.5,31264,1,384.6000061,1.3,1.299999952,10/15/08,alive,NA,1,17820,A,0.774919205
23777,23777,162438,1,qupr,1626,319.7999878,519.2999878,31270,1,398.1000061,1.3,1.299999952,10/15/08,alive,M,1,17820,A,1.361656018
23796,23796,162458,1,fram,1630,313.2999878,598.5,31290,1,282.7999878,1.3,1.299999952,10/16/08,alive,M,1,17821,A,0.569794538
23808,23808,162470,1,fram,1631,304.6000061,606.9000244,31303,1,431,1.3,1.299999952,10/16/08,alive,NA,1,17821,A,1.671129956
23900,23900,162566,1,quve,1628,303.6000061,551.5,31402,1,487.7999878,1.3,1.299999952,10/16/08,alive,NA,1,17821,A,2.318133379
23907,23907,162575,1,juni,1629,303.2999878,562.7999878,31409,1,500.8999939,1.3,1.299999952,10/16/08,alive,M,1,17821,A,2.254583893
23922,23922,162591,1,fram,1629,320,570.9000244,31426,1,273.2000122,1.3,1.299999952,10/16/08,alive,NA,1,17821,A,0.520994561
24846,24846,170994,1,litu,1704,338.3999939,76.09999847,32661,1,528.9000244,1.3,1.299999952,12/8/08,alive,NA,1,17874,A,1.769773868
24982,24982,171150,1,fagr,1706,328.8999939,104.4000015,32830,1,136.6999969,1.3,1.299999952,12/8/08,alive,NA,1,17874,A,0.085778767
24998,24998,171167,1,quve,1707,321,128.1999969,32852,1,543,1.3,1.299999952,12/8/08,alive,NA,1,17874,A,3.020970715
25023,25023,171194,1,cato,1709,323.3999939,178.5,32880,1,210.8000031,1.3,1.299999952,12/8/08,alive,NA,1,17874,A,0.307987569
25131,25131,171306,1,fagr,1712,331,231.3000031,32994,1,222.3999939,1.3,1.299999952,12/8/08,alive,NA,1,17874,A,0.310158924
25179,25179,171358,1,fram,1714,336,274.1000061,33065,1,887.7999878,1.3,1.299999952,12/8/08,alive,NA,1,17874,A,9.58912035
25222,25222,171403,1,litu,1710,323.3999939,193.8999939,33110,1,180.5,1.3,1.299999952,12/8/08,alive,NA,1,17874,A,0.111924252
25240,25240,171421,1,fram,1712,327.3999939,230.5,33128,1,254.8000031,1.3,1.299999952,12/8/08,alive,NA,1,17874,A,0.434613491
25343,25343,172036,1,qual,1719,328.7999878,366.6000061,33252,1,480.8999939,1.3,1.299999952,12/2/08,alive,M,1,17868,A,2.517184611
25397,25397,172091,1,fram,1721,324.6000061,402.1000061,33316,1,548.9000244,1.3,1.299999952,12/2/08,alive,"B,M",1,17868,A,3.046804219
25472,25472,172168,1,qual,1723,325.5,459,33409,1,270.7000122,1.3,1.299999952,12/2/08,alive,NA,1,17868,A,0.582703613
25504,25504,172202,1,quru,1717,337.1000061,321.7999878,33441,1,538.7999878,1.3,1.299999952,12/2/08,alive,NA,1,17868,A,2.963867399
25512,25512,172210,1,cagl,1717,336.2999878,339.2000122,33450,1,102.1999969,1.3,1.299999952,12/2/08,alive,NA,1,17868,A,0.046695656
25520,25520,172218,1,cagl,1718,336.2000122,350.3999939,33458,1,151.8000031,1.3,1.299999952,12/2/08,alive,NA,1,17868,A,0.133484136
25522,25522,172220,1,litu,1718,331.7999878,353.2999878,33460,1,130,1.3,1.299999952,12/2/08,alive,NA,1,17868,A,0.046915845
25531,25531,172229,1,litu,1719,331.6000061,362,33469,1,708.0999756,1.3,1.299999952,12/2/08,alive,NA,1,17868,A,3.589739601
25741,25741,172453,1,juni,1727,325.7999878,538.9000244,33702,1,312.8999939,1.3,1.299999952,12/2/08,alive,NA,1,17868,A,0.686042108
25777,25777,172493,1,fram,1729,328.1000061,577.7999878,33739,1,137.6999969,1.3,1.299999952,12/2/08,alive,NA,1,17868,A,0.085892578
25801,25801,172517,1,qupr,1726,325.8999939,510.7999878,33763,1,200.6999969,1.3,1.299999952,12/2/08,alive,NA,1,17868,A,0.231546239
25824,25824,172542,1,fram,1728,330.2999878,551.5,33786,1,196.3000031,1.3,1.299999952,12/2/08,alive,NA,1,17868,A,0.219439066
25846,25846,172565,1,fram,1729,322.2000122,572.5999756,33808,1,347.3999939,1.3,1.299999952,12/2/08,alive,NA,1,17868,A,0.967514541
25855,25855,172575,1,fram,1730,327.7000122,588.7000122,33817,1,246.1999969,1.3,1.299999952,12/2/08,alive,NA,1,17868,A,0.397402308
25913,25913,172637,1,juni,1732,336.6000061,638.9000244,33882,1,335.1000061,1.3,1.299999952,12/2/08,alive,NA,1,17868,A,0.818093971
26220,26220,180341,1,juni,1803,358.3999939,47.59999847,34309,1,611.7000122,1.3,1.299999952,12/9/08,alive,NA,1,17875,A,3.67968594
26478,26478,180644,1,juni,1804,343.8999939,69.5,34633,1,280.8999939,1.3,1.299999952,12/9/08,alive,NA,1,17875,A,0.55733445
26572,26572,180751,1,litu,1807,356.3999939,133.3000031,34736,1,591.9000244,1.3,1.299999952,12/9/08,alive,NA,1,17875,A,2.331292122
26596,26596,180778,1,quve,1809,352.6000061,174.1000061,34767,1,369.8999939,1.3,1.299999952,12/10/08,alive,NA,1,17876,A,1.156050036
26612,26612,180794,1,litu,1811,357.7999878,206.3000031,34785,1,415.6000061,1.3,1.299999952,12/10/08,alive,NA,1,17876,A,0.970415712
26697,26697,180906,1,juni,1808,346.8999939,146.1999969,34882,1,486,1.3,1.299999952,12/10/08,alive,NA,1,17876,A,2.09185993
26720,26720,180929,1,quve,1809,347.6000061,170.6999969,34907,1,394.3999939,1.3,1.299999952,12/10/08,alive,NA,1,17876,A,1.360351285
26743,26743,180952,1,quru,1811,342.6000061,214.6000061,34933,1,538.2000122,1.3,1.299999952,12/10/08,alive,NA,1,17876,A,2.955759075
26759,26759,180968,1,frni,1812,346.3999939,226.6999969,34957,1,112.9000015,1.3,1.299999952,12/10/08,alive,NA,1,17876,A,0.050456375
26784,26784,180996,1,qual,1814,343.1000061,272.2000122,34987,1,623,1.3,1.299999952,12/10/08,alive,NA,1,17876,A,4.751541551
26940,26940,182024,1,quve,1818,351.6000061,340.6000061,35172,1,503.6000061,1.3,1.299999952,12/3/08,alive,NA,1,17869,A,2.508798569
26971,26971,182056,1,qupr,1819,356.8999939,370.3999939,35203,1,537.7999878,1.3,1.299999952,12/3/08,alive,NA,1,17869,A,2.884240102
26973,26973,182058,1,pist,1819,360,374.7999878,35205,1,311.2000122,1.3,1.299999952,12/3/08,alive,NA,1,17869,A,0.450991541
26975,26975,182060,1,quru,1819,356.1000061,374.2000122,35207,1,196.1000061,1.3,1.299999952,12/3/08,alive,NA,1,17869,A,0.222829906
27042,27042,182130,1,quve,1821,359,416.3999939,35278,1,590,1.3,1.299999952,12/3/08,alive,NA,1,17869,A,3.70098977
27189,27189,182279,1,cato,1821,344.8999939,403.6000061,35444,1,352.3999939,1.3,1.299999952,12/3/08,alive,NA,1,17869,A,1.167689737
27284,27284,182374,1,fram,1823,345.3999939,442.3999939,35548,1,127,1.3,1.299999952,12/3/08,alive,NA,1,17869,A,0.069292875
27306,27306,182396,1,fram,1824,359.8999939,478.6000061,35574,1,351.8999939,1.3,1.299999952,12/3/08,alive,NA,1,17869,A,0.999852192
27362,27362,182455,1,fram,1829,347.1000061,563.5999756,35635,1,251.1999969,1.3,1.299999952,12/3/08,alive,NA,1,17869,A,0.418794505
27572,27572,182678,1,fram,1828,356.6000061,558.7000122,35883,1,158,1.3,1.299999952,12/3/08,alive,NA,1,17869,A,0.123683012
27586,27586,182695,1,fagr,1830,357.5,598.7999878,35898,1,163.8000031,1.3,1.299999952,12/3/08,alive,NA,1,17869,A,0.138543781
27640,27640,190018,1,litu,1901,364.7999878,11.10000038,35956,1,775.0999756,1.3,1.299999952,12/18/08,alive,NA,1,17884,A,4.446628126
27692,27692,190074,1,juni,1902,370.2000122,26,36023,1,371.2000122,1.3,1.299999952,12/18/08,alive,NA,1,17884,A,1.06226813
27693,27693,190075,1,litu,1902,365.5,30.29999924,36024,1,500.1000061,1.3,1.299999952,12/18/08,alive,M,1,17884,A,1.54114915
28026,28026,190438,1,litu,1905,373,93.80000305,36487,1,675.0999756,1.3,1.299999952,12/18/08,alive,NA,1,17884,A,3.202930486
28070,28070,190483,1,juni,1908,379.2000122,156.6999969,36543,1,426.8999939,1.3,1.299999952,12/18/08,alive,NA,1,17884,A,1.512813744
28084,28084,190497,1,litu,1909,363.6000061,166.1999969,36566,1,136,1.3,1.299999952,12/18/08,alive,NA,1,17884,A,0.052886156
28127,28127,190549,1,frni,1911,371.6000061,219.3999939,36633,1,142.3000031,1.3,1.299999952,12/18/08,alive,NA,1,17884,A,0.093283475
28200,28200,190635,1,fagr,1906,367.6000061,104.8000031,36719,1,159,1.3,1.299999952,12/18/08,alive,NA,1,17884,A,0.128053622
28285,28285,190735,1,fram,1911,372.1000061,211,36832,1,166.1999969,1.3,1.299999952,12/18/08,alive,NA,1,17884,A,0.141409095
28317,28317,190774,1,frni,1912,378,238.1999969,36867,1,108.8000031,1.3,1.299999952,12/18/08,alive,NA,1,17884,A,0.045734735
28349,28349,190807,1,quve,1914,379.5,277.2999878,36901,1,445.5,1.3,1.299999952,12/18/08,alive,NA,1,17884,A,1.84876689
28370,28370,190830,1,quve,1916,378.5,302.3999939,36922,1,450.1000061,1.3,1.299999952,12/18/08,alive,NA,1,17884,A,1.896929074
28399,28399,190907,1,quru,1915,362.5,283.6000061,36957,1,685.0999756,1.3,1.299999952,12/18/08,alive,NA,1,17884,A,5.308292774
28420,28420,190929,1,caovl,1916,364.7999878,312.2999878,36978,1,217.6999969,1.3,1.299999952,12/18/08,alive,NA,1,17884,A,0.286692327
28453,28453,192029,1,qual,1918,369.7000122,357.2000122,37011,1,359.7000122,1.3,1.299999952,12/31/08,alive,NA,1,17897,A,1.211168809
28491,28491,192068,1,qupr,1920,371.1000061,394.8999939,37050,1,516.9000244,1.3,1.299999952,12/31/08,alive,NA,1,17897,A,2.615847737
28493,28493,192070,1,qupr,1921,378.2000122,400.3999939,37052,1,506,1.3,1.299999952,12/31/08,alive,NA,1,17897,A,2.4816058
28497,28497,192074,1,qupr,1921,371.5,402.7999878,37057,1,387,1.3,1.299999952,12/31/08,alive,NA,1,17897,A,1.267570057
28506,28506,192083,1,qupr,1921,375.2000122,412.5,37066,1,102.1999969,1.3,1.299999952,12/31/08,alive,NA,1,17897,A,0.038732632
28529,28529,192108,1,qupr,1922,377.1000061,433.8999939,37090,1,106.0999985,1.3,1.299999952,12/31/08,alive,NA,1,17897,A,0.042782164
28533,28533,192112,1,quru,1922,374.2999878,435.8999939,37094,1,100.9000015,1.3,1.299999952,12/31/08,alive,NA,1,17897,A,0.03829669
28548,28548,192128,1,litu,1923,379.2000122,451.6000061,37110,1,136.1999969,1.3,1.299999952,12/31/08,alive,NA,1,17897,A,0.053092835
28549,28549,192129,1,litu,1923,379.8999939,454.2000122,37111,1,114.3000031,1.3,1.299999952,12/31/08,alive,NA,1,17897,A,0.033331633
28550,28550,192130,1,qupr,1923,377,454.7000122,37112,1,348,1.3,1.299999952,12/31/08,alive,NA,1,17897,A,0.967285078
28573,28573,192154,1,fram,1924,376.7000122,476.3999939,37138,1,553,1.3,1.299999952,12/31/08,alive,NA,1,17897,A,3.102928878
28630,28630,192213,1,pist,1917,368.3999939,337.6000061,37200,1,452.2999878,1.3,1.299999952,12/31/08,alive,NA,1,17897,A,1.165841903
28656,28656,192239,1,quve,1919,367.3999939,378.1000061,37227,1,279.1000061,1.3,1.299999952,12/31/08,alive,NA,1,17897,A,0.560691905
28677,28677,192260,1,fram,1921,364.6000061,405.5,37248,1,562,1.3,1.299999952,12/31/08,alive,NA,1,17897,A,3.228102786
28958,28958,192552,1,fram,1929,376.7000122,577.4000244,37562,1,142.6999969,1.3,1.299999952,12/31/08,alive,NA,1,17897,A,0.094418468
28972,28972,192568,1,fram,1931,375.3999939,609.5999756,37577,1,125.5,1.3,1.299999952,12/31/08,alive,NA,1,17897,A,0.067140555
28984,28984,192583,1,fram,1932,377.7999878,630.9000244,37590,1,341,1.3,1.299999952,12/31/08,alive,NA,1,17897,A,0.922582895
28987,28987,192588,1,juni,1932,372.7999878,626.9000244,37593,1,258.7999878,1.3,1.299999952,12/31/08,alive,B,1,17897,A,0.419685499
28990,28990,192592,1,fram,1932,368.7999878,629.5999756,37596,1,209.3000031,1.3,1.299999952,12/31/08,alive,NA,1,17897,A,0.259757749
28992,28992,192594,1,fram,1932,369.5,632.2999878,37600,1,303.2999878,1.3,1.299999952,12/31/08,alive,NA,1,17897,A,0.682768776
29037,29037,192641,1,fram,1927,370.6000061,528.2000122,37648,1,216.3000031,1.3,1.299999952,12/31/08,alive,NA,1,17897,A,0.283193293
29061,29061,192666,1,fram,1928,363,551.2999878,37675,1,103.3000031,1.3,1.299999952,12/31/08,alive,NA,1,17897,A,0.040034953
29078,29078,192683,1,fram,1930,366.5,588.0999756,37693,1,110.8000031,1.3,1.299999952,12/31/08,alive,NA,1,17897,A,0.048225372
29090,29090,192697,1,fram,1932,360.7000122,621.0999756,37707,1,381.2999878,1.3,1.299999952,12/31/08,alive,NA,1,17897,A,1.226438153
29100,29100,192707,1,fram,1932,362.1000061,625.0999756,37717,1,348,1.3,1.299999952,10/27/08,alive,NA,1,17832,A,0.971790652
29145,29145,200038,1,litu,2001,383.6000061,9.600000381,37776,1,914.2000122,1.3,1.299999952,12/15/08,alive,M,1,17881,A,6.528304957
29265,29265,200168,1,litu,2002,382.7999878,34.59999847,37937,1,423.1000061,1.3,1.299999952,12/15/08,alive,NA,1,17881,A,1.0151185
29284,29284,200188,1,litu,2002,387.8999939,38.20000076,37956,1,224.1000061,1.3,1.299999952,12/15/08,alive,NA,1,17881,A,0.197756633
29462,29462,200389,1,litu,2003,388.7000122,58.20000076,38205,1,329.5,1.3,1.299999952,12/15/08,alive,NA,1,17881,A,0.537696425
29636,29636,200577,1,juni,2007,386.1000061,129.6000061,38403,1,535.2000122,1.3,1.299999952,12/15/08,alive,NA,1,17881,A,2.655095734
29637,29637,200578,1,fram,2007,389.3999939,129.3999939,38404,1,108.9000015,1.3,1.299999952,12/15/08,alive,NA,1,17881,A,0.046060011
30030,30030,200988,1,litu,2010,384.2000122,186.6000061,38872,1,361.7000122,1.3,1.299999952,12/15/08,alive,NA,1,17881,A,0.68244794
30243,30243,201248,1,fram,2013,387.7999878,244.6000061,39151,1,930,1.3,1.299999952,12/17/08,alive,NA,1,17883,A,10.67033939
30255,30255,201261,1,juni,2013,380.2999878,257.2999878,39164,1,454.1000061,1.3,1.299999952,12/17/08,alive,I,1,17883,A,1.766219143
30323,30323,201332,1,qual,2015,398.8999939,297.3999939,39238,1,451.3999939,1.3,1.299999952,12/17/08,alive,NA,1,17883,A,2.149500072
30395,30395,202010,1,qupr,2017,397.2000122,333.6000061,39313,1,483.1000061,1.3,1.299999952,11/20/08,alive,NA,1,17856,A,2.212318209
30414,30414,202029,1,qupr,2018,395.7999878,357.1000061,39332,1,107.8000031,1.3,1.299999952,12/17/08,alive,NA,1,17883,A,0.044626815
30488,30488,202103,1,qupr,2022,393.8999939,426.5,39408,1,108.4000015,1.3,1.299999952,12/19/08,alive,NA,1,17885,A,0.045289526
30520,30520,202135,1,qupr,2023,383.7999878,455.2000122,39440,1,405.2000122,1.3,1.299999952,12/19/08,alive,M,1,17885,A,1.423867014
30609,30609,202230,1,qupr,2018,388.8999939,342,39541,1,560.2999878,1.3,1.299999952,12/17/08,alive,NA,1,17883,A,3.189394815
30625,30625,202248,1,quru,2018,381.7999878,357.2999878,39558,1,156.8000031,1.3,1.299999952,12/17/08,alive,NA,1,17883,A,0.123414331
30697,30697,202324,1,qupr,2021,385,419.7000122,39631,1,104.8000031,1.3,1.299999952,12/17/08,alive,NA,1,17883,A,0.041404282
30714,30714,202341,1,cato,2023,381.7000122,445.2999878,39649,1,193.8000031,1.3,1.299999952,12/19/08,alive,NA,1,17885,A,0.246870639
30751,30751,202379,1,fram,2025,386.2000122,480.3999939,39698,1,454.2000122,1.3,1.299999952,12/18/08,alive,NA,1,17884,A,1.905795134
30864,30864,202496,1,quru,2026,387.5,511,39824,1,230.1000061,1.3,1.299999952,12/18/08,alive,NA,1,17884,A,0.33907884
30890,30890,202528,1,fram,2027,380.6000061,534.7000122,39856,1,155.6999969,1.3,1.299999952,12/18/08,alive,NA,1,17884,A,0.118970948
30898,30898,202536,1,fram,2028,389.5,553.2999878,39864,1,419.5,1.3,1.299999952,12/18/08,alive,NA,1,17884,A,1.561242903
30941,30941,202585,1,juni,2032,381,624.7999878,39909,1,405,1.3,1.299999952,12/18/08,alive,NA,1,17884,A,1.324810101
31117,31117,202775,1,fram,2027,396.5,539.2999878,40104,1,793.2000122,1.3,1.299999952,12/18/08,alive,NA,1,17884,A,7.377057815
31166,31166,202933,1,fram,2030,382.3999939,596.0999756,40153,1,227.8000031,1.3,1.299999952,12/18/08,alive,NA,1,17884,A,0.32437993
31171,31171,202941,1,juni,2031,398.7999878,606.7000122,40158,1,485,1.3,1.299999952,12/18/08,alive,NA,1,17884,A,2.081181903
39059,53766,33337,1,cagl,315,50.09999847,288.2999878,NA,NA,NA,NA,NA,NA,prior,NA,NA,17829,P,NA