"Species","coef","significant","ci.lower","ci.upper","variable","month"
"CACO",-0.0040389536114098,FALSE,-0.201315365551466,0.18362186180858,"Tmin","prev.apr"
"CACO",-0.154884633031139,FALSE,-0.360564121760035,0.0708548581279226,"Tmin","prev.may"
"CACO",0.0222938235006502,FALSE,-0.259828767543185,0.277274462498964,"Tmin","prev.jun"
"CACO",-0.0064665873204024,FALSE,-0.224041187156551,0.209234673478795,"Tmin","prev.jul"
"CACO",-0.0104545686734763,FALSE,-0.270149843052398,0.211988409098977,"Tmin","prev.aug"
"CACO",-0.042834332796953,FALSE,-0.262731766084088,0.166491281888012,"Tmin","prev.sep"
"CACO",-0.0731084114424064,FALSE,-0.253225008956603,0.115760776287677,"Tmin","prev.oct"
"CACO",0.0568914774200196,FALSE,-0.182918700744441,0.279480011603307,"Tmin","prev.nov"
"CACO",0.0853822483140755,FALSE,-0.118176958212719,0.298460596606323,"Tmin","prev.dec"
"CACO",0.0380916160450002,FALSE,-0.184374478146097,0.236867778790891,"Tmin","curr.jan"
"CACO",-0.0465530615303151,FALSE,-0.229592110325,0.116078694738512,"Tmin","curr.feb"
"CACO",-0.0671985138358514,FALSE,-0.27750380965193,0.141891219800413,"Tmin","curr.mar"
"CACO",-0.0694494018232013,FALSE,-0.298490400922999,0.135349605082007,"Tmin","curr.apr"
"CACO",-0.158968321221994,FALSE,-0.3507174452123,0.0504561059744951,"Tmin","curr.may"
"CACO",-0.227417735788789,TRUE,-0.435680208661123,-0.00262234015354766,"Tmin","curr.jun"
"CACO",-0.0656241198606926,FALSE,-0.289994394931622,0.13360121299987,"Tmin","curr.jul"
"CACO",0.041544532263565,FALSE,-0.157227658013989,0.230474701416912,"Tmin","curr.aug"
"CACO",0.0485539219435034,FALSE,-0.164785597711485,0.234335267095506,"Tmean","prev.apr"
"CACO",-0.110705030675448,FALSE,-0.326699670277089,0.124556401008896,"Tmean","prev.may"
"CACO",0.0270060063418321,FALSE,-0.218019681130906,0.289380398083543,"Tmean","prev.jun"
"CACO",-0.00387582257815114,FALSE,-0.198511642431034,0.183738156985534,"Tmean","prev.jul"
"CACO",-0.151669882217905,FALSE,-0.371432737201724,0.07100209351729,"Tmean","prev.aug"
"CACO",-0.144887716155958,FALSE,-0.355171595159767,0.0765527098642048,"Tmean","prev.sep"
"CACO",-0.0852772220232069,FALSE,-0.268187837195415,0.112212947784642,"Tmean","prev.oct"
"CACO",-0.0255623835197821,FALSE,-0.263158542270032,0.199976210874945,"Tmean","prev.nov"
"CACO",0.00652155357315905,FALSE,-0.177338899875722,0.226003820286155,"Tmean","prev.dec"
"CACO",0.0135792947911097,FALSE,-0.171892949320572,0.223223230608563,"Tmean","curr.jan"
"CACO",-0.0601363949659781,FALSE,-0.238089376116779,0.108974852901822,"Tmean","curr.feb"
"CACO",-0.141301658906646,FALSE,-0.318105628116682,0.067423168751361,"Tmean","curr.mar"
"CACO",0.0470073753298186,FALSE,-0.190488182597544,0.293320613227252,"Tmean","curr.apr"
"CACO",-0.154533293611371,FALSE,-0.353810885548662,0.0244253982803115,"Tmean","curr.may"
"CACO",-0.283879662123665,TRUE,-0.455201248787276,-0.0983676701156169,"Tmean","curr.jun"
"CACO",-0.157124413236409,FALSE,-0.397989483862819,0.0922346714773305,"Tmean","curr.jul"
"CACO",-0.0486787271209045,FALSE,-0.223091577025362,0.13198410434281,"Tmean","curr.aug"
"CACO",0.07380072819323,FALSE,-0.12343313303534,0.251844382734182,"Tmax","prev.apr"
"CACO",-0.0784415078129045,FALSE,-0.291325610237081,0.149345528956162,"Tmax","prev.may"
"CACO",0.0200195074421199,FALSE,-0.199547112598598,0.241665264733794,"Tmax","prev.jun"
"CACO",0.00337013737929295,FALSE,-0.191838959578534,0.181496107572746,"Tmax","prev.jul"
"CACO",-0.246122043243547,TRUE,-0.451218806810305,-0.0186944840083391,"Tmax","prev.aug"
"CACO",-0.196617524085128,TRUE,-0.385943054920189,-0.00947372296217987,"Tmax","prev.sep"
"CACO",-0.084161768554401,FALSE,-0.303118644378682,0.142177086492076,"Tmax","prev.oct"
"CACO",-0.0701669404276423,FALSE,-0.278959754964096,0.171639719471341,"Tmax","prev.nov"
"CACO",-0.0612809062805058,FALSE,-0.251152726459442,0.155657883788834,"Tmax","prev.dec"
"CACO",-0.00625408814686512,FALSE,-0.191554251009515,0.20487843365642,"Tmax","curr.jan"
"CACO",-0.0840984723480145,FALSE,-0.259457165910707,0.0978988443555878,"Tmax","curr.feb"
"CACO",-0.171052047977227,FALSE,-0.381621290800994,0.0454907520236944,"Tmax","curr.mar"
"CACO",0.119743889973756,FALSE,-0.109271001847176,0.347979171768177,"Tmax","curr.apr"
"CACO",-0.13883698074726,FALSE,-0.348981616834547,0.0569103014648284,"Tmax","curr.may"
"CACO",-0.276772309850709,TRUE,-0.464559358513979,-0.0814232082401233,"Tmax","curr.jun"
"CACO",-0.197935972968924,FALSE,-0.433947183653182,0.0599753059112101,"Tmax","curr.jul"
"CACO",-0.125079765126538,FALSE,-0.310356506382453,0.0605628063416223,"Tmax","curr.aug"
"CACO",-0.0663363427641931,FALSE,-0.239206119023536,0.0987664160963237,"PPT","prev.apr"
"CACO",0.0769493137987541,FALSE,-0.12766962119769,0.239833504136578,"PPT","prev.may"
"CACO",-0.0174430245492879,FALSE,-0.260145023348258,0.187429656920718,"PPT","prev.jun"
"CACO",0.09120130167582,FALSE,-0.14219880023859,0.299993244209849,"PPT","prev.jul"
"CACO",0.277471154856038,TRUE,0.120076802792038,0.421169668257643,"PPT","prev.aug"
"CACO",0.270158136796282,TRUE,0.121344047808404,0.414989266517304,"PPT","prev.sep"
"CACO",-0.00588710313025583,FALSE,-0.229841070149801,0.192430660349012,"PPT","prev.oct"
"CACO",0.00455925709892291,FALSE,-0.210095751771582,0.181009840741438,"PPT","prev.nov"
"CACO",0.0716657175510694,FALSE,-0.211319404228832,0.325948432888229,"PPT","prev.dec"
"CACO",-0.0678213881891313,FALSE,-0.226964076659501,0.128106440902944,"PPT","curr.jan"
"CACO",0.0222066023029733,FALSE,-0.16919298992853,0.193815793333861,"PPT","curr.feb"
"CACO",0.166541806663467,FALSE,-0.103375938716358,0.389060243821445,"PPT","curr.mar"
"CACO",-0.28570100241903,TRUE,-0.484367604751374,-0.0404819852309391,"PPT","curr.apr"
"CACO",0.167557628181934,FALSE,-0.0456583416139462,0.371346955052192,"PPT","curr.may"
"CACO",0.0991690778708337,FALSE,-0.120401133584593,0.285242373079259,"PPT","curr.jun"
"CACO",0.250538971462057,TRUE,0.035900146022537,0.445789354339741,"PPT","curr.jul"
"CACO",0.222874994267354,FALSE,-0.00935879459702049,0.408939318525139,"PPT","curr.aug"
"CAGL",0.0159374065245038,FALSE,-0.196295057170567,0.214829518338586,"Tmin","prev.apr"
"CAGL",0.0492288139408418,FALSE,-0.143973596310491,0.256854269468371,"Tmin","prev.may"
"CAGL",0.0146686358883859,FALSE,-0.211366719113421,0.240721905216141,"Tmin","prev.jun"
"CAGL",0.114342081095863,FALSE,-0.116453879011951,0.346358556194564,"Tmin","prev.jul"
"CAGL",0.185304139327201,FALSE,-0.0398867787272178,0.39824812674222,"Tmin","prev.aug"
"CAGL",0.0130783213819933,FALSE,-0.224568141334377,0.230400059269197,"Tmin","prev.sep"
"CAGL",-0.0491578516726436,FALSE,-0.212813215127392,0.0950141471758054,"Tmin","prev.oct"
"CAGL",-0.0962641109836991,FALSE,-0.325623426417475,0.146702665119166,"Tmin","prev.nov"
"CAGL",0.0339850976274214,FALSE,-0.202166028785967,0.282518497158848,"Tmin","prev.dec"
"CAGL",-0.0598869265051588,FALSE,-0.285437355385297,0.172861795667569,"Tmin","curr.jan"
"CAGL",-0.124301702453718,FALSE,-0.353206060186962,0.110833769897791,"Tmin","curr.feb"
"CAGL",-0.0539073697250234,FALSE,-0.302727226699324,0.210681138126302,"Tmin","curr.mar"
"CAGL",0.0997241294936616,FALSE,-0.121626105905616,0.320714141305501,"Tmin","curr.apr"
"CAGL",-0.242804395301631,TRUE,-0.425542372497513,-0.0389477704875251,"Tmin","curr.may"
"CAGL",-0.197981928163839,FALSE,-0.400302348783873,0.0560064306118453,"Tmin","curr.jun"
"CAGL",-0.00217664525400707,FALSE,-0.210042057446916,0.194131218824052,"Tmin","curr.jul"
"CAGL",0.0275495107723797,FALSE,-0.206645312502878,0.244522709363877,"Tmin","curr.aug"
"CAGL",-0.052072018466692,FALSE,-0.280390841526478,0.178027050313973,"Tmean","prev.apr"
"CAGL",0.100600603154641,FALSE,-0.11465992643256,0.301470491989099,"Tmean","prev.may"
"CAGL",0.0291345249426562,FALSE,-0.177728409890175,0.2334214258006,"Tmean","prev.jun"
"CAGL",0.117909753220828,FALSE,-0.081473377892331,0.322572656474252,"Tmean","prev.jul"
"CAGL",0.155546621917535,FALSE,-0.0834012407036379,0.383728721272443,"Tmean","prev.aug"
"CAGL",-0.0360359314563759,FALSE,-0.241144223064155,0.172347619897565,"Tmean","prev.sep"
"CAGL",-0.0847964784266949,FALSE,-0.282949817776194,0.117493833737928,"Tmean","prev.oct"
"CAGL",-0.169401883178521,FALSE,-0.399178124335661,0.0532833668568734,"Tmean","prev.nov"
"CAGL",-0.00808836344610766,FALSE,-0.236375273941462,0.220504573156531,"Tmean","prev.dec"
"CAGL",-0.0935266634532679,FALSE,-0.313660606615548,0.147888084094215,"Tmean","curr.jan"
"CAGL",-0.129154467789942,FALSE,-0.366389082412331,0.105448958779885,"Tmean","curr.feb"
"CAGL",-0.109562702552952,FALSE,-0.337350011242359,0.180014467608044,"Tmean","curr.mar"
"CAGL",0.112391855451099,FALSE,-0.14261064031666,0.36382584147976,"Tmean","curr.apr"
"CAGL",-0.254208542412754,TRUE,-0.434318573041492,-0.0500934265274823,"Tmean","curr.may"
"CAGL",-0.178193958838551,FALSE,-0.387038887770349,0.0720771949217386,"Tmean","curr.jun"
"CAGL",-0.0141638165461952,FALSE,-0.241756768683746,0.196758658588039,"Tmean","curr.jul"
"CAGL",-0.0273319800356571,FALSE,-0.266035750302627,0.1991642268841,"Tmean","curr.aug"
"CAGL",-0.0950027870040374,FALSE,-0.324552043501301,0.13327783898214,"Tmax","prev.apr"
"CAGL",0.124109677809134,FALSE,-0.0941482172812084,0.316090791809012,"Tmax","prev.may"
"CAGL",0.0403949495891052,FALSE,-0.121563556779095,0.227690857201458,"Tmax","prev.jun"
"CAGL",0.0907934913122364,FALSE,-0.122946189063207,0.300706951800664,"Tmax","prev.jul"
"CAGL",0.0871707917752091,FALSE,-0.157723481976184,0.325959972727746,"Tmax","prev.aug"
"CAGL",-0.0719790095728381,FALSE,-0.258643955459984,0.11225758990051,"Tmax","prev.sep"
"CAGL",-0.10337890863245,FALSE,-0.347376607287057,0.160617032475823,"Tmax","prev.oct"
"CAGL",-0.197404371882999,FALSE,-0.408457975361254,0.0404449604701954,"Tmax","prev.nov"
"CAGL",-0.0369552320755898,FALSE,-0.301368525951015,0.197162622735137,"Tmax","prev.dec"
"CAGL",-0.125332074293974,FALSE,-0.341285906391804,0.120511686443492,"Tmax","curr.jan"
"CAGL",-0.149636089766148,FALSE,-0.370111791212614,0.10156787640045,"Tmax","curr.feb"
"CAGL",-0.130228243414571,FALSE,-0.356252087558499,0.141154828578346,"Tmax","curr.mar"
"CAGL",0.09789918828386,FALSE,-0.145179495881286,0.344212778661743,"Tmax","curr.apr"
"CAGL",-0.225949328971339,FALSE,-0.425986351060923,0.0107636345111034,"Tmax","curr.may"
"CAGL",-0.101615570105341,FALSE,-0.340106302335612,0.130145964174756,"Tmax","curr.jun"
"CAGL",-0.0237806040785287,FALSE,-0.239368014273944,0.17676783019479,"Tmax","curr.jul"
"CAGL",-0.072673880720459,FALSE,-0.281711793948609,0.149259304212124,"Tmax","curr.aug"
"CAGL",0.0971092398847489,FALSE,-0.132452926598234,0.299202735052873,"PPT","prev.apr"
"CAGL",-0.141175007405087,FALSE,-0.338473020074163,0.0802938819837777,"PPT","prev.may"
"CAGL",-0.0110888333721622,FALSE,-0.212358800292162,0.169834975392562,"PPT","prev.jun"
"CAGL",-0.124177557164528,FALSE,-0.334162631422839,0.103230699220259,"PPT","prev.jul"
"CAGL",0.0102859183073378,FALSE,-0.245230828400361,0.232774954348894,"PPT","prev.aug"
"CAGL",0.0280892044071831,FALSE,-0.179362735443579,0.229814579347999,"PPT","prev.sep"
"CAGL",0.00318427654216287,FALSE,-0.239734901365974,0.298788808382904,"PPT","prev.oct"
"CAGL",0.0556682181736836,FALSE,-0.154394776995346,0.245182127610652,"PPT","prev.nov"
"CAGL",-0.0176745185070353,FALSE,-0.239226175496916,0.206497703036878,"PPT","prev.dec"
"CAGL",0.0878129329894367,FALSE,-0.0811290280132143,0.244383086383105,"PPT","curr.jan"
"CAGL",0.0379617886408099,FALSE,-0.201432889612897,0.248213011681909,"PPT","curr.feb"
"CAGL",0.181540470633675,FALSE,-0.0548332645400941,0.376650550411186,"PPT","curr.mar"
"CAGL",0.0242266556162601,FALSE,-0.196224832020914,0.25480243142736,"PPT","curr.apr"
"CAGL",0.118912073963187,FALSE,-0.0988078468761195,0.32844958826323,"PPT","curr.may"
"CAGL",0.00751925359415631,FALSE,-0.184478747341025,0.189553893199005,"PPT","curr.jun"
"CAGL",0.201422054680771,FALSE,-0.0147167572631459,0.395408488797898,"PPT","curr.jul"
"CAGL",0.275584815277185,TRUE,0.0516848476266618,0.46079241960138,"PPT","curr.aug"
"CAOV",0.0810578814780698,FALSE,-0.137915887570253,0.279621258956933,"Tmin","prev.apr"
"CAOV",0.00449551739527245,FALSE,-0.241872889584385,0.248414359863978,"Tmin","prev.may"
"CAOV",-0.0486069628118333,FALSE,-0.277942346455316,0.200040873347349,"Tmin","prev.jun"
"CAOV",-0.0421843714836189,FALSE,-0.282356816027407,0.195581715204087,"Tmin","prev.jul"
"CAOV",0.118119736857308,FALSE,-0.158532272128006,0.375972649888505,"Tmin","prev.aug"
"CAOV",0.0251116282482185,FALSE,-0.200163006264744,0.253475835141541,"Tmin","prev.sep"
"CAOV",-0.123593453203189,FALSE,-0.311835974264925,0.0743363666805266,"Tmin","prev.oct"
"CAOV",-0.0847069146853414,FALSE,-0.335687604121217,0.168301758548534,"Tmin","prev.nov"
"CAOV",-0.0810576658036526,FALSE,-0.318101551134921,0.17076346435045,"Tmin","prev.dec"
"CAOV",-0.0936885481901648,FALSE,-0.332989802830448,0.170510948334569,"Tmin","curr.jan"
"CAOV",-0.0683738402121509,FALSE,-0.314252063412003,0.161396716712327,"Tmin","curr.feb"
"CAOV",0.0171514299349626,FALSE,-0.21356197194053,0.277284544605677,"Tmin","curr.mar"
"CAOV",0.120463767755365,FALSE,-0.0906696123033332,0.328304138506423,"Tmin","curr.apr"
"CAOV",-0.283762433857408,TRUE,-0.47628876918315,-0.0962474921793814,"Tmin","curr.may"
"CAOV",-0.204762335621547,FALSE,-0.432081202971235,0.00934763855912875,"Tmin","curr.jun"
"CAOV",0.0350616349942278,FALSE,-0.177112048136989,0.254770536888475,"Tmin","curr.jul"
"CAOV",-0.0281605236913893,FALSE,-0.199217558490668,0.168161815918341,"Tmin","curr.aug"
"CAOV",0.060760371234086,FALSE,-0.157083676908978,0.255124048892248,"Tmean","prev.apr"
"CAOV",0.0356227389223799,FALSE,-0.218265288885981,0.272328932544386,"Tmean","prev.may"
"CAOV",-0.0712230566296623,FALSE,-0.285119544675557,0.168837441506278,"Tmean","prev.jun"
"CAOV",0.0389144915943311,FALSE,-0.164247620640014,0.243932006611777,"Tmean","prev.jul"
"CAOV",0.103679369137945,FALSE,-0.185822405756776,0.362238426648462,"Tmean","prev.aug"
"CAOV",-0.0367274084639691,FALSE,-0.248089755909854,0.173649633623891,"Tmean","prev.sep"
"CAOV",-0.097855274031987,FALSE,-0.350715865460473,0.122185406077384,"Tmean","prev.oct"
"CAOV",-0.149842312888283,FALSE,-0.378872946866776,0.122582968987544,"Tmean","prev.nov"
"CAOV",-0.107916968619375,FALSE,-0.339417526215211,0.107279429844177,"Tmean","prev.dec"
"CAOV",-0.103119344375513,FALSE,-0.334724817149927,0.135890132853231,"Tmean","curr.jan"
"CAOV",-0.049629521843683,FALSE,-0.305954146853196,0.192711414317267,"Tmean","curr.feb"
"CAOV",-0.0282608029842089,FALSE,-0.255984693985273,0.249247276880237,"Tmean","curr.mar"
"CAOV",0.215327690039656,TRUE,0.0124164591468282,0.422201997060677,"Tmean","curr.apr"
"CAOV",-0.258434657536693,TRUE,-0.428440107238588,-0.05979926073363,"Tmean","curr.may"
"CAOV",-0.162507992273366,FALSE,-0.357821275006203,0.0228050594844268,"Tmean","curr.jun"
"CAOV",-0.0530118047598499,FALSE,-0.269203149684671,0.166313564062447,"Tmean","curr.jul"
"CAOV",-0.103282478252532,FALSE,-0.285198468302529,0.0965172356381999,"Tmean","curr.aug"
"CAOV",0.0277909513379724,FALSE,-0.200269433747831,0.232940418931675,"Tmax","prev.apr"
"CAOV",0.0532741582392773,FALSE,-0.170762998728272,0.287849626819348,"Tmax","prev.may"
"CAOV",-0.0842333543995143,FALSE,-0.295930231534844,0.121484520590695,"Tmax","prev.jun"
"CAOV",0.0896852379032328,FALSE,-0.118598067831042,0.279751968011641,"Tmax","prev.jul"
"CAOV",0.0510667011288255,FALSE,-0.206406995893881,0.306132891695947,"Tmax","prev.aug"
"CAOV",-0.075643757700483,FALSE,-0.265063666766814,0.112319365721571,"Tmax","prev.sep"
"CAOV",-0.0549123098139082,FALSE,-0.331827201708483,0.210550933605191,"Tmax","prev.oct"
"CAOV",-0.170379231113363,FALSE,-0.401247666440831,0.0631052240874,"Tmax","prev.nov"
"CAOV",-0.140314909781521,FALSE,-0.346508774695828,0.0995606439499113,"Tmax","prev.dec"
"CAOV",-0.0992921288108809,FALSE,-0.322624701475687,0.153064408409063,"Tmax","curr.jan"
"CAOV",-0.0397784623918643,FALSE,-0.275858103724522,0.207014812660354,"Tmax","curr.feb"
"CAOV",-0.0611729881676485,FALSE,-0.296759162255191,0.208646237275091,"Tmax","curr.mar"
"CAOV",0.251582029846482,TRUE,0.0179145322006974,0.460502050868576,"Tmax","curr.apr"
"CAOV",-0.209776786499331,FALSE,-0.409073982851932,0.00488759235886972,"Tmax","curr.may"
"CAOV",-0.0932625528739379,FALSE,-0.292903659412215,0.113756853017024,"Tmax","curr.jun"
"CAOV",-0.0953558940613669,FALSE,-0.304818601601177,0.107169741931527,"Tmax","curr.jul"
"CAOV",-0.138947860501308,FALSE,-0.330577943633293,0.0541193390543162,"Tmax","curr.aug"
"CAOV",0.0605754118564313,FALSE,-0.182103690362934,0.269008820508442,"PPT","prev.apr"
"CAOV",-0.0599261796431242,FALSE,-0.280644102783768,0.177384237265198,"PPT","prev.may"
"CAOV",-0.0364187488996965,FALSE,-0.238963782271729,0.147041152933242,"PPT","prev.jun"
"CAOV",-0.128175867636877,FALSE,-0.344928423466353,0.0863341444375353,"PPT","prev.jul"
"CAOV",0.0723333399618832,FALSE,-0.207825966625341,0.309473574463435,"PPT","prev.aug"
"CAOV",0.0290141496169048,FALSE,-0.139888751175326,0.198739322503817,"PPT","prev.sep"
"CAOV",-0.120780347216385,FALSE,-0.352708974099161,0.162489809929648,"PPT","prev.oct"
"CAOV",0.0700023214247473,FALSE,-0.158509586933554,0.27551530050651,"PPT","prev.nov"
"CAOV",0.0226355860057204,FALSE,-0.252500419456157,0.249809036839072,"PPT","prev.dec"
"CAOV",-0.0513097780198647,FALSE,-0.241293574308906,0.151860037040399,"PPT","curr.jan"
"CAOV",-0.0412969663634157,FALSE,-0.261588689240758,0.148315680768571,"PPT","curr.feb"
"CAOV",0.0758611433565055,FALSE,-0.170223447092087,0.274221787596557,"PPT","curr.mar"
"CAOV",-0.0700223243928353,FALSE,-0.260959789212129,0.133679963120937,"PPT","curr.apr"
"CAOV",0.0695034911858123,FALSE,-0.151951701458362,0.277661951206511,"PPT","curr.may"
"CAOV",0.0407762710469706,FALSE,-0.15075727777865,0.227211404434178,"PPT","curr.jun"
"CAOV",0.258530304510658,TRUE,0.0234430718667557,0.452996247472858,"PPT","curr.jul"
"CAOV",0.260558746840125,TRUE,0.0646153429835484,0.424279520283925,"PPT","curr.aug"
"CATO",0.0362912422506841,FALSE,-0.182008284537273,0.250545161699735,"Tmin","prev.apr"
"CATO",0.00221372244431116,FALSE,-0.184886321945468,0.198732602219064,"Tmin","prev.may"
"CATO",-0.0507235118638955,FALSE,-0.244377253792783,0.130808160074088,"Tmin","prev.jun"
"CATO",-0.0847421687200584,FALSE,-0.305862318845149,0.151100689671081,"Tmin","prev.jul"
"CATO",-0.0654747458717033,FALSE,-0.282501123757766,0.17515884752108,"Tmin","prev.aug"
"CATO",0.0765991344222522,FALSE,-0.141192254369661,0.271952843664217,"Tmin","prev.sep"
"CATO",-0.0915980907144357,FALSE,-0.291916978316377,0.115551378843812,"Tmin","prev.oct"
"CATO",-0.102203515878154,FALSE,-0.356760495731086,0.118477251907834,"Tmin","prev.nov"
"CATO",0.0840772276975814,FALSE,-0.0709513339445168,0.252362042962135,"Tmin","prev.dec"
"CATO",-0.0761050476863142,FALSE,-0.321741311949235,0.147219532653971,"Tmin","curr.jan"
"CATO",-0.0936700401583492,FALSE,-0.308981232650303,0.128976173662168,"Tmin","curr.feb"
"CATO",-0.0893123408637736,FALSE,-0.297917515604918,0.127955965100964,"Tmin","curr.mar"
"CATO",-0.0328539395886865,FALSE,-0.242876427065381,0.170133850951072,"Tmin","curr.apr"
"CATO",-0.0835324762416913,FALSE,-0.254660735824218,0.0993882495663315,"Tmin","curr.may"
"CATO",-0.186938569567236,FALSE,-0.389542342249499,0.0441232529970738,"Tmin","curr.jun"
"CATO",-0.097825276533825,FALSE,-0.315827828134474,0.104174720025074,"Tmin","curr.jul"
"CATO",-0.219797282810322,TRUE,-0.395562004081364,-0.0284998083087507,"Tmin","curr.aug"
"CATO",0.0632653439762855,FALSE,-0.148581079191089,0.278520628275715,"Tmean","prev.apr"
"CATO",0.0446939871447546,FALSE,-0.158223407748253,0.222504413373943,"Tmean","prev.may"
"CATO",-0.027464637534778,FALSE,-0.200343472122979,0.146530437256455,"Tmean","prev.jun"
"CATO",-0.0268823688478791,FALSE,-0.239353236806015,0.192193392573018,"Tmean","prev.jul"
"CATO",-0.0660504633005313,FALSE,-0.282747791127862,0.1598965775026,"Tmean","prev.aug"
"CATO",0.0978341788505606,FALSE,-0.108376203678053,0.302331034689513,"Tmean","prev.sep"
"CATO",-0.0491268040627245,FALSE,-0.262215001087742,0.193515258728386,"Tmean","prev.oct"
"CATO",-0.134420994608717,FALSE,-0.376447950356155,0.115221505243488,"Tmean","prev.nov"
"CATO",0.0937457547791391,FALSE,-0.0819451945031432,0.254564965080736,"Tmean","prev.dec"
"CATO",-0.0538955790617583,FALSE,-0.272049017599799,0.195567982971395,"Tmean","curr.jan"
"CATO",-0.116619149248657,FALSE,-0.338635553971303,0.114082539400365,"Tmean","curr.feb"
"CATO",-0.179568044315351,FALSE,-0.382700084968472,0.0311997480464577,"Tmean","curr.mar"
"CATO",0.0576676197026965,FALSE,-0.153425442400767,0.262241103888295,"Tmean","curr.apr"
"CATO",-0.034942827574084,FALSE,-0.223846204806315,0.153066223277643,"Tmean","curr.may"
"CATO",-0.19368491818946,FALSE,-0.410699737271312,0.043345192724388,"Tmean","curr.jun"
"CATO",-0.102853443242338,FALSE,-0.326266126138245,0.115161837990585,"Tmean","curr.jul"
"CATO",-0.265191680384725,TRUE,-0.447541591098604,-0.0791159362871491,"Tmean","curr.aug"
"CATO",0.0726892101411155,FALSE,-0.161827159027797,0.283907450835705,"Tmax","prev.apr"
"CATO",0.0578303150298418,FALSE,-0.151969997325692,0.248519723240897,"Tmax","prev.may"
"CATO",0.00220916916743367,FALSE,-0.174520834766372,0.16135814331515,"Tmax","prev.jun"
"CATO",0.0242972865586474,FALSE,-0.193540685016154,0.240338857410705,"Tmax","prev.jul"
"CATO",-0.0584834153132773,FALSE,-0.26818126547494,0.170727533101388,"Tmax","prev.aug"
"CATO",0.0952623978575389,FALSE,-0.0998447504750284,0.296447839900771,"Tmax","prev.sep"
"CATO",0.0255774683387498,FALSE,-0.23952164040239,0.277207337034602,"Tmax","prev.oct"
"CATO",-0.144062707462499,FALSE,-0.379217169856469,0.101402493175402,"Tmax","prev.nov"
"CATO",0.104564480023492,FALSE,-0.0759989820938608,0.26019654712109,"Tmax","prev.dec"
"CATO",-0.0251085471054835,FALSE,-0.264082359987071,0.208048943711385,"Tmax","curr.jan"
"CATO",-0.126008276671566,FALSE,-0.350429967450785,0.117155904899091,"Tmax","curr.feb"
"CATO",-0.225072504743805,TRUE,-0.432673623588776,-0.00131904265673403,"Tmax","curr.mar"
"CATO",0.110255810995353,FALSE,-0.120980208986043,0.314366034070198,"Tmax","curr.apr"
"CATO",0.000556099425029153,FALSE,-0.227056354438347,0.206382329483016,"Tmax","curr.may"
"CATO",-0.159835293547787,FALSE,-0.397232926180988,0.0925072366835237,"Tmax","curr.jun"
"CATO",-0.0824905124459149,FALSE,-0.3040247471965,0.139430467486019,"Tmax","curr.jul"
"CATO",-0.248470313165361,TRUE,-0.419988110940431,-0.0483804313210263,"Tmax","curr.aug"
"CATO",-0.0688707999735521,FALSE,-0.280027191464989,0.145693799511362,"PPT","prev.apr"
"CATO",-0.0377355801458946,FALSE,-0.258768245079459,0.183813565732633,"PPT","prev.may"
"CATO",-0.120333944399402,FALSE,-0.343924872817196,0.0637450990387727,"PPT","prev.jun"
"CATO",0.00731620416828602,FALSE,-0.199252862237657,0.211458730298957,"PPT","prev.jul"
"CATO",-0.0386472066651157,FALSE,-0.236167263496583,0.175453996982389,"PPT","prev.aug"
"CATO",0.0368237601742498,FALSE,-0.182671452575452,0.284491745770763,"PPT","prev.sep"
"CATO",-0.0993845960312996,FALSE,-0.303465691073092,0.110562028673206,"PPT","prev.oct"
"CATO",-0.0765990716013788,FALSE,-0.246377367123216,0.101725465367955,"PPT","prev.nov"
"CATO",0.00423278821828765,FALSE,-0.232173276250113,0.217950212725733,"PPT","prev.dec"
"CATO",-0.228690283573643,TRUE,-0.426999035773551,-0.0313093905077778,"PPT","curr.jan"
"CATO",-0.0679684035984981,FALSE,-0.321023583832702,0.189497992549069,"PPT","curr.feb"
"CATO",0.167639865979167,FALSE,-0.0431658544040356,0.360465923292018,"PPT","curr.mar"
"CATO",-0.131955686397567,FALSE,-0.329952896064944,0.111325711138731,"PPT","curr.apr"
"CATO",-0.00982627141446062,FALSE,-0.244895473216212,0.200952852858656,"PPT","curr.may"
"CATO",0.079790500269059,FALSE,-0.160563849046002,0.283084138612979,"PPT","curr.jun"
"CATO",0.0549727839118602,FALSE,-0.16925692215287,0.276076856191347,"PPT","curr.jul"
"CATO",0.0866030386586051,FALSE,-0.148651201690418,0.265912654893846,"PPT","curr.aug"
"FAGR",0.115632350561859,FALSE,-0.075831932844556,0.285776496063762,"Tmin","prev.apr"
"FAGR",-0.136304659367655,FALSE,-0.361924207927202,0.0927362184662797,"Tmin","prev.may"
"FAGR",-0.0698362523409192,FALSE,-0.307182903368907,0.204263874535652,"Tmin","prev.jun"
"FAGR",0.106962028523672,FALSE,-0.0688891399064523,0.301518360622272,"Tmin","prev.jul"
"FAGR",-0.00228704562633699,FALSE,-0.207009167390236,0.182825205935153,"Tmin","prev.aug"
"FAGR",0.0273828223302259,FALSE,-0.193512554896583,0.247624663711827,"Tmin","prev.sep"
"FAGR",0.0284158525919428,FALSE,-0.179096274020144,0.22342287624042,"Tmin","prev.oct"
"FAGR",-0.0512347484759809,FALSE,-0.264001002481521,0.173882726312146,"Tmin","prev.nov"
"FAGR",-0.107176063476824,FALSE,-0.294003767730301,0.0947898617396395,"Tmin","prev.dec"
"FAGR",-0.146688417203181,FALSE,-0.334902995750394,0.039026908553824,"Tmin","curr.jan"
"FAGR",-0.0320076023930673,FALSE,-0.247877736329415,0.174951348402305,"Tmin","curr.feb"
"FAGR",0.0369255822569228,FALSE,-0.194539972666909,0.275461351753394,"Tmin","curr.mar"
"FAGR",0.108794589910654,FALSE,-0.0887978493506346,0.31730742170135,"Tmin","curr.apr"
"FAGR",-0.217816720598079,TRUE,-0.413674397076537,-0.00799109868688226,"Tmin","curr.may"
"FAGR",-0.169856131385361,FALSE,-0.401125547902203,0.076686321950018,"Tmin","curr.jun"
"FAGR",-0.155964831016032,FALSE,-0.340353669180968,0.0186457543633108,"Tmin","curr.jul"
"FAGR",-0.0766502496059636,FALSE,-0.266883938651858,0.109403034168887,"Tmin","curr.aug"
"FAGR",0.0852097127080038,FALSE,-0.110418024395608,0.275133273729705,"Tmean","prev.apr"
"FAGR",-0.0491144432061904,FALSE,-0.284643842552184,0.194812742511551,"Tmean","prev.may"
"FAGR",-0.0156575162321761,FALSE,-0.263715410771844,0.240911546369472,"Tmean","prev.jun"
"FAGR",0.047656555744157,FALSE,-0.168864052178573,0.252015025419103,"Tmean","prev.jul"
"FAGR",0.0364069121111155,FALSE,-0.144949581648236,0.223710851912142,"Tmean","prev.aug"
"FAGR",-0.122671235214598,FALSE,-0.321662646148722,0.0916943836273982,"Tmean","prev.sep"
"FAGR",-0.0842123553467346,FALSE,-0.292504228242578,0.100596788439973,"Tmean","prev.oct"
"FAGR",-0.139919410739886,FALSE,-0.376202907607944,0.101055339622268,"Tmean","prev.nov"
"FAGR",-0.144779975926656,FALSE,-0.350637487756405,0.0781971491869142,"Tmean","prev.dec"
"FAGR",-0.179400074870244,FALSE,-0.367699429172386,-0.0048572875602507,"Tmean","curr.jan"
"FAGR",-0.078785083157692,FALSE,-0.276917152119309,0.13296166181859,"Tmean","curr.feb"
"FAGR",0.009567019422397,FALSE,-0.240191406123375,0.268796829940365,"Tmean","curr.mar"
"FAGR",0.220082601010315,FALSE,-0.000273985985191938,0.410943794311131,"Tmean","curr.apr"
"FAGR",-0.242313060210414,TRUE,-0.427454351721846,-0.0371516024014993,"Tmean","curr.may"
"FAGR",-0.206362096889993,FALSE,-0.40933112397072,0.0183753328415562,"Tmean","curr.jun"
"FAGR",-0.339632098399806,TRUE,-0.516057668206283,-0.132923298813929,"Tmean","curr.jul"
"FAGR",-0.225051479928932,TRUE,-0.420203568155233,-0.0226788315552289,"Tmean","curr.aug"
"FAGR",0.0677727485360279,FALSE,-0.124583750979058,0.255929445519219,"Tmax","prev.apr"
"FAGR",0.00853788707467269,FALSE,-0.205846936485376,0.232174760598145,"Tmax","prev.may"
"FAGR",0.0319054780100654,FALSE,-0.228471967875238,0.268021722811804,"Tmax","prev.jun"
"FAGR",-0.00582382045367738,FALSE,-0.218897323044408,0.201232124156446,"Tmax","prev.jul"
"FAGR",0.0581906033088109,FALSE,-0.127046795085503,0.272316070558186,"Tmax","prev.aug"
"FAGR",-0.205510176705391,TRUE,-0.38378294859832,-0.0137859247083547,"Tmax","prev.sep"
"FAGR",-0.179678037793505,FALSE,-0.3782313937668,0.0201488174846527,"Tmax","prev.oct"
"FAGR",-0.187286577688748,FALSE,-0.396138333564398,0.0454341742916485,"Tmax","prev.nov"
"FAGR",-0.165926530473281,FALSE,-0.380678160288882,0.0319453320744387,"Tmax","prev.dec"
"FAGR",-0.202783660879253,TRUE,-0.393189600048468,-0.00668927358480246,"Tmax","curr.jan"
"FAGR",-0.106254129235744,FALSE,-0.31974413338262,0.10754457104213,"Tmax","curr.feb"
"FAGR",-0.019274431028297,FALSE,-0.258997931089679,0.231453805973251,"Tmax","curr.mar"
"FAGR",0.257978091694749,TRUE,0.0750153508508097,0.438030434151694,"Tmax","curr.apr"
"FAGR",-0.228717637017743,TRUE,-0.411197286220929,-0.0196346190689984,"Tmax","curr.may"
"FAGR",-0.204344901665973,FALSE,-0.406259041588918,0.015576086204981,"Tmax","curr.jun"
"FAGR",-0.393209122144988,TRUE,-0.588398325226011,-0.179139996563169,"Tmax","curr.jul"
"FAGR",-0.305628878750879,TRUE,-0.491608844212388,-0.0866067381292824,"Tmax","curr.aug"
"FAGR",0.0811290101224948,FALSE,-0.111584163857625,0.258041925963127,"PPT","prev.apr"
"FAGR",-0.0546669000124433,FALSE,-0.247323768917513,0.133590188208502,"PPT","prev.may"
"FAGR",-0.0113426743570219,FALSE,-0.218005793177916,0.210759374145577,"PPT","prev.jun"
"FAGR",0.049492031849294,FALSE,-0.173468428703034,0.264135752542159,"PPT","prev.jul"
"FAGR",0.0431669549541507,FALSE,-0.187507149649823,0.230514537279556,"PPT","prev.aug"
"FAGR",0.331555459558358,TRUE,0.121797567767202,0.526692645723769,"PPT","prev.sep"
"FAGR",0.0876850770710697,FALSE,-0.192245638567106,0.377098696039763,"PPT","prev.oct"
"FAGR",0.0481883973436628,FALSE,-0.177588934708134,0.242348114547653,"PPT","prev.nov"
"FAGR",-0.0948677836505887,FALSE,-0.316264607832967,0.132632302319422,"PPT","prev.dec"
"FAGR",-0.140472714860927,FALSE,-0.352166753648236,0.0507648723423419,"PPT","curr.jan"
"FAGR",0.0195872683533352,FALSE,-0.160131496461655,0.212259442370902,"PPT","curr.feb"
"FAGR",0.0143831848615291,FALSE,-0.198618175805289,0.204045750956224,"PPT","curr.mar"
"FAGR",-0.080696161246044,FALSE,-0.27725744300507,0.114284042010729,"PPT","curr.apr"
"FAGR",0.124745865290999,FALSE,-0.0856731225251666,0.322717927136084,"PPT","curr.may"
"FAGR",0.154908696401172,FALSE,-0.0386716207112517,0.366333460419415,"PPT","curr.jun"
"FAGR",0.34446838861569,TRUE,0.176909321147593,0.504644359855486,"PPT","curr.jul"
"FAGR",0.242746485462189,TRUE,0.0483581108855784,0.424775934089504,"PPT","curr.aug"
"FRAM",-0.0506886419209028,FALSE,-0.25198956125217,0.190960266782348,"Tmin","prev.apr"
"FRAM",0.0748133913336965,FALSE,-0.110759842825726,0.252362740356457,"Tmin","prev.may"
"FRAM",0.119595549634909,FALSE,-0.0968270335195289,0.3021140147482,"Tmin","prev.jun"
"FRAM",-0.0156969344156618,FALSE,-0.24371679285806,0.218612073171852,"Tmin","prev.jul"
"FRAM",-0.0197148060314975,FALSE,-0.293822537971168,0.249765683779298,"Tmin","prev.aug"
"FRAM",-0.0586198999091181,FALSE,-0.323064032798638,0.167348188404753,"Tmin","prev.sep"
"FRAM",-0.0388264452257146,FALSE,-0.233316357695604,0.159156716573804,"Tmin","prev.oct"
"FRAM",-0.0356996904537052,FALSE,-0.245869861330003,0.192156907285849,"Tmin","prev.nov"
"FRAM",0.228109265766027,TRUE,0.0424354814326539,0.418375623904471,"Tmin","prev.dec"
"FRAM",0.0841200512930866,FALSE,-0.129895072358377,0.293350621835602,"Tmin","curr.jan"
"FRAM",0.061225988130696,FALSE,-0.155664515448585,0.275528256563797,"Tmin","curr.feb"
"FRAM",0.0642239950433326,FALSE,-0.21858153524625,0.292041911721796,"Tmin","curr.mar"
"FRAM",-0.026508116170923,FALSE,-0.235444496483664,0.171279086660548,"Tmin","curr.apr"
"FRAM",-0.188369256649036,FALSE,-0.37396889963643,0.00677273160731335,"Tmin","curr.may"
"FRAM",-0.0289409580758229,FALSE,-0.254485195833698,0.200155127397444,"Tmin","curr.jun"
"FRAM",0.0977110860001117,FALSE,-0.106846414692374,0.300897843715773,"Tmin","curr.jul"
"FRAM",-0.0449261996315903,FALSE,-0.260477695562211,0.185949360958891,"Tmin","curr.aug"
"FRAM",-0.0406984504098681,FALSE,-0.258557293999091,0.15983748244215,"Tmean","prev.apr"
"FRAM",0.11619787565435,FALSE,-0.0858807045432128,0.292349472263579,"Tmean","prev.may"
"FRAM",0.103051435372953,FALSE,-0.0910176009117094,0.289025781818092,"Tmean","prev.jun"
"FRAM",-0.00174857879329455,FALSE,-0.221466171971888,0.190498771496446,"Tmean","prev.jul"
"FRAM",0.0271255252728541,FALSE,-0.242913909304721,0.276939083308562,"Tmean","prev.aug"
"FRAM",-0.0892869120947684,FALSE,-0.329592226857019,0.129834685525865,"Tmean","prev.sep"
"FRAM",-0.137227300282716,FALSE,-0.342922218019881,0.0933300007714984,"Tmean","prev.oct"
"FRAM",-0.0257888174240799,FALSE,-0.256736017555946,0.197334376951511,"Tmean","prev.nov"
"FRAM",0.205213047624342,TRUE,0.0120645207565325,0.386892363610844,"Tmean","prev.dec"
"FRAM",0.0778815996513856,FALSE,-0.136000392851245,0.290019282925148,"Tmean","curr.jan"
"FRAM",0.0281537328589972,FALSE,-0.188196604269322,0.239567775920589,"Tmean","curr.feb"
"FRAM",0.0139889232770338,FALSE,-0.229915895494591,0.245076568730927,"Tmean","curr.mar"
"FRAM",-0.00386537299332586,FALSE,-0.199734278033306,0.195967727517852,"Tmean","curr.apr"
"FRAM",-0.271824855879059,TRUE,-0.437902759671736,-0.063910598983212,"Tmean","curr.may"
"FRAM",-0.063484692170674,FALSE,-0.274051296900256,0.146584260115004,"Tmean","curr.jun"
"FRAM",0.0789541845763411,FALSE,-0.177597908640678,0.309453439053382,"Tmean","curr.jul"
"FRAM",-0.0655530376065136,FALSE,-0.26979798095651,0.13110282341399,"Tmean","curr.aug"
"FRAM",-0.0361274507166805,FALSE,-0.259235620558958,0.179457995780877,"Tmax","prev.apr"
"FRAM",0.134475984911108,FALSE,-0.0753460289431376,0.31118678647376,"Tmax","prev.may"
"FRAM",0.0550543262171902,FALSE,-0.141049572597847,0.262142572334143,"Tmax","prev.jun"
"FRAM",0.00905201578294445,FALSE,-0.164778547503537,0.164719465593977,"Tmax","prev.jul"
"FRAM",0.0503855507386959,FALSE,-0.173884637295897,0.243686289323151,"Tmax","prev.aug"
"FRAM",-0.0898203508842671,FALSE,-0.29709191146232,0.108480904619659,"Tmax","prev.sep"
"FRAM",-0.184174610070811,FALSE,-0.447788093398673,0.101668593584903,"Tmax","prev.oct"
"FRAM",-0.0312287974827171,FALSE,-0.248816888345665,0.20826841368274,"Tmax","prev.nov"
"FRAM",0.186033127695529,FALSE,-0.0291176500722337,0.38534947126945,"Tmax","prev.dec"
"FRAM",0.0777800795534973,FALSE,-0.136788292946297,0.302292934476007,"Tmax","curr.jan"
"FRAM",0.00162760430783584,FALSE,-0.206611793790714,0.208690999839406,"Tmax","curr.feb"
"FRAM",-0.0226080272176002,FALSE,-0.250604323735843,0.193233703692938,"Tmax","curr.mar"
"FRAM",0.0144699653201314,FALSE,-0.196298971411546,0.228733988355285,"Tmax","curr.apr"
"FRAM",-0.301034778335441,TRUE,-0.470214095372789,-0.101721512089629,"Tmax","curr.may"
"FRAM",-0.0731313822002639,FALSE,-0.278631829802879,0.135849768546173,"Tmax","curr.jun"
"FRAM",0.0443287564610838,FALSE,-0.217738508088982,0.282896650754804,"Tmax","curr.jul"
"FRAM",-0.0670005550412029,FALSE,-0.261981158251741,0.125635470614969,"Tmax","curr.aug"
"FRAM",0.155547991861037,FALSE,-0.0944066177197851,0.369330621004304,"PPT","prev.apr"
"FRAM",-0.0354869809856754,FALSE,-0.236153101261094,0.195902960812581,"PPT","prev.may"
"FRAM",0.0899012939483493,FALSE,-0.140615053003265,0.310632955945579,"PPT","prev.jun"
"FRAM",-0.00267499767273822,FALSE,-0.224887772314463,0.226560318058417,"PPT","prev.jul"
"FRAM",0.0386653169659165,FALSE,-0.183579454606578,0.27558619517117,"PPT","prev.aug"
"FRAM",0.0294053101003507,FALSE,-0.130885159868725,0.192464640438292,"PPT","prev.sep"
"FRAM",0.0174975402058095,FALSE,-0.261327114102339,0.291612551433201,"PPT","prev.oct"
"FRAM",0.0895160438471618,FALSE,-0.138978982972235,0.291439353934793,"PPT","prev.nov"
"FRAM",-0.0412922784082626,FALSE,-0.284606757970126,0.189808280938468,"PPT","prev.dec"
"FRAM",-0.256900257531857,TRUE,-0.42659559629864,-0.0570966165828717,"PPT","curr.jan"
"FRAM",0.109211705814416,FALSE,-0.101326038645001,0.305218493678347,"PPT","curr.feb"
"FRAM",0.098387112711396,FALSE,-0.112765194935723,0.293445571750708,"PPT","curr.mar"
"FRAM",-0.0227789804320305,FALSE,-0.25084995277584,0.225319316162837,"PPT","curr.apr"
"FRAM",0.223295268575809,FALSE,-0.00105035391269571,0.422207509926087,"PPT","curr.may"
"FRAM",0.0871096988225479,FALSE,-0.12546540127706,0.269139414901569,"PPT","curr.jun"
"FRAM",0.0679979749896515,FALSE,-0.154284490794628,0.293981645659406,"PPT","curr.jul"
"FRAM",0.180111073707687,FALSE,-0.013796457819857,0.358659852946568,"PPT","curr.aug"
"FRNI",0.100872672791845,FALSE,-0.0721652803549569,0.252500562671657,"Tmin","prev.apr"
"FRNI",-0.104514915671135,FALSE,-0.272209824884844,0.0541690789197122,"Tmin","prev.may"
"FRNI",0.0032160297478053,FALSE,-0.18192043605392,0.187137944527648,"Tmin","prev.jun"
"FRNI",0.190453378217558,FALSE,-0.0630374964172987,0.426437591397963,"Tmin","prev.jul"
"FRNI",0.21035309348058,FALSE,-0.0345972544404241,0.408723162128462,"Tmin","prev.aug"
"FRNI",0.130719639587419,FALSE,-0.0437644051900676,0.282099637457727,"Tmin","prev.sep"
"FRNI",-0.0427083213498355,FALSE,-0.203397083533796,0.132885180692881,"Tmin","prev.oct"
"FRNI",-0.0549378495665958,FALSE,-0.311449382185841,0.209008509550259,"Tmin","prev.nov"
"FRNI",-0.0674519756551614,FALSE,-0.261170881762614,0.162166082027058,"Tmin","prev.dec"
"FRNI",-0.0246904409533741,FALSE,-0.261460953900883,0.247167645423134,"Tmin","curr.jan"
"FRNI",-0.130465368943469,FALSE,-0.370840760250663,0.117056464392957,"Tmin","curr.feb"
"FRNI",0.0550863777302803,FALSE,-0.184400540597498,0.328236211565988,"Tmin","curr.mar"
"FRNI",-0.0934652652995501,FALSE,-0.298022003432437,0.129118738840489,"Tmin","curr.apr"
"FRNI",-0.00782343600864651,FALSE,-0.266858523852154,0.243832843844445,"Tmin","curr.may"
"FRNI",0.0848038013902604,FALSE,-0.110210795009458,0.270016350184811,"Tmin","curr.jun"
"FRNI",0.0789177661239975,FALSE,-0.145410939118011,0.284323747136654,"Tmin","curr.jul"
"FRNI",0.177365574001808,FALSE,-0.0249203275058295,0.378810134387587,"Tmin","curr.aug"
"FRNI",0.0379581480496442,FALSE,-0.167601786933126,0.23267089543526,"Tmean","prev.apr"
"FRNI",-0.120513653190937,FALSE,-0.317171514540044,0.0751934748744923,"Tmean","prev.may"
"FRNI",-0.0909897563417889,FALSE,-0.286802068696904,0.087019705725913,"Tmean","prev.jun"
"FRNI",0.114985729572592,FALSE,-0.148395342240219,0.332920133351188,"Tmean","prev.jul"
"FRNI",0.193422813563664,FALSE,-0.0453931077321386,0.411554534971608,"Tmean","prev.aug"
"FRNI",0.0388752985261451,FALSE,-0.128778710631222,0.204208612194661,"Tmean","prev.sep"
"FRNI",-0.0483652443368164,FALSE,-0.271570776213491,0.18312273971061,"Tmean","prev.oct"
"FRNI",-0.175728209257436,FALSE,-0.423769551566749,0.113011448411249,"Tmean","prev.nov"
"FRNI",-0.0845301181121722,FALSE,-0.313305554369443,0.15173933530438,"Tmean","prev.dec"
"FRNI",-0.044876213051013,FALSE,-0.291449278276655,0.219479675562077,"Tmean","curr.jan"
"FRNI",-0.154316614645252,FALSE,-0.359334317605237,0.0762040467438428,"Tmean","curr.feb"
"FRNI",-0.00831716180488732,FALSE,-0.264578080286296,0.247745604683608,"Tmean","curr.mar"
"FRNI",-0.226650636369134,TRUE,-0.414703018995655,-0.0104573070882755,"Tmean","curr.apr"
"FRNI",-0.083610187694961,FALSE,-0.327154262459933,0.17329909430057,"Tmean","curr.may"
"FRNI",0.0407259242772596,FALSE,-0.171080424411211,0.22957764861247,"Tmean","curr.jun"
"FRNI",0.0871794897011764,FALSE,-0.156891441406285,0.333219206215952,"Tmean","curr.jul"
"FRNI",0.12573568675074,FALSE,-0.0986274297112882,0.345434531996175,"Tmean","curr.aug"
"FRNI",-0.0226024101672619,FALSE,-0.241425203332513,0.214217383202,"Tmax","prev.apr"
"FRNI",-0.119047437959133,FALSE,-0.327188173589513,0.0844936790799325,"Tmax","prev.may"
"FRNI",-0.163866368126765,FALSE,-0.326459065395602,0.0207489205009289,"Tmax","prev.jun"
"FRNI",0.0200827972879233,FALSE,-0.204549151368865,0.230459231806338,"Tmax","prev.jul"
"FRNI",0.14512499979737,FALSE,-0.0835428582247949,0.335356491601057,"Tmax","prev.aug"
"FRNI",-0.0356866048877767,FALSE,-0.224595178632407,0.162743983453178,"Tmax","prev.sep"
"FRNI",-0.0432061318878206,FALSE,-0.308589426383457,0.217379324814588,"Tmax","prev.oct"
"FRNI",-0.230349494595306,FALSE,-0.467472893950692,0.0807445474407438,"Tmax","prev.nov"
"FRNI",-0.106518688405114,FALSE,-0.325542103810761,0.118172772098163,"Tmax","prev.dec"
"FRNI",-0.0809389194226554,FALSE,-0.333329546900413,0.202062761348572,"Tmax","curr.jan"
"FRNI",-0.159094848260454,FALSE,-0.376891844283132,0.0613632117822662,"Tmax","curr.feb"
"FRNI",-0.0426502801329445,FALSE,-0.306933222590908,0.229860761086408,"Tmax","curr.mar"
"FRNI",-0.295162413374867,TRUE,-0.476853341189144,-0.0747931907292006,"Tmax","curr.apr"
"FRNI",-0.136385579160444,FALSE,-0.348066256368359,0.0956908750836672,"Tmax","curr.may"
"FRNI",-0.0136927338478843,FALSE,-0.21499160477976,0.184212389253133,"Tmax","curr.jun"
"FRNI",0.0843309795812294,FALSE,-0.174274265077981,0.30643154818944,"Tmax","curr.jul"
"FRNI",0.0371066509083581,FALSE,-0.165580695501521,0.254386188633102,"Tmax","curr.aug"
"FRNI",0.194437291037158,TRUE,0.0249689432819865,0.331573330412108,"PPT","prev.apr"
"FRNI",-0.0554066777284031,FALSE,-0.302661804238003,0.203341135074557,"PPT","prev.may"
"FRNI",0.287805399710186,TRUE,0.0905930956947429,0.469152365113263,"PPT","prev.jun"
"FRNI",-0.0361302203788566,FALSE,-0.237413794575394,0.146132812513461,"PPT","prev.jul"
"FRNI",-0.00694850212060131,FALSE,-0.184556520275397,0.14480568271562,"PPT","prev.aug"
"FRNI",-0.0376853293791204,FALSE,-0.264029628974067,0.183919610835386,"PPT","prev.sep"
"FRNI",-0.0990561165954259,FALSE,-0.350558337801722,0.161409628524422,"PPT","prev.oct"
"FRNI",0.286788138677613,TRUE,0.0628926843316579,0.472684683599954,"PPT","prev.nov"
"FRNI",0.0496131069831379,FALSE,-0.159627486838163,0.256414739642849,"PPT","prev.dec"
"FRNI",0.143143276089869,FALSE,-0.0473262006853175,0.331568518855668,"PPT","curr.jan"
"FRNI",0.1273172277298,FALSE,-0.0823087316873992,0.311346514560389,"PPT","curr.feb"
"FRNI",0.184814971393034,FALSE,-0.0285969683137026,0.396354337992322,"PPT","curr.mar"
"FRNI",0.307577648699331,TRUE,0.0840133685910068,0.483749053825348,"PPT","curr.apr"
"FRNI",0.1111686341343,FALSE,-0.108340062249687,0.333711732479591,"PPT","curr.may"
"FRNI",0.078129366442638,FALSE,-0.0967954414869416,0.266138010373256,"PPT","curr.jun"
"FRNI",-0.0525050466002367,FALSE,-0.240132257452455,0.119429032121136,"PPT","curr.jul"
"FRNI",0.149753064360487,FALSE,-0.00935382915854377,0.295094679532975,"PPT","curr.aug"
"JUNI",-0.0498183264860804,FALSE,-0.246271639511461,0.133600658727125,"Tmin","prev.apr"
"JUNI",0.0151628768287178,FALSE,-0.206591250385739,0.244930730843333,"Tmin","prev.may"
"JUNI",0.0219490343815995,FALSE,-0.193930922877001,0.262082728627387,"Tmin","prev.jun"
"JUNI",0.160937710134482,FALSE,-0.0626968829902614,0.332398917806832,"Tmin","prev.jul"
"JUNI",0.0214405156274309,FALSE,-0.184462689038694,0.227609216290772,"Tmin","prev.aug"
"JUNI",-0.111366840842846,FALSE,-0.348960240595483,0.131193728835563,"Tmin","prev.sep"
"JUNI",0.00433200384683357,FALSE,-0.207370015749856,0.203588706476467,"Tmin","prev.oct"
"JUNI",0.0337126956370507,FALSE,-0.173580937800749,0.233575295460277,"Tmin","prev.nov"
"JUNI",0.0946067374887846,FALSE,-0.10687703597603,0.293688951484047,"Tmin","prev.dec"
"JUNI",0.152382145121082,FALSE,-0.0493437434492319,0.326567107477512,"Tmin","curr.jan"
"JUNI",0.119087072415997,FALSE,-0.105930637277209,0.31892634069544,"Tmin","curr.feb"
"JUNI",-0.065145668298585,FALSE,-0.304403256846261,0.156827063740244,"Tmin","curr.mar"
"JUNI",0.0473186514899342,FALSE,-0.172241939752497,0.278210491395623,"Tmin","curr.apr"
"JUNI",-0.0277081694805288,FALSE,-0.256673576939837,0.177576437858535,"Tmin","curr.may"
"JUNI",0.0604685302380459,FALSE,-0.16801661630414,0.272280158940196,"Tmin","curr.jun"
"JUNI",0.0370512149346534,FALSE,-0.203137764794464,0.252716765580993,"Tmin","curr.jul"
"JUNI",-0.00665350982094527,FALSE,-0.220859229050213,0.20958933035222,"Tmin","curr.aug"
"JUNI",-0.0726901668600457,FALSE,-0.272961353686899,0.142217040814638,"Tmean","prev.apr"
"JUNI",0.0588162672259182,FALSE,-0.198887586009564,0.2959262062965,"Tmean","prev.may"
"JUNI",0.0589291973364022,FALSE,-0.144964226071058,0.256943221549603,"Tmean","prev.jun"
"JUNI",0.246910876064191,TRUE,0.0555443608862822,0.426907652809491,"Tmean","prev.jul"
"JUNI",0.0384424236342767,FALSE,-0.174890993944266,0.216409225549972,"Tmean","prev.aug"
"JUNI",-0.0946402672002721,FALSE,-0.366224695364508,0.145559874105929,"Tmean","prev.sep"
"JUNI",0.0215638593293872,FALSE,-0.183493951655967,0.234617181148426,"Tmean","prev.oct"
"JUNI",-0.00838363516786569,FALSE,-0.213058281989846,0.201451365157249,"Tmean","prev.nov"
"JUNI",0.0364111587409867,FALSE,-0.157201173590059,0.260180285286885,"Tmean","prev.dec"
"JUNI",0.130301849812724,FALSE,-0.0688111877028772,0.316563004936478,"Tmean","curr.jan"
"JUNI",0.0876085749200507,FALSE,-0.149477237792661,0.291003266685563,"Tmean","curr.feb"
"JUNI",-0.159000006028147,FALSE,-0.377252179333541,0.0681532472933772,"Tmean","curr.mar"
"JUNI",0.107602582528515,FALSE,-0.140244242973699,0.323283758537,"Tmean","curr.apr"
"JUNI",-0.0168211672333701,FALSE,-0.2399667552106,0.180920272357863,"Tmean","curr.may"
"JUNI",0.0108956193245427,FALSE,-0.190397846657436,0.218056764159872,"Tmean","curr.jun"
"JUNI",-0.0806152064277734,FALSE,-0.314707981359207,0.173128287134956,"Tmean","curr.jul"
"JUNI",-0.122748278463812,FALSE,-0.328692700348797,0.0929719876871673,"Tmean","curr.aug"
"JUNI",-0.082015900151424,FALSE,-0.296364425475556,0.136150700308453,"Tmax","prev.apr"
"JUNI",0.0808963855006555,FALSE,-0.154536183028327,0.335326842425559,"Tmax","prev.may"
"JUNI",0.0836588272040058,FALSE,-0.0997793298521114,0.266557264983745,"Tmax","prev.jun"
"JUNI",0.260011402186118,TRUE,0.0674900759299944,0.445402996135124,"Tmax","prev.jul"
"JUNI",0.0470244539733671,FALSE,-0.169225032021577,0.257383637698355,"Tmax","prev.aug"
"JUNI",-0.0599426480445631,FALSE,-0.284673916508718,0.180634776866749,"Tmax","prev.sep"
"JUNI",0.0400951231432093,FALSE,-0.184793717457364,0.238429445238458,"Tmax","prev.oct"
"JUNI",-0.0435580135265933,FALSE,-0.258200298701666,0.170813899414275,"Tmax","prev.nov"
"JUNI",-0.00669219747398635,FALSE,-0.24564276140155,0.222167544084285,"Tmax","prev.dec"
"JUNI",0.113195828622362,FALSE,-0.10525829558586,0.31254449488216,"Tmax","curr.jan"
"JUNI",0.0493427581614437,FALSE,-0.178534497927701,0.272914091917813,"Tmax","curr.feb"
"JUNI",-0.230411843211814,TRUE,-0.44393291746681,-0.0101388415203248,"Tmax","curr.mar"
"JUNI",0.119313002828739,FALSE,-0.0997798888735468,0.342539903347519,"Tmax","curr.apr"
"JUNI",-0.0176197258258051,FALSE,-0.219636812167722,0.193929099750041,"Tmax","curr.may"
"JUNI",-0.0256273770615773,FALSE,-0.231830991655533,0.178039720691729,"Tmax","curr.jun"
"JUNI",-0.134960528287672,FALSE,-0.380830544936792,0.110319567130956,"Tmax","curr.jul"
"JUNI",-0.195334807597867,FALSE,-0.383069693058824,0.0100692534587886,"Tmax","curr.aug"
"JUNI",-0.0630183327432704,FALSE,-0.249806857340206,0.139565071215917,"PPT","prev.apr"
"JUNI",-0.022383507101111,FALSE,-0.24093062179019,0.174625491955539,"PPT","prev.may"
"JUNI",-0.0684570237130992,FALSE,-0.275506393631548,0.152913811628894,"PPT","prev.jun"
"JUNI",-0.166377148275981,FALSE,-0.416815608088437,0.0865299815072758,"PPT","prev.jul"
"JUNI",0.0202845170247767,FALSE,-0.180201583068872,0.199607793488571,"PPT","prev.aug"
"JUNI",0.0326788959510786,FALSE,-0.188359400452211,0.240020278357959,"PPT","prev.sep"
"JUNI",-0.124334246171295,FALSE,-0.343422238726276,0.124376562310887,"PPT","prev.oct"
"JUNI",0.0684529011778451,FALSE,-0.175578860999601,0.310814973205713,"PPT","prev.nov"
"JUNI",0.0435841114747459,FALSE,-0.190049893801175,0.256301220462857,"PPT","prev.dec"
"JUNI",-0.0738047557855535,FALSE,-0.290523294159754,0.161315048836017,"PPT","curr.jan"
"JUNI",-0.0839400113586617,FALSE,-0.244425919969081,0.130188907713195,"PPT","curr.feb"
"JUNI",0.0439744153997886,FALSE,-0.17642327862249,0.243153100401754,"PPT","curr.mar"
"JUNI",0.035370861912591,FALSE,-0.163148779344979,0.232256522134521,"PPT","curr.apr"
"JUNI",0.151357480039955,FALSE,-0.0896939161970344,0.358894015421202,"PPT","curr.may"
"JUNI",0.14369859925305,FALSE,-0.0421139500424239,0.329135970959603,"PPT","curr.jun"
"JUNI",0.301658340100129,TRUE,0.120430482094458,0.451285503012537,"PPT","curr.jul"
"JUNI",0.256167993864082,TRUE,0.0779917985082089,0.41628805539858,"PPT","curr.aug"
"LITU",0.0234664221308034,FALSE,-0.16104702504665,0.203137436076685,"Tmin","prev.apr"
"LITU",-0.0443198612478358,FALSE,-0.282774659424051,0.216685603256422,"Tmin","prev.may"
"LITU",0.0311300957614185,FALSE,-0.196451819895772,0.269132142127354,"Tmin","prev.jun"
"LITU",-0.0548972879013283,FALSE,-0.248912471373855,0.13859317971235,"Tmin","prev.jul"
"LITU",0.0303084705618088,FALSE,-0.186724078390985,0.269936851038379,"Tmin","prev.aug"
"LITU",0.0699266988131327,FALSE,-0.165719159056985,0.319223921440861,"Tmin","prev.sep"
"LITU",0.0200591536032109,FALSE,-0.17486351411125,0.22183769672377,"Tmin","prev.oct"
"LITU",-0.0206915454288505,FALSE,-0.175427132753682,0.166326026706759,"Tmin","prev.nov"
"LITU",0.0421252400943313,FALSE,-0.179098813192075,0.265541558270564,"Tmin","prev.dec"
"LITU",0.0873262350615127,FALSE,-0.122565617156458,0.287591880476601,"Tmin","curr.jan"
"LITU",-0.064198803652089,FALSE,-0.255339790536356,0.134086811870546,"Tmin","curr.feb"
"LITU",-0.0208534265124039,FALSE,-0.281692935085759,0.231471062584478,"Tmin","curr.mar"
"LITU",0.0838661062629245,FALSE,-0.126808022717003,0.290310174576707,"Tmin","curr.apr"
"LITU",-0.192319591679529,TRUE,-0.374396512676616,-0.0192507491193523,"Tmin","curr.may"
"LITU",-0.125827736742679,FALSE,-0.323579365278234,0.0938518458081477,"Tmin","curr.jun"
"LITU",-0.00751703125663263,FALSE,-0.24366832136335,0.220131258493697,"Tmin","curr.jul"
"LITU",0.0193073626144621,FALSE,-0.163288345835566,0.194518943947725,"Tmin","curr.aug"
"LITU",0.0583080897050184,FALSE,-0.112676249534511,0.235139099043082,"Tmean","prev.apr"
"LITU",0.00700923457129891,FALSE,-0.230358001818624,0.25706284155414,"Tmean","prev.may"
"LITU",0.0229910497528363,FALSE,-0.193049102195501,0.264946045710243,"Tmean","prev.jun"
"LITU",-0.104669609154603,FALSE,-0.272158994248501,0.0665818069921907,"Tmean","prev.jul"
"LITU",-0.0311297167870151,FALSE,-0.272238845904197,0.21063273125869,"Tmean","prev.aug"
"LITU",-0.0233411029250924,FALSE,-0.26402555304628,0.221225557137656,"Tmean","prev.sep"
"LITU",0.047650851425242,FALSE,-0.158672868912857,0.247863485638104,"Tmean","prev.oct"
"LITU",-0.134725643534963,FALSE,-0.306973781387156,0.069809672863842,"Tmean","prev.nov"
"LITU",0.000759768277057571,FALSE,-0.237801375031462,0.247350936700974,"Tmean","prev.dec"
"LITU",0.0588961307077872,FALSE,-0.155622879171419,0.27086752608262,"Tmean","curr.jan"
"LITU",-0.107295236598687,FALSE,-0.311836925407396,0.0960622988908128,"Tmean","curr.feb"
"LITU",-0.0843720659353213,FALSE,-0.323274806224178,0.179745967476962,"Tmean","curr.mar"
"LITU",0.126953030025671,FALSE,-0.0831038626447442,0.344470749618356,"Tmean","curr.apr"
"LITU",-0.248325482818112,TRUE,-0.431205316193879,-0.0692237639858929,"Tmean","curr.may"
"LITU",-0.210543974470697,TRUE,-0.378261991760935,-0.0165399031367617,"Tmean","curr.jun"
"LITU",-0.14632460968013,FALSE,-0.405798859158378,0.110850074957855,"Tmean","curr.jul"
"LITU",-0.127925725052354,FALSE,-0.321175776310128,0.0584084350505023,"Tmean","curr.aug"
"LITU",0.0645973674481653,FALSE,-0.110416183175052,0.243039821019933,"Tmax","prev.apr"
"LITU",0.0614314045763339,FALSE,-0.184503001593226,0.3125690160784,"Tmax","prev.may"
"LITU",0.0184235804736424,FALSE,-0.227593363366909,0.237462987779987,"Tmax","prev.jun"
"LITU",-0.11414369107692,FALSE,-0.279848136954485,0.0368702962205503,"Tmax","prev.jul"
"LITU",-0.0931412791890522,FALSE,-0.304695266896102,0.134479966739954,"Tmax","prev.aug"
"LITU",-0.103356044758921,FALSE,-0.32693064080856,0.126151529641433,"Tmax","prev.sep"
"LITU",0.055985817044191,FALSE,-0.181607153709555,0.256720487006175,"Tmax","prev.oct"
"LITU",-0.207875434075775,TRUE,-0.407177080177597,-0.00517289830060789,"Tmax","prev.nov"
"LITU",-0.0415231617972166,FALSE,-0.274538400878482,0.198434686686672,"Tmax","prev.dec"
"LITU",0.0145166489397702,FALSE,-0.195775266742957,0.226947021450711,"Tmax","curr.jan"
"LITU",-0.140829564069344,FALSE,-0.336902342048115,0.0665057624163129,"Tmax","curr.feb"
"LITU",-0.105069018713273,FALSE,-0.364986020022834,0.155122813542233,"Tmax","curr.mar"
"LITU",0.151629700721837,FALSE,-0.0720832940625188,0.350767640147777,"Tmax","curr.apr"
"LITU",-0.250991619019269,TRUE,-0.425482528094662,-0.0787388161300314,"Tmax","curr.may"
"LITU",-0.243898537013424,TRUE,-0.407628456878733,-0.0674535791678345,"Tmax","curr.jun"
"LITU",-0.22831580411627,FALSE,-0.460871082862573,0.0239703979724954,"Tmax","curr.jul"
"LITU",-0.233783779590005,TRUE,-0.41551460169241,-0.00483081042905606,"Tmax","curr.aug"
"LITU",-0.135209435195638,FALSE,-0.328257253704479,0.0699567842174921,"PPT","prev.apr"
"LITU",-0.06010857667708,FALSE,-0.274047926182699,0.147733165238527,"PPT","prev.may"
"LITU",0.0716456439934549,FALSE,-0.13639379292211,0.270994016159172,"PPT","prev.jun"
"LITU",0.0693007950247027,FALSE,-0.198615936027088,0.300922500139166,"PPT","prev.jul"
"LITU",0.144519665339783,FALSE,-0.0624157884456001,0.305210230797399,"PPT","prev.aug"
"LITU",0.113424289255978,FALSE,-0.0412919297593289,0.265229357025628,"PPT","prev.sep"
"LITU",-0.0161098312762311,FALSE,-0.240260561907256,0.23811339875687,"PPT","prev.oct"
"LITU",0.0152397448050818,FALSE,-0.229394970312053,0.246358448613493,"PPT","prev.nov"
"LITU",0.112845952395513,FALSE,-0.133722773237909,0.340630991555165,"PPT","prev.dec"
"LITU",-0.102700330398758,FALSE,-0.357275754639543,0.110689646639531,"PPT","curr.jan"
"LITU",-0.0648603561959276,FALSE,-0.258317721488132,0.124062981954156,"PPT","curr.feb"
"LITU",-0.0265966877794972,FALSE,-0.313605361892383,0.256314485363516,"PPT","curr.mar"
"LITU",0.0873240793767478,FALSE,-0.0964026128913516,0.278315069774177,"PPT","curr.apr"
"LITU",0.283555498713277,TRUE,0.0838722495786801,0.467172604840013,"PPT","curr.may"
"LITU",0.326401118129298,TRUE,0.131321576266618,0.491101236880909,"PPT","curr.jun"
"LITU",0.281446467517314,TRUE,0.0711414209445392,0.46179051828494,"PPT","curr.jul"
"LITU",0.245607380054624,TRUE,0.0456924487065434,0.410366784574122,"PPT","curr.aug"
"PIST",0.00832193655187129,FALSE,-0.18727228000633,0.213737130116482,"Tmin","prev.apr"
"PIST",-0.15700103799361,FALSE,-0.397367527612301,0.091492250019865,"Tmin","prev.may"
"PIST",0.000115464188242076,FALSE,-0.202397546043292,0.204482087246554,"Tmin","prev.jun"
"PIST",0.0523489856075883,FALSE,-0.18943467056438,0.288254142368868,"Tmin","prev.jul"
"PIST",-0.0510280756860108,FALSE,-0.234483007596204,0.123058772286597,"Tmin","prev.aug"
"PIST",-0.129213387836689,FALSE,-0.337499296650162,0.080858139122848,"Tmin","prev.sep"
"PIST",-0.0428381642665516,FALSE,-0.250559031497057,0.170849484049321,"Tmin","prev.oct"
"PIST",-0.0786365152247795,FALSE,-0.310934291234274,0.148881225603439,"Tmin","prev.nov"
"PIST",-0.0383225480113874,FALSE,-0.231344641715942,0.150847317171108,"Tmin","prev.dec"
"PIST",-0.170447288705269,FALSE,-0.362549209959932,0.0527551054584411,"Tmin","curr.jan"
"PIST",0.00408657075866173,FALSE,-0.259006067272022,0.236619936540237,"Tmin","curr.feb"
"PIST",0.136039664272301,FALSE,-0.075840523970587,0.334001790561292,"Tmin","curr.mar"
"PIST",0.122616122435558,FALSE,-0.101501559873369,0.32983311617404,"Tmin","curr.apr"
"PIST",0.0392392274508984,FALSE,-0.172110265833498,0.244339148040928,"Tmin","curr.may"
"PIST",-0.00656679805753408,FALSE,-0.226941892790687,0.232474602845635,"Tmin","curr.jun"
"PIST",-0.318937186674613,TRUE,-0.508246910732981,-0.104977745275206,"Tmin","curr.jul"
"PIST",0.19998048287911,TRUE,0.0391394965428417,0.364967502467631,"Tmin","curr.aug"
"PIST",-0.0162823685366418,FALSE,-0.227177658775765,0.176476035907285,"Tmean","prev.apr"
"PIST",-0.133372154287241,FALSE,-0.368704442086158,0.134400182989166,"Tmean","prev.may"
"PIST",0.0356393137804943,FALSE,-0.148239953067453,0.206615939847731,"Tmean","prev.jun"
"PIST",0.0881880293351532,FALSE,-0.16267918817969,0.319341021561392,"Tmean","prev.jul"
"PIST",-0.00152925237651506,FALSE,-0.1777092361031,0.183356554772647,"Tmean","prev.aug"
"PIST",-0.180948428700709,FALSE,-0.421617573083843,0.0615403125062243,"Tmean","prev.sep"
"PIST",0.0113077289272404,FALSE,-0.205118363197333,0.21309511536686,"Tmean","prev.oct"
"PIST",0.00230266705320211,FALSE,-0.226981202542855,0.21733057846436,"Tmean","prev.nov"
"PIST",-0.0563221117538717,FALSE,-0.247951377845552,0.134767230963714,"Tmean","prev.dec"
"PIST",-0.158297944786524,FALSE,-0.385023618101946,0.0446868658151343,"Tmean","curr.jan"
"PIST",0.0531675914949001,FALSE,-0.186445116747512,0.279034672116885,"Tmean","curr.feb"
"PIST",0.139173190427828,FALSE,-0.0564068907883444,0.326757767201627,"Tmean","curr.mar"
"PIST",0.177720925677854,FALSE,-0.0300793909415374,0.384842495327855,"Tmean","curr.apr"
"PIST",0.0221617707432088,FALSE,-0.17511585317379,0.236214543496744,"Tmean","curr.may"
"PIST",-0.0686310664447919,FALSE,-0.27981133748896,0.125385790905916,"Tmean","curr.jun"
"PIST",-0.339104455492568,TRUE,-0.557252822426816,-0.0861746697835688,"Tmean","curr.jul"
"PIST",0.0857304980240126,FALSE,-0.106803993265388,0.288837216364159,"Tmean","curr.aug"
"PIST",-0.0303543579652219,FALSE,-0.235634401700371,0.163005422079552,"Tmax","prev.apr"
"PIST",-0.0915370512502924,FALSE,-0.3163249127289,0.142948148166665,"Tmax","prev.may"
"PIST",0.0535255968107002,FALSE,-0.147202311486246,0.254164642937429,"Tmax","prev.jun"
"PIST",0.0950786822423886,FALSE,-0.164300882190657,0.341546495208509,"Tmax","prev.jul"
"PIST",0.0398353620279624,FALSE,-0.185107000415071,0.255235084484007,"Tmax","prev.aug"
"PIST",-0.173695740715164,FALSE,-0.422298994348088,0.0812439220424864,"Tmax","prev.sep"
"PIST",0.0411678134738231,FALSE,-0.181658548635472,0.269429336794691,"Tmax","prev.oct"
"PIST",0.0764737465713888,FALSE,-0.154110970774601,0.284874391896363,"Tmax","prev.nov"
"PIST",-0.0667598441051529,FALSE,-0.257701448940223,0.140106395276504,"Tmax","prev.dec"
"PIST",-0.148254446760976,FALSE,-0.357024550261351,0.0731550682585648,"Tmax","curr.jan"
"PIST",0.0942523434617493,FALSE,-0.132140552748275,0.31546695956892,"Tmax","curr.feb"
"PIST",0.133179008083486,FALSE,-0.0683893921371077,0.327128070981143,"Tmax","curr.mar"
"PIST",0.198457862341556,FALSE,-0.0338954503995264,0.407424560736103,"Tmax","curr.apr"
"PIST",0.0152388425756106,FALSE,-0.178592721520895,0.224399319257276,"Tmax","curr.may"
"PIST",-0.115436094078046,FALSE,-0.304631156561168,0.0969985984288627,"Tmax","curr.jun"
"PIST",-0.284755675693318,TRUE,-0.517060190588792,-0.0126022342529163,"Tmax","curr.jul"
"PIST",-0.0429071038216205,FALSE,-0.265752437983577,0.183210364562233,"Tmax","curr.aug"
"PIST",-0.00681585256444766,FALSE,-0.173339285461292,0.165288168803616,"PPT","prev.apr"
"PIST",-0.00945400356262754,FALSE,-0.21559955865215,0.187291318216729,"PPT","prev.may"
"PIST",-0.0689533277419578,FALSE,-0.270411618824569,0.141746741883264,"PPT","prev.jun"
"PIST",0.0629597382337894,FALSE,-0.154593185275257,0.284543854540879,"PPT","prev.jul"
"PIST",-0.0239698468895211,FALSE,-0.262244914845139,0.182159028647852,"PPT","prev.aug"
"PIST",0.261241273293794,TRUE,0.0428197265605106,0.455399657060578,"PPT","prev.sep"
"PIST",0.0514169980401243,FALSE,-0.133421176532563,0.243894992964123,"PPT","prev.oct"
"PIST",-0.133885402843819,FALSE,-0.333954419066693,0.0683739494011806,"PPT","prev.nov"
"PIST",-0.0462471381165219,FALSE,-0.23077474051529,0.173576308725682,"PPT","prev.dec"
"PIST",-0.227781720325126,TRUE,-0.443605903853963,-0.0372153001632968,"PPT","curr.jan"
"PIST",-0.0926433840372026,FALSE,-0.263525535194339,0.0899685052378003,"PPT","curr.feb"
"PIST",-0.0738986303466491,FALSE,-0.270084783366828,0.125190621724987,"PPT","curr.mar"
"PIST",-0.0703426390250556,FALSE,-0.265112114573718,0.114522281053437,"PPT","curr.apr"
"PIST",0.0663506179548555,FALSE,-0.145381232228901,0.268053081022605,"PPT","curr.may"
"PIST",0.0997542382908532,FALSE,-0.124333714941958,0.297560549526302,"PPT","curr.jun"
"PIST",0.135978078712125,FALSE,-0.0336393461294902,0.29358378618166,"PPT","curr.jul"
"PIST",0.149549193881106,FALSE,-0.11106375272999,0.338493017541035,"PPT","curr.aug"
"QUAL",0.0241922756348135,FALSE,-0.199887370640306,0.252177655908737,"Tmin","prev.apr"
"QUAL",-0.115554162864344,FALSE,-0.307996494497107,0.107915535201031,"Tmin","prev.may"
"QUAL",0.0453142499123838,FALSE,-0.167708830228532,0.286565381547303,"Tmin","prev.jun"
"QUAL",0.0336634786827977,FALSE,-0.195953598035982,0.259837382826818,"Tmin","prev.jul"
"QUAL",0.120164563540076,FALSE,-0.110101711916163,0.341622447297549,"Tmin","prev.aug"
"QUAL",0.0168592618993267,FALSE,-0.20119177383669,0.218108839340522,"Tmin","prev.sep"
"QUAL",-0.0343154417212853,FALSE,-0.209142025196525,0.149825614825509,"Tmin","prev.oct"
"QUAL",-0.0722582091276989,FALSE,-0.314391425884779,0.171282409789892,"Tmin","prev.nov"
"QUAL",-0.0450092356133512,FALSE,-0.257984047850056,0.181666214016052,"Tmin","prev.dec"
"QUAL",-0.033819034611924,FALSE,-0.257529387544458,0.21466613866281,"Tmin","curr.jan"
"QUAL",-0.0513120113123505,FALSE,-0.283887645103382,0.18647459934009,"Tmin","curr.feb"
"QUAL",0.0335628196194242,FALSE,-0.220752709869269,0.278906681565884,"Tmin","curr.mar"
"QUAL",0.0882222674896587,FALSE,-0.127667012201755,0.279680218060404,"Tmin","curr.apr"
"QUAL",-0.261708757416319,TRUE,-0.450621674036838,-0.0466974437866415,"Tmin","curr.may"
"QUAL",-0.153603466750788,FALSE,-0.384137664734729,0.102121778202853,"Tmin","curr.jun"
"QUAL",-0.041226144295485,FALSE,-0.279369807926766,0.192889499828045,"Tmin","curr.jul"
"QUAL",0.0301550698917976,FALSE,-0.205443930699787,0.256104178545281,"Tmin","curr.aug"
"QUAL",-0.025866636551042,FALSE,-0.256947435684762,0.193316636368482,"Tmean","prev.apr"
"QUAL",0.0109280842472721,FALSE,-0.192947920381948,0.214949905976897,"Tmean","prev.may"
"QUAL",0.12668092751258,FALSE,-0.0833915996552354,0.322471976255238,"Tmean","prev.jun"
"QUAL",0.143885262721266,FALSE,-0.0506920199155752,0.334602480617776,"Tmean","prev.jul"
"QUAL",0.105417798543942,FALSE,-0.141642032635542,0.343874052580165,"Tmean","prev.aug"
"QUAL",-0.0760142498804856,FALSE,-0.279610747686264,0.122132000554537,"Tmean","prev.sep"
"QUAL",-0.0430496127385044,FALSE,-0.262491771345619,0.184981000634258,"Tmean","prev.oct"
"QUAL",-0.142723448690877,FALSE,-0.384697732806699,0.104191829698041,"Tmean","prev.nov"
"QUAL",-0.0949760940514554,FALSE,-0.311518224136425,0.13162496220206,"Tmean","prev.dec"
"QUAL",-0.0576805370262885,FALSE,-0.262312498910944,0.175673056924241,"Tmean","curr.jan"
"QUAL",-0.0669114136730541,FALSE,-0.305424655262583,0.181066169233162,"Tmean","curr.feb"
"QUAL",-0.0145571088463699,FALSE,-0.261788144595831,0.228304787180349,"Tmean","curr.mar"
"QUAL",0.133598825591624,FALSE,-0.101468187800363,0.355672377254837,"Tmean","curr.apr"
"QUAL",-0.251476107001437,TRUE,-0.459233061128704,-0.023164622901655,"Tmean","curr.may"
"QUAL",-0.143949987991717,FALSE,-0.386345152274607,0.0848580821555894,"Tmean","curr.jun"
"QUAL",-0.112564973951217,FALSE,-0.399067892185583,0.160039185497524,"Tmean","curr.jul"
"QUAL",-0.0824119800866477,FALSE,-0.289917529990372,0.157923997905921,"Tmean","curr.aug"
"QUAL",-0.0554461288471108,FALSE,-0.284406196352324,0.163835287271494,"Tmax","prev.apr"
"QUAL",0.101298576218492,FALSE,-0.114539355304436,0.31589443209091,"Tmax","prev.may"
"QUAL",0.157148401588371,FALSE,-0.0401513961626878,0.352152752191479,"Tmax","prev.jun"
"QUAL",0.2024784133614,FALSE,-0.0203549279399561,0.387756623798379,"Tmax","prev.jul"
"QUAL",0.0787514112090635,FALSE,-0.161224522671559,0.335554918970424,"Tmax","prev.aug"
"QUAL",-0.128850348195984,FALSE,-0.323523698360865,0.0722180096365871,"Tmax","prev.sep"
"QUAL",-0.047882128627679,FALSE,-0.276378990716246,0.210647766775007,"Tmax","prev.oct"
"QUAL",-0.170564426960353,FALSE,-0.422151725982242,0.0864006004841146,"Tmax","prev.nov"
"QUAL",-0.12718901116498,FALSE,-0.341612335972993,0.0983062674124019,"Tmax","prev.dec"
"QUAL",-0.0582701087516772,FALSE,-0.295780186937744,0.177129952921667,"Tmax","curr.jan"
"QUAL",-0.0868322550840159,FALSE,-0.325545540037203,0.16336672821137,"Tmax","curr.feb"
"QUAL",-0.0415820531553172,FALSE,-0.27844120520629,0.20919436163785,"Tmax","curr.mar"
"QUAL",0.129452316796071,FALSE,-0.126996332441903,0.352023356857849,"Tmax","curr.apr"
"QUAL",-0.233259544943191,TRUE,-0.442193571489416,-0.00245094370565297,"Tmax","curr.may"
"QUAL",-0.108099919107789,FALSE,-0.300111256057724,0.0955989356567832,"Tmax","curr.jun"
"QUAL",-0.154271835089896,FALSE,-0.398753771662921,0.122589558923006,"Tmax","curr.jul"
"QUAL",-0.171335805288967,FALSE,-0.365314023789504,0.0350974698878358,"Tmax","curr.aug"
"QUAL",0.0763181340788863,FALSE,-0.11367913955616,0.249880081587354,"PPT","prev.apr"
"QUAL",-0.215711857182705,FALSE,-0.397850127048569,0.0119928572023635,"PPT","prev.may"
"QUAL",-0.131061908412569,FALSE,-0.333436543592981,0.090183699622407,"PPT","prev.jun"
"QUAL",-0.127500338785286,FALSE,-0.344943723327011,0.0842543458981777,"PPT","prev.jul"
"QUAL",0.0618009219566319,FALSE,-0.155319164462851,0.248428478583465,"PPT","prev.aug"
"QUAL",0.110940748830536,FALSE,-0.0700326075650951,0.290921362986033,"PPT","prev.sep"
"QUAL",-0.141778307484847,FALSE,-0.35644647528266,0.149580910671014,"PPT","prev.oct"
"QUAL",0.0357349767482453,FALSE,-0.183577337585648,0.227973848019141,"PPT","prev.nov"
"QUAL",0.0051629834529212,FALSE,-0.210359273573847,0.184739126213986,"PPT","prev.dec"
"QUAL",-0.127872022434704,FALSE,-0.396708984633391,0.14636019348654,"PPT","curr.jan"
"QUAL",0.0461852847564989,FALSE,-0.170178672056781,0.244977447957885,"PPT","curr.feb"
"QUAL",0.0501786906363269,FALSE,-0.135557405530379,0.222490784545519,"PPT","curr.mar"
"QUAL",-0.0362698718838879,FALSE,-0.256050582862937,0.180009554988752,"PPT","curr.apr"
"QUAL",0.115286447791223,FALSE,-0.114531559656554,0.321206114289166,"PPT","curr.may"
"QUAL",0.105488886125216,FALSE,-0.0517386018422911,0.292813496374532,"PPT","curr.jun"
"QUAL",0.219533459755134,FALSE,-0.0422865965955736,0.451258968371012,"PPT","curr.jul"
"QUAL",0.382356430900356,TRUE,0.157532972379331,0.552804603040683,"PPT","curr.aug"
"QUPR",0.0935172862442415,FALSE,-0.117244473443941,0.280481409391933,"Tmin","prev.apr"
"QUPR",0.050928348085231,FALSE,-0.166323224761161,0.248675528483245,"Tmin","prev.may"
"QUPR",0.0355526014576205,FALSE,-0.192170633443072,0.261055287372983,"Tmin","prev.jun"
"QUPR",0.0783669033308725,FALSE,-0.173210565778582,0.315004515168642,"Tmin","prev.jul"
"QUPR",-0.0112942660371862,FALSE,-0.33701150375186,0.292832911934711,"Tmin","prev.aug"
"QUPR",0.041447885385856,FALSE,-0.18574329952374,0.244612307532852,"Tmin","prev.sep"
"QUPR",-0.116178734550361,FALSE,-0.274781979893725,0.0552995851026783,"Tmin","prev.oct"
"QUPR",-0.0262254695470392,FALSE,-0.315950917548652,0.240557880535344,"Tmin","prev.nov"
"QUPR",-0.0274849962372162,FALSE,-0.26279918148085,0.212905025668081,"Tmin","prev.dec"
"QUPR",-0.0618709760837948,FALSE,-0.324808284405252,0.238054173213519,"Tmin","curr.jan"
"QUPR",0.00158179042702634,FALSE,-0.25967925051404,0.219450973730003,"Tmin","curr.feb"
"QUPR",0.0067494882761313,FALSE,-0.246763468513944,0.258705336023103,"Tmin","curr.mar"
"QUPR",-0.0539574705880464,FALSE,-0.235588419746123,0.143984166804296,"Tmin","curr.apr"
"QUPR",-0.209108414186462,TRUE,-0.376877513155269,-0.0305652585890636,"Tmin","curr.may"
"QUPR",-0.029544646421928,FALSE,-0.271556664184353,0.182625090366193,"Tmin","curr.jun"
"QUPR",6.73058558032082e-05,FALSE,-0.235060799158411,0.214764370768505,"Tmin","curr.jul"
"QUPR",0.00819764164949582,FALSE,-0.216659001665071,0.25237144227601,"Tmin","curr.aug"
"QUPR",0.0723419998764683,FALSE,-0.138162237924431,0.267805276936196,"Tmean","prev.apr"
"QUPR",0.200450467039689,FALSE,-0.00496961721625155,0.387027616434498,"Tmean","prev.may"
"QUPR",0.110291920115372,FALSE,-0.113045139384328,0.318850653593785,"Tmean","prev.jun"
"QUPR",0.191696305140787,FALSE,-0.0282722770745273,0.381222827943194,"Tmean","prev.jul"
"QUPR",0.0484075057894498,FALSE,-0.267754206736112,0.298263127597235,"Tmean","prev.aug"
"QUPR",0.000153427020811652,FALSE,-0.202864588939259,0.182200634755159,"Tmean","prev.sep"
"QUPR",-0.0755178801909759,FALSE,-0.300023836521428,0.174917465068334,"Tmean","prev.oct"
"QUPR",-0.095519996711667,FALSE,-0.370217712491649,0.212568935386814,"Tmean","prev.nov"
"QUPR",-0.0656029862685431,FALSE,-0.300526129050739,0.169764039270521,"Tmean","prev.dec"
"QUPR",-0.0765114296863876,FALSE,-0.325195443611178,0.204099612101631,"Tmean","curr.jan"
"QUPR",-0.0491737171716943,FALSE,-0.292264302435778,0.169646782271671,"Tmean","curr.feb"
"QUPR",-0.0439176527339092,FALSE,-0.317041685164289,0.226636105492812,"Tmean","curr.mar"
"QUPR",-0.0636255660781239,FALSE,-0.264955091444367,0.166331728297473,"Tmean","curr.apr"
"QUPR",-0.232096685586895,TRUE,-0.387045914897406,-0.0506888627356489,"Tmean","curr.may"
"QUPR",-0.0190699461437735,FALSE,-0.263943146917049,0.191943845298784,"Tmean","curr.jun"
"QUPR",-0.0114741094895184,FALSE,-0.262636582647567,0.218973379078916,"Tmean","curr.jul"
"QUPR",-0.0944189662519971,FALSE,-0.298366910605547,0.141021577997753,"Tmean","curr.aug"
"QUPR",0.051544487166388,FALSE,-0.185825450162552,0.255756035463694,"Tmax","prev.apr"
"QUPR",0.303654551881161,TRUE,0.107533231204149,0.475243167959967,"Tmax","prev.may"
"QUPR",0.146050801524294,FALSE,-0.0410919101616905,0.341101854338696,"Tmax","prev.jun"
"QUPR",0.234544010580261,TRUE,0.0337027820491034,0.402149445207956,"Tmax","prev.jul"
"QUPR",0.0986731090439224,FALSE,-0.148948765286434,0.314894798335489,"Tmax","prev.aug"
"QUPR",-0.026967990409165,FALSE,-0.219258523014267,0.15926251374351,"Tmax","prev.sep"
"QUPR",-0.0163318210202152,FALSE,-0.298604119278546,0.28433530454524,"Tmax","prev.oct"
"QUPR",-0.150317668394246,FALSE,-0.407386361117073,0.149366100711851,"Tmax","prev.nov"
"QUPR",-0.0993840580943499,FALSE,-0.318155210368542,0.156827884237863,"Tmax","prev.dec"
"QUPR",-0.085904735089393,FALSE,-0.329516230896808,0.199598772045589,"Tmax","curr.jan"
"QUPR",-0.0867563320519564,FALSE,-0.322624121493217,0.142872986486532,"Tmax","curr.feb"
"QUPR",-0.0703351021198748,FALSE,-0.327129818373166,0.216128972150362,"Tmax","curr.mar"
"QUPR",-0.058332002355166,FALSE,-0.281507743783625,0.167640351496708,"Tmax","curr.apr"
"QUPR",-0.219870029218138,TRUE,-0.384833529988375,-0.0304534350719621,"Tmax","curr.may"
"QUPR",0.00234576400062099,FALSE,-0.237275636807391,0.208393459359437,"Tmax","curr.jun"
"QUPR",-0.0159689592345617,FALSE,-0.261860074320812,0.227251692680041,"Tmax","curr.jul"
"QUPR",-0.156016739558889,FALSE,-0.349528571219175,0.0781223212320956,"Tmax","curr.aug"
"QUPR",0.00983643114397258,FALSE,-0.22231072224735,0.234055390966583,"PPT","prev.apr"
"QUPR",-0.346828199060093,TRUE,-0.528646938262523,-0.153256160776734,"PPT","prev.may"
"QUPR",-0.107428058048405,FALSE,-0.284758047556182,0.0607842039887912,"PPT","prev.jun"
"QUPR",-0.159033139853479,FALSE,-0.386145333139585,0.064980950331121,"PPT","prev.jul"
"QUPR",0.0290855900131874,FALSE,-0.219907894523864,0.255906749075897,"PPT","prev.aug"
"QUPR",-0.0124286464116462,FALSE,-0.214398489189598,0.177274303183156,"PPT","prev.sep"
"QUPR",-0.234691779092256,FALSE,-0.487590054579021,0.0268718096104591,"PPT","prev.oct"
"QUPR",0.11185036423257,FALSE,-0.120633593685362,0.312519998917826,"PPT","prev.nov"
"QUPR",9.70085222238455e-05,FALSE,-0.227540689792097,0.21433135480569,"PPT","prev.dec"
"QUPR",-0.0217695122681576,FALSE,-0.267306865060224,0.250991469557551,"PPT","curr.jan"
"QUPR",0.13224415822763,FALSE,-0.113581986092189,0.325853340238065,"PPT","curr.feb"
"QUPR",0.0194857381916737,FALSE,-0.183691783535849,0.202279066846576,"PPT","curr.mar"
"QUPR",0.123572441274733,FALSE,-0.114457135208055,0.318226229104127,"PPT","curr.apr"
"QUPR",0.119501581859334,FALSE,-0.0976220154347187,0.337445945819191,"PPT","curr.may"
"QUPR",0.0769158022742673,FALSE,-0.145676085560534,0.270266724678918,"PPT","curr.jun"
"QUPR",0.18761056767025,FALSE,-0.0636126992461838,0.410493472820607,"PPT","curr.jul"
"QUPR",0.230861842370135,TRUE,0.0134268274031394,0.421456553336764,"PPT","curr.aug"
"QURU",0.0804508422141662,FALSE,-0.1250600508156,0.278307863834525,"Tmin","prev.apr"
"QURU",0.0459924622334199,FALSE,-0.184632655057515,0.241207875577088,"Tmin","prev.may"
"QURU",-0.0360027970191466,FALSE,-0.291122855249137,0.219835284233782,"Tmin","prev.jun"
"QURU",0.00916132570290607,FALSE,-0.215806649903293,0.218738930681357,"Tmin","prev.jul"
"QURU",0.12068110766316,FALSE,-0.119189499924149,0.326086877808784,"Tmin","prev.aug"
"QURU",-0.0538372237682335,FALSE,-0.288478442211467,0.153365441244605,"Tmin","prev.sep"
"QURU",-0.0462334129886802,FALSE,-0.214640490652631,0.147513310753569,"Tmin","prev.oct"
"QURU",-0.0239382935433169,FALSE,-0.311795838392684,0.222209621420366,"Tmin","prev.nov"
"QURU",-0.148536914762493,FALSE,-0.352387627350931,0.0977622547692297,"Tmin","prev.dec"
"QURU",-0.0831044221737011,FALSE,-0.313614622094573,0.153746846967906,"Tmin","curr.jan"
"QURU",-0.0958173683858364,FALSE,-0.320629583416036,0.151384925512649,"Tmin","curr.feb"
"QURU",-0.0878308451664256,FALSE,-0.297134279872254,0.157092500675682,"Tmin","curr.mar"
"QURU",0.111366134216856,FALSE,-0.0875017702167128,0.302114025573433,"Tmin","curr.apr"
"QURU",-0.256177265022373,TRUE,-0.450448397522083,-0.0291651888945804,"Tmin","curr.may"
"QURU",-0.105968352810148,FALSE,-0.316724283324752,0.107494895648163,"Tmin","curr.jun"
"QURU",-0.0555279741884152,FALSE,-0.239133949443433,0.133678840565133,"Tmin","curr.jul"
"QURU",0.0541877253194409,FALSE,-0.135868031137647,0.250077894262585,"Tmin","curr.aug"
"QURU",0.0650838096874908,FALSE,-0.125659395125911,0.255608791390452,"Tmean","prev.apr"
"QURU",0.133598219723682,FALSE,-0.0927603468553413,0.327958538415992,"Tmean","prev.may"
"QURU",-0.0107115332630855,FALSE,-0.265349931633301,0.23690267722591,"Tmean","prev.jun"
"QURU",0.103819440523264,FALSE,-0.138416344316897,0.333188571988378,"Tmean","prev.jul"
"QURU",0.142570992456541,FALSE,-0.0552156726996497,0.324770121321913,"Tmean","prev.aug"
"QURU",-0.123088381493554,FALSE,-0.322374228919501,0.0965183087650467,"Tmean","prev.sep"
"QURU",-0.0578429881478668,FALSE,-0.278936200328519,0.158104351370898,"Tmean","prev.oct"
"QURU",-0.105276899724577,FALSE,-0.378347638503057,0.168590855369514,"Tmean","prev.nov"
"QURU",-0.194250563209723,FALSE,-0.393392864466484,0.0315597984611908,"Tmean","prev.dec"
"QURU",-0.108990134074717,FALSE,-0.316085176951346,0.11277696363407,"Tmean","curr.jan"
"QURU",-0.140593494504238,FALSE,-0.371347481746355,0.114849007277574,"Tmean","curr.feb"
"QURU",-0.137440963516051,FALSE,-0.353345479559747,0.0853093630591283,"Tmean","curr.mar"
"QURU",0.109135240361165,FALSE,-0.102984447788145,0.309349081260623,"Tmean","curr.apr"
"QURU",-0.282838993698211,TRUE,-0.476937380859965,-0.0552034181746164,"Tmean","curr.may"
"QURU",-0.110569744715172,FALSE,-0.311079540407335,0.0947566591745142,"Tmean","curr.jun"
"QURU",-0.201057061681069,FALSE,-0.39235321632889,0.00616007099800688,"Tmean","curr.jul"
"QURU",-0.0366899620123177,FALSE,-0.251207372020486,0.171666614271137,"Tmean","curr.aug"
"QURU",0.0554369215361738,FALSE,-0.154809962843874,0.249085609880823,"Tmax","prev.apr"
"QURU",0.191692358238772,FALSE,-0.0223186993913755,0.38830814193812,"Tmax","prev.may"
"QURU",0.00429123106978027,FALSE,-0.202112964621961,0.225691875041426,"Tmax","prev.jun"
"QURU",0.149332779686909,FALSE,-0.099437426025792,0.379910428730119,"Tmax","prev.jul"
"QURU",0.122781130203683,FALSE,-0.092191758676854,0.323148529548454,"Tmax","prev.aug"
"QURU",-0.14192546508893,FALSE,-0.334074628697294,0.0391360676361779,"Tmax","prev.sep"
"QURU",-0.0576409960502121,FALSE,-0.31354655917151,0.186367930976398,"Tmax","prev.oct"
"QURU",-0.138210449181263,FALSE,-0.398987268746844,0.111295571234043,"Tmax","prev.nov"
"QURU",-0.210623059872181,TRUE,-0.40690943001445,-0.0165189278055721,"Tmax","prev.dec"
"QURU",-0.122555101372483,FALSE,-0.328878384297058,0.0972925100613381,"Tmax","curr.jan"
"QURU",-0.181240505937072,FALSE,-0.421002538245683,0.071108150012207,"Tmax","curr.feb"
"QURU",-0.174555077327547,FALSE,-0.391988809586609,0.0740282620317813,"Tmax","curr.mar"
"QURU",0.087699367215404,FALSE,-0.120718224693407,0.280282084120138,"Tmax","curr.apr"
"QURU",-0.270735574957,TRUE,-0.452313661147088,-0.0617442463544306,"Tmax","curr.may"
"QURU",-0.0874979749517869,FALSE,-0.297555841216466,0.130834748428539,"Tmax","curr.jun"
"QURU",-0.265709439625645,TRUE,-0.452487300472938,-0.0689717262261376,"Tmax","curr.jul"
"QURU",-0.117461877381576,FALSE,-0.317353185622404,0.0920434296338323,"Tmax","curr.aug"
"QURU",-0.026576883788671,FALSE,-0.246541815107256,0.194181289738345,"PPT","prev.apr"
"QURU",-0.261733712427569,TRUE,-0.436061869210506,-0.0471612245138824,"PPT","prev.may"
"QURU",-0.0262157440382196,FALSE,-0.225642483870134,0.166022983354045,"PPT","prev.jun"
"QURU",-0.268836727223304,TRUE,-0.475679621753213,-0.0394396155844138,"PPT","prev.jul"
"QURU",0.0486280663864443,FALSE,-0.243952682895655,0.319398876268802,"PPT","prev.aug"
"QURU",-0.00374657293563346,FALSE,-0.237889919962107,0.215054532684657,"PPT","prev.sep"
"QURU",-0.115458151686679,FALSE,-0.349003778218124,0.18112885301715,"PPT","prev.oct"
"QURU",0.0592514511120159,FALSE,-0.189669246477029,0.275761927688013,"PPT","prev.nov"
"QURU",0.135833461487228,FALSE,-0.0961164046938419,0.345741556311256,"PPT","prev.dec"
"QURU",0.0283462502715726,FALSE,-0.216254692131229,0.257483771499982,"PPT","curr.jan"
"QURU",0.137633306227964,FALSE,-0.0836035615175958,0.326974977303809,"PPT","curr.feb"
"QURU",0.105847915653691,FALSE,-0.114876648638192,0.291432164861815,"PPT","curr.mar"
"QURU",0.0310817100939607,FALSE,-0.166921438746092,0.228771456891327,"PPT","curr.apr"
"QURU",0.0404468833864564,FALSE,-0.210691298816897,0.269173753930862,"PPT","curr.may"
"QURU",0.0798492221823506,FALSE,-0.103033240374622,0.287542029854079,"PPT","curr.jun"
"QURU",0.352508405020576,TRUE,0.0994042150602344,0.534318788164411,"PPT","curr.jul"
"QURU",0.242433742223863,TRUE,0.0738402651005439,0.378494294876373,"PPT","curr.aug"
"QUVE",0.0758187439259632,FALSE,-0.126189553287126,0.26047878755856,"Tmin","prev.apr"
"QUVE",-0.0349395044554741,FALSE,-0.261601186565044,0.187184989339404,"Tmin","prev.may"
"QUVE",0.0204927310364776,FALSE,-0.207404063105689,0.273550047288449,"Tmin","prev.jun"
"QUVE",-0.0386009753080793,FALSE,-0.254655878437307,0.1954313866869,"Tmin","prev.jul"
"QUVE",0.0900337665191811,FALSE,-0.0979960466439669,0.303380815957645,"Tmin","prev.aug"
"QUVE",-0.141187121648477,FALSE,-0.36403925070254,0.0721043801358238,"Tmin","prev.sep"
"QUVE",-0.0295094811824359,FALSE,-0.202268248474728,0.155375256494426,"Tmin","prev.oct"
"QUVE",0.0235602155731766,FALSE,-0.273388313162067,0.297377051475968,"Tmin","prev.nov"
"QUVE",-0.210564769810704,FALSE,-0.415792086831495,0.0298163768435472,"Tmin","prev.dec"
"QUVE",-0.0539590272395056,FALSE,-0.296847927818127,0.209269691266381,"Tmin","curr.jan"
"QUVE",-0.069580343695463,FALSE,-0.288415489299695,0.18439493877236,"Tmin","curr.feb"
"QUVE",-0.0484041381130744,FALSE,-0.254909590425344,0.154304632630604,"Tmin","curr.mar"
"QUVE",0.0522529987117219,FALSE,-0.148068440229724,0.257055809819745,"Tmin","curr.apr"
"QUVE",-0.0980300852272637,FALSE,-0.298793635854852,0.103386153666318,"Tmin","curr.may"
"QUVE",0.0480893660867883,FALSE,-0.172043452558312,0.269050689100097,"Tmin","curr.jun"
"QUVE",-0.0243103387936132,FALSE,-0.207735527189165,0.158280464322342,"Tmin","curr.jul"
"QUVE",-0.00769542479281391,FALSE,-0.193497607267386,0.162766663976896,"Tmin","curr.aug"
"QUVE",0.100206679234401,FALSE,-0.0805415103178494,0.2862372364666,"Tmean","prev.apr"
"QUVE",0.0353629026298332,FALSE,-0.220255675579841,0.255341245024512,"Tmean","prev.may"
"QUVE",0.00465872771218809,FALSE,-0.208979244687665,0.242280711668095,"Tmean","prev.jun"
"QUVE",-0.0951794483421164,FALSE,-0.355917756403142,0.167344428312151,"Tmean","prev.jul"
"QUVE",0.0225334945654322,FALSE,-0.191539652170918,0.228023664745676,"Tmean","prev.aug"
"QUVE",-0.252221483037526,TRUE,-0.447495069771305,-0.0183678789225149,"Tmean","prev.sep"
"QUVE",-0.0576304709444203,FALSE,-0.286352099050037,0.148793543126079,"Tmean","prev.oct"
"QUVE",-0.0594747137614735,FALSE,-0.369845800210811,0.24300996931452,"Tmean","prev.nov"
"QUVE",-0.24987891531218,TRUE,-0.473115294010789,-0.0226042506479047,"Tmean","prev.dec"
"QUVE",-0.0698284475974395,FALSE,-0.317044924935392,0.185258479171979,"Tmean","curr.jan"
"QUVE",-0.139963969165018,FALSE,-0.375369852036515,0.092184730073046,"Tmean","curr.feb"
"QUVE",-0.084557913097572,FALSE,-0.303135605671566,0.121433197684482,"Tmean","curr.mar"
"QUVE",0.0621668964350807,FALSE,-0.135427292100626,0.26248170965097,"Tmean","curr.apr"
"QUVE",-0.125279293969115,FALSE,-0.341271616873586,0.062886216721608,"Tmean","curr.may"
"QUVE",0.00529888466366029,FALSE,-0.233385561661963,0.199434039158465,"Tmean","curr.jun"
"QUVE",-0.183244449582454,FALSE,-0.375282998463062,0.00919202667556828,"Tmean","curr.jul"
"QUVE",-0.0787125515052665,FALSE,-0.266134484442656,0.113952470737657,"Tmean","curr.aug"
"QUVE",0.0962079968033313,FALSE,-0.102391275276941,0.273860867401969,"Tmax","prev.apr"
"QUVE",0.0958192536830304,FALSE,-0.15444244905133,0.291319651667305,"Tmax","prev.may"
"QUVE",0.00457601284416118,FALSE,-0.203294137964939,0.20332756734766,"Tmax","prev.jun"
"QUVE",-0.107307776087506,FALSE,-0.363893183501643,0.146484292526071,"Tmax","prev.jul"
"QUVE",-0.0485161938192437,FALSE,-0.263360309129846,0.162928246881805,"Tmax","prev.aug"
"QUVE",-0.2738407422196,TRUE,-0.479066952800316,-0.0440704349871911,"Tmax","prev.sep"
"QUVE",-0.0689643154053958,FALSE,-0.344033198483661,0.205280947205338,"Tmax","prev.oct"
"QUVE",-0.119082873644636,FALSE,-0.42203626138009,0.158666533315358,"Tmax","prev.nov"
"QUVE",-0.276950808330127,TRUE,-0.462329458819976,-0.0583486664857326,"Tmax","prev.dec"
"QUVE",-0.086268277640607,FALSE,-0.318083642468929,0.151165691038025,"Tmax","curr.jan"
"QUVE",-0.184583648890847,FALSE,-0.406338211310072,0.054060343894021,"Tmax","curr.feb"
"QUVE",-0.113414833207406,FALSE,-0.354632733272299,0.130619676325683,"Tmax","curr.mar"
"QUVE",0.0604295433145273,FALSE,-0.147547131013993,0.268319942253904,"Tmax","curr.apr"
"QUVE",-0.132578269288192,FALSE,-0.338346537339159,0.0592825744285012,"Tmax","curr.may"
"QUVE",-0.0496270107264347,FALSE,-0.268975875808387,0.13591496412996,"Tmax","curr.jun"
"QUVE",-0.271821639656074,TRUE,-0.437296578704863,-0.0671417952673905,"Tmax","curr.jul"
"QUVE",-0.119998222560135,FALSE,-0.310705404343617,0.105774294151543,"Tmax","curr.aug"
"QUVE",-0.124129101008427,FALSE,-0.328862511502338,0.0938719907243779,"PPT","prev.apr"
"QUVE",-0.163341548883916,FALSE,-0.363399043076276,0.049629362517122,"PPT","prev.may"
"QUVE",-0.0454035182595945,FALSE,-0.284379127011175,0.206072212551643,"PPT","prev.jun"
"QUVE",0.0199660155210704,FALSE,-0.219766043115497,0.249811260386421,"PPT","prev.jul"
"QUVE",0.129240116979711,FALSE,-0.133791919841512,0.343645769904718,"PPT","prev.aug"
"QUVE",-0.00822692653294221,FALSE,-0.256650370369805,0.233961142685814,"PPT","prev.sep"
"QUVE",-0.159804046613302,FALSE,-0.379884175708222,0.102563582360163,"PPT","prev.oct"
"QUVE",0.106837892762207,FALSE,-0.122801751742222,0.332615734690518,"PPT","prev.nov"
"QUVE",0.138645992510277,FALSE,-0.0891941253182791,0.352535800112988,"PPT","prev.dec"
"QUVE",0.114485964111876,FALSE,-0.0944288638539385,0.299365685270503,"PPT","curr.jan"
"QUVE",0.0552857256435003,FALSE,-0.158319784847569,0.260690658625095,"PPT","curr.feb"
"QUVE",0.0307350830972072,FALSE,-0.187938734304464,0.205530355561371,"PPT","curr.mar"
"QUVE",0.00638416770304077,FALSE,-0.202417953949696,0.220503548124946,"PPT","curr.apr"
"QUVE",0.0629615109092296,FALSE,-0.167124199458733,0.268973502731551,"PPT","curr.may"
"QUVE",0.229587164833086,FALSE,-0.000300089997029947,0.430047080155457,"PPT","curr.jun"
"QUVE",0.341784881674617,TRUE,0.133289544716846,0.498605526700647,"PPT","curr.jul"
"QUVE",0.119072153378572,FALSE,-0.0746124327131697,0.31280867560353,"PPT","curr.aug"
